candidates=510 kept=400 median_sharpness=45.4 p10=10.4
heldout=5
+ colmap feature_extractor --database_path /home/kiranriya0990/hn3d_work/room/colmap/database.db --image_path /home/kiranriya0990/hn3d_work/room/images --ImageReader.camera_model OPENCV --ImageReader.single_camera_per_folder 1 --SiftExtraction.max_num_features 12000 --SiftExtraction.num_threads 12 --SiftExtraction.use_gpu 0
I20261008 10:18:30.975325   693 misc.cc:44] 
==============================================================================
Feature extraction
==============================================================================
I20261008 10:18:30.978036   706 sift.cc:727] Creating SIFT CPU feature extractor
I20261008 10:18:30.978070   707 sift.cc:727] Creating SIFT CPU feature extractor
I20261008 10:18:30.978376   708 sift.cc:727] Creating SIFT CPU feature extractor
I20261008 10:18:30.978389   709 sift.cc:727] Creating SIFT CPU feature extractor
I20261008 10:18:30.978509   710 sift.cc:727] Creating SIFT CPU feature extractor
I20261008 10:18:30.978595   711 sift.cc:727] Creating SIFT CPU feature extractor
I20261008 10:18:30.978706   712 sift.cc:727] Creating SIFT CPU feature extractor
I20261008 10:18:30.978776   713 sift.cc:727] Creating SIFT CPU feature extractor
I20261008 10:18:30.978857   714 sift.cc:727] Creating SIFT CPU feature extractor
I20261008 10:18:30.978955   715 sift.cc:727] Creating SIFT CPU feature extractor
I20261008 10:18:30.979046   716 sift.cc:727] Creating SIFT CPU feature extractor
I20261008 10:18:30.979148   717 sift.cc:727] Creating SIFT CPU feature extractor
I20261008 10:18:34.678479   718 feature_extraction.cc:259] Processed file [1/405]
I20261008 10:18:35.253011   718 feature_extraction.cc:262]   Name:            train/frame_0001.jpg
I20261008 10:18:35.254218   718 feature_extraction.cc:271]   Dimensions:      1600 x 900
I20261008 10:18:35.255298   718 feature_extraction.cc:274]   Camera:          #2 - OPENCV
I20261008 10:18:35.256181   718 feature_extraction.cc:277]   Focal Length:    1920.00px
I20261008 10:18:35.260488   718 feature_extraction.cc:281]   Features:        1832
I20261008 10:18:35.267531   718 feature_extraction.cc:259] Processed file [2/405]
I20261008 10:18:35.268657   718 feature_extraction.cc:262]   Name:            train/frame_0000.jpg
I20261008 10:18:35.269424   718 feature_extraction.cc:271]   Dimensions:      1600 x 900
I20261008 10:18:35.274514   718 feature_extraction.cc:274]   Camera:          #2 - OPENCV
I20261008 10:18:35.275573   718 feature_extraction.cc:277]   Focal Length:    1920.00px
I20261008 10:18:35.276191   718 feature_extraction.cc:281]   Features:        1624
I20261008 10:18:36.261695   718 feature_extraction.cc:259] Processed file [3/405]
I20261008 10:18:36.263844   718 feature_extraction.cc:262]   Name:            train/frame_0007.jpg
I20261008 10:18:36.265249   718 feature_extraction.cc:271]   Dimensions:      1600 x 900
I20261008 10:18:36.266170   718 feature_extraction.cc:274]   Camera:          #2 - OPENCV
I20261008 10:18:36.267580   718 feature_extraction.cc:277]   Focal Length:    1920.00px
I20261008 10:18:36.268919   718 feature_extraction.cc:281]   Features:        2014
I20261008 10:18:36.401643   718 feature_extraction.cc:259] Processed file [4/405]
I20261008 10:18:36.403426   718 feature_extraction.cc:262]   Name:            train/frame_0008.jpg
I20261008 10:18:36.404742   718 feature_extraction.cc:271]   Dimensions:      1600 x 900
I20261008 10:18:36.407241   718 feature_extraction.cc:274]   Camera:          #2 - OPENCV
I20261008 10:18:36.410660   718 feature_extraction.cc:277]   Focal Length:    1920.00px
I20261008 10:18:36.416004   718 feature_extraction.cc:281]   Features:        1951
I20261008 10:18:37.565196   718 feature_extraction.cc:259] Processed file [5/405]
I20261008 10:18:37.569859   718 feature_extraction.cc:262]   Name:            train/frame_0003.jpg
I20261008 10:18:37.570906   718 feature_extraction.cc:271]   Dimensions:      1600 x 900
I20261008 10:18:37.571687   718 feature_extraction.cc:274]   Camera:          #2 - OPENCV
I20261008 10:18:37.573304   718 feature_extraction.cc:277]   Focal Length:    1920.00px
I20261008 10:18:37.574131   718 feature_extraction.cc:281]   Features:        1580
I20261008 10:18:37.645841   718 feature_extraction.cc:259] Processed file [6/405]
I20261008 10:18:37.647253   718 feature_extraction.cc:262]   Name:            train/frame_0004.jpg
I20261008 10:18:37.648000   718 feature_extraction.cc:271]   Dimensions:      1600 x 900
I20261008 10:18:37.648833   718 feature_extraction.cc:274]   Camera:          #2 - OPENCV
I20261008 10:18:37.649477   718 feature_extraction.cc:277]   Focal Length:    1920.00px
I20261008 10:18:37.674101   718 feature_extraction.cc:281]   Features:        1953
I20261008 10:18:37.863739   718 feature_extraction.cc:259] Processed file [7/405]
I20261008 10:18:37.864760   718 feature_extraction.cc:262]   Name:            train/frame_0002.jpg
I20261008 10:18:37.865373   718 feature_extraction.cc:271]   Dimensions:      1600 x 900
I20261008 10:18:37.865811   718 feature_extraction.cc:274]   Camera:          #2 - OPENCV
I20261008 10:18:37.866432   718 feature_extraction.cc:277]   Focal Length:    1920.00px
I20261008 10:18:37.867233   718 feature_extraction.cc:281]   Features:        1829
I20261008 10:18:37.893950   718 feature_extraction.cc:259] Processed file [8/405]
I20261008 10:18:37.895298   718 feature_extraction.cc:262]   Name:            train/frame_0006.jpg
I20261008 10:18:37.897760   718 feature_extraction.cc:271]   Dimensions:      1600 x 900
I20261008 10:18:37.899283   718 feature_extraction.cc:274]   Camera:          #2 - OPENCV
I20261008 10:18:37.900503   718 feature_extraction.cc:277]   Focal Length:    1920.00px
I20261008 10:18:37.901309   718 feature_extraction.cc:281]   Features:        1855
I20261008 10:18:37.931664   718 feature_extraction.cc:259] Processed file [9/405]
I20261008 10:18:37.933059   718 feature_extraction.cc:262]   Name:            train/frame_0005.jpg
I20261008 10:18:37.934121   718 feature_extraction.cc:271]   Dimensions:      1600 x 900
I20261008 10:18:37.935035   718 feature_extraction.cc:274]   Camera:          #2 - OPENCV
I20261008 10:18:37.935433   718 feature_extraction.cc:277]   Focal Length:    1920.00px
I20261008 10:18:37.936138   718 feature_extraction.cc:281]   Features:        1792
I20261008 10:18:40.021238   718 feature_extraction.cc:259] Processed file [10/405]
I20261008 10:18:40.023494   718 feature_extraction.cc:262]   Name:            heldout/heldout_photo_3.jpg
I20261008 10:18:40.024544   718 feature_extraction.cc:271]   Dimensions:      1200 x 1600
I20261008 10:18:40.025657   718 feature_extraction.cc:274]   Camera:          #1 - OPENCV
I20261008 10:18:40.026641   718 feature_extraction.cc:277]   Focal Length:    1920.00px
I20261008 10:18:40.027343   718 feature_extraction.cc:281]   Features:        4898
I20261008 10:18:40.318984   718 feature_extraction.cc:259] Processed file [11/405]
I20261008 10:18:40.320928   718 feature_extraction.cc:262]   Name:            heldout/heldout_photo_5.jpg
I20261008 10:18:40.322221   718 feature_extraction.cc:271]   Dimensions:      1200 x 1600
I20261008 10:18:40.322710   718 feature_extraction.cc:274]   Camera:          #1 - OPENCV
I20261008 10:18:40.323184   718 feature_extraction.cc:277]   Focal Length:    1920.00px
I20261008 10:18:40.323640   718 feature_extraction.cc:281]   Features:        7765
I20261008 10:18:40.533756   718 feature_extraction.cc:259] Processed file [12/405]
I20261008 10:18:40.534801   718 feature_extraction.cc:262]   Name:            heldout/heldout_photo_2.jpg
I20261008 10:18:40.535429   718 feature_extraction.cc:271]   Dimensions:      1200 x 1600
I20261008 10:18:40.536573   718 feature_extraction.cc:274]   Camera:          #1 - OPENCV
I20261008 10:18:40.537422   718 feature_extraction.cc:277]   Focal Length:    1920.00px
I20261008 10:18:40.538009   718 feature_extraction.cc:281]   Features:        5122
I20261008 10:18:40.589041   718 feature_extraction.cc:259] Processed file [13/405]
I20261008 10:18:40.589952   718 feature_extraction.cc:262]   Name:            heldout/heldout_photo_4.jpg
I20261008 10:18:40.590837   718 feature_extraction.cc:271]   Dimensions:      1200 x 1600
I20261008 10:18:40.591655   718 feature_extraction.cc:274]   Camera:          #1 - OPENCV
I20261008 10:18:40.592535   718 feature_extraction.cc:277]   Focal Length:    1920.00px
I20261008 10:18:40.593153   718 feature_extraction.cc:281]   Features:        5240
I20261008 10:18:40.676005   718 feature_extraction.cc:259] Processed file [14/405]
I20261008 10:18:40.677071   718 feature_extraction.cc:262]   Name:            heldout/heldout_photo_1.jpg
I20261008 10:18:40.677810   718 feature_extraction.cc:271]   Dimensions:      1200 x 1600
I20261008 10:18:40.678318   718 feature_extraction.cc:274]   Camera:          #1 - OPENCV
I20261008 10:18:40.678984   718 feature_extraction.cc:277]   Focal Length:    1920.00px
I20261008 10:18:40.679746   718 feature_extraction.cc:281]   Features:        5306
I20261008 10:18:40.726014   718 feature_extraction.cc:259] Processed file [15/405]
I20261008 10:18:40.727036   718 feature_extraction.cc:262]   Name:            train/frame_0010.jpg
I20261008 10:18:40.727489   718 feature_extraction.cc:271]   Dimensions:      1600 x 900
I20261008 10:18:40.728042   718 feature_extraction.cc:274]   Camera:          #2 - OPENCV
I20261008 10:18:40.728682   718 feature_extraction.cc:277]   Focal Length:    1920.00px
I20261008 10:18:40.729305   718 feature_extraction.cc:281]   Features:        2022
I20261008 10:18:40.815052   718 feature_extraction.cc:259] Processed file [16/405]
I20261008 10:18:40.816174   718 feature_extraction.cc:262]   Name:            train/frame_0009.jpg
I20261008 10:18:40.817351   718 feature_extraction.cc:271]   Dimensions:      1600 x 900
I20261008 10:18:40.817961   718 feature_extraction.cc:274]   Camera:          #2 - OPENCV
I20261008 10:18:40.818737   718 feature_extraction.cc:277]   Focal Length:    1920.00px
I20261008 10:18:40.819088   718 feature_extraction.cc:281]   Features:        2027
I20261008 10:18:41.237591   718 feature_extraction.cc:259] Processed file [17/405]
I20261008 10:18:41.238819   718 feature_extraction.cc:262]   Name:            train/frame_0011.jpg
I20261008 10:18:41.239840   718 feature_extraction.cc:271]   Dimensions:      1600 x 900
I20261008 10:18:41.240605   718 feature_extraction.cc:274]   Camera:          #2 - OPENCV
I20261008 10:18:41.241106   718 feature_extraction.cc:277]   Focal Length:    1920.00px
I20261008 10:18:41.241848   718 feature_extraction.cc:281]   Features:        1991
I20261008 10:18:41.545540   718 feature_extraction.cc:259] Processed file [18/405]
I20261008 10:18:41.549232   718 feature_extraction.cc:262]   Name:            train/frame_0012.jpg
I20261008 10:18:41.550689   718 feature_extraction.cc:271]   Dimensions:      1600 x 900
I20261008 10:18:41.551477   718 feature_extraction.cc:274]   Camera:          #2 - OPENCV
I20261008 10:18:41.552027   718 feature_extraction.cc:277]   Focal Length:    1920.00px
I20261008 10:18:41.552654   718 feature_extraction.cc:281]   Features:        2011
I20261008 10:18:41.581465   718 feature_extraction.cc:259] Processed file [19/405]
I20261008 10:18:41.584386   718 feature_extraction.cc:262]   Name:            train/frame_0014.jpg
I20261008 10:18:41.585600   718 feature_extraction.cc:271]   Dimensions:      1600 x 900
I20261008 10:18:41.587759   718 feature_extraction.cc:274]   Camera:          #2 - OPENCV
I20261008 10:18:41.589185   718 feature_extraction.cc:277]   Focal Length:    1920.00px
I20261008 10:18:41.589866   718 feature_extraction.cc:281]   Features:        2520
I20261008 10:18:41.762387   718 feature_extraction.cc:259] Processed file [20/405]
I20261008 10:18:41.765173   718 feature_extraction.cc:262]   Name:            train/frame_0015.jpg
I20261008 10:18:41.767112   718 feature_extraction.cc:271]   Dimensions:      1600 x 900
I20261008 10:18:41.768148   718 feature_extraction.cc:274]   Camera:          #2 - OPENCV
I20261008 10:18:41.768697   718 feature_extraction.cc:277]   Focal Length:    1920.00px
I20261008 10:18:41.769162   718 feature_extraction.cc:281]   Features:        2013
I20261008 10:18:41.922154   718 feature_extraction.cc:259] Processed file [21/405]
I20261008 10:18:41.923691   718 feature_extraction.cc:262]   Name:            train/frame_0013.jpg
I20261008 10:18:41.925120   718 feature_extraction.cc:271]   Dimensions:      1600 x 900
I20261008 10:18:41.925979   718 feature_extraction.cc:274]   Camera:          #2 - OPENCV
I20261008 10:18:41.926493   718 feature_extraction.cc:277]   Focal Length:    1920.00px
I20261008 10:18:41.927187   718 feature_extraction.cc:281]   Features:        2401
I20261008 10:18:42.622663   718 feature_extraction.cc:259] Processed file [22/405]
I20261008 10:18:42.625699   718 feature_extraction.cc:262]   Name:            train/frame_0021.jpg
I20261008 10:18:42.626631   718 feature_extraction.cc:271]   Dimensions:      1600 x 900
I20261008 10:18:42.627297   718 feature_extraction.cc:274]   Camera:          #2 - OPENCV
I20261008 10:18:42.628002   718 feature_extraction.cc:277]   Focal Length:    1920.00px
I20261008 10:18:42.629043   718 feature_extraction.cc:281]   Features:        1543
I20261008 10:18:43.036845   718 feature_extraction.cc:259] Processed file [23/405]
I20261008 10:18:43.040472   718 feature_extraction.cc:262]   Name:            train/frame_0022.jpg
I20261008 10:18:43.041981   718 feature_extraction.cc:271]   Dimensions:      1600 x 900
I20261008 10:18:43.042694   718 feature_extraction.cc:274]   Camera:          #2 - OPENCV
I20261008 10:18:43.043536   718 feature_extraction.cc:277]   Focal Length:    1920.00px
I20261008 10:18:43.046309   718 feature_extraction.cc:281]   Features:        1675
I20261008 10:18:43.413056   718 feature_extraction.cc:259] Processed file [24/405]
I20261008 10:18:43.416203   718 feature_extraction.cc:262]   Name:            train/frame_0023.jpg
I20261008 10:18:43.419301   718 feature_extraction.cc:271]   Dimensions:      1600 x 900
I20261008 10:18:43.421120   718 feature_extraction.cc:274]   Camera:          #2 - OPENCV
I20261008 10:18:43.421924   718 feature_extraction.cc:277]   Focal Length:    1920.00px
I20261008 10:18:43.422775   718 feature_extraction.cc:281]   Features:        1643
I20261008 10:18:43.709038   718 feature_extraction.cc:259] Processed file [25/405]
I20261008 10:18:43.710615   718 feature_extraction.cc:262]   Name:            train/frame_0016.jpg
I20261008 10:18:43.713356   718 feature_extraction.cc:271]   Dimensions:      1600 x 900
I20261008 10:18:43.713981   718 feature_extraction.cc:274]   Camera:          #2 - OPENCV
I20261008 10:18:43.714489   718 feature_extraction.cc:277]   Focal Length:    1920.00px
I20261008 10:18:43.715174   718 feature_extraction.cc:281]   Features:        1643
I20261008 10:18:43.792806   718 feature_extraction.cc:259] Processed file [26/405]
I20261008 10:18:43.800473   718 feature_extraction.cc:262]   Name:            train/frame_0025.jpg
I20261008 10:18:43.801700   718 feature_extraction.cc:271]   Dimensions:      1600 x 900
I20261008 10:18:43.803846   718 feature_extraction.cc:274]   Camera:          #2 - OPENCV
I20261008 10:18:43.804651   718 feature_extraction.cc:277]   Focal Length:    1920.00px
I20261008 10:18:43.805775   718 feature_extraction.cc:281]   Features:        1462
I20261008 10:18:43.850589   718 feature_extraction.cc:259] Processed file [27/405]
I20261008 10:18:43.851804   718 feature_extraction.cc:262]   Name:            train/frame_0024.jpg
I20261008 10:18:43.853341   718 feature_extraction.cc:271]   Dimensions:      1600 x 900
I20261008 10:18:43.854260   718 feature_extraction.cc:274]   Camera:          #2 - OPENCV
I20261008 10:18:43.855012   718 feature_extraction.cc:277]   Focal Length:    1920.00px
I20261008 10:18:43.855549   718 feature_extraction.cc:281]   Features:        1674
I20261008 10:18:43.941601   718 feature_extraction.cc:259] Processed file [28/405]
I20261008 10:18:43.942880   718 feature_extraction.cc:262]   Name:            train/frame_0026.jpg
I20261008 10:18:43.943778   718 feature_extraction.cc:271]   Dimensions:      1600 x 900
I20261008 10:18:43.944434   718 feature_extraction.cc:274]   Camera:          #2 - OPENCV
I20261008 10:18:43.945501   718 feature_extraction.cc:277]   Focal Length:    1920.00px
I20261008 10:18:43.946165   718 feature_extraction.cc:281]   Features:        1558
I20261008 10:18:44.041499   718 feature_extraction.cc:259] Processed file [29/405]
I20261008 10:18:44.045926   718 feature_extraction.cc:262]   Name:            train/frame_0027.jpg
I20261008 10:18:44.047104   718 feature_extraction.cc:271]   Dimensions:      1600 x 900
I20261008 10:18:44.047912   718 feature_extraction.cc:274]   Camera:          #2 - OPENCV
I20261008 10:18:44.048590   718 feature_extraction.cc:277]   Focal Length:    1920.00px
I20261008 10:18:44.049268   718 feature_extraction.cc:281]   Features:        1099
I20261008 10:18:44.153071   718 feature_extraction.cc:259] Processed file [30/405]
I20261008 10:18:44.155019   718 feature_extraction.cc:262]   Name:            train/frame_0017.jpg
I20261008 10:18:44.156615   718 feature_extraction.cc:271]   Dimensions:      1600 x 900
I20261008 10:18:44.157372   718 feature_extraction.cc:274]   Camera:          #2 - OPENCV
I20261008 10:18:44.158111   718 feature_extraction.cc:277]   Focal Length:    1920.00px
I20261008 10:18:44.158633   718 feature_extraction.cc:281]   Features:        1393
I20261008 10:18:44.301846   718 feature_extraction.cc:259] Processed file [31/405]
I20261008 10:18:44.304396   718 feature_extraction.cc:262]   Name:            train/frame_0018.jpg
I20261008 10:18:44.305514   718 feature_extraction.cc:271]   Dimensions:      1600 x 900
I20261008 10:18:44.307838   718 feature_extraction.cc:274]   Camera:          #2 - OPENCV
I20261008 10:18:44.308650   718 feature_extraction.cc:277]   Focal Length:    1920.00px
I20261008 10:18:44.309309   718 feature_extraction.cc:281]   Features:        1659
I20261008 10:18:44.457482   718 feature_extraction.cc:259] Processed file [32/405]
I20261008 10:18:44.460171   718 feature_extraction.cc:262]   Name:            train/frame_0020.jpg
I20261008 10:18:44.461381   718 feature_extraction.cc:271]   Dimensions:      1600 x 900
I20261008 10:18:44.462213   718 feature_extraction.cc:274]   Camera:          #2 - OPENCV
I20261008 10:18:44.462837   718 feature_extraction.cc:277]   Focal Length:    1920.00px
I20261008 10:18:44.463323   718 feature_extraction.cc:281]   Features:        1747
I20261008 10:18:44.500851   718 feature_extraction.cc:259] Processed file [33/405]
I20261008 10:18:44.503530   718 feature_extraction.cc:262]   Name:            train/frame_0019.jpg
I20261008 10:18:44.505079   718 feature_extraction.cc:271]   Dimensions:      1600 x 900
I20261008 10:18:44.505934   718 feature_extraction.cc:274]   Camera:          #2 - OPENCV
I20261008 10:18:44.508095   718 feature_extraction.cc:277]   Focal Length:    1920.00px
I20261008 10:18:44.509604   718 feature_extraction.cc:281]   Features:        1620
I20261008 10:18:44.613377   718 feature_extraction.cc:259] Processed file [34/405]
I20261008 10:18:44.615149   718 feature_extraction.cc:262]   Name:            train/frame_0028.jpg
I20261008 10:18:44.616681   718 feature_extraction.cc:271]   Dimensions:      1600 x 900
I20261008 10:18:44.617833   718 feature_extraction.cc:274]   Camera:          #2 - OPENCV
I20261008 10:18:44.618515   718 feature_extraction.cc:277]   Focal Length:    1920.00px
I20261008 10:18:44.619410   718 feature_extraction.cc:281]   Features:        1284
I20261008 10:18:45.112560   718 feature_extraction.cc:259] Processed file [35/405]
I20261008 10:18:45.114166   718 feature_extraction.cc:262]   Name:            train/frame_0029.jpg
I20261008 10:18:45.115929   718 feature_extraction.cc:271]   Dimensions:      1600 x 900
I20261008 10:18:45.116803   718 feature_extraction.cc:274]   Camera:          #2 - OPENCV
I20261008 10:18:45.117578   718 feature_extraction.cc:277]   Focal Length:    1920.00px
I20261008 10:18:45.118177   718 feature_extraction.cc:281]   Features:        1703
I20261008 10:18:45.442929   718 feature_extraction.cc:259] Processed file [36/405]
I20261008 10:18:45.446401   718 feature_extraction.cc:262]   Name:            train/frame_0030.jpg
I20261008 10:18:45.449128   718 feature_extraction.cc:271]   Dimensions:      1600 x 900
I20261008 10:18:45.450800   718 feature_extraction.cc:274]   Camera:          #2 - OPENCV
I20261008 10:18:45.451666   718 feature_extraction.cc:277]   Focal Length:    1920.00px
I20261008 10:18:45.452514   718 feature_extraction.cc:281]   Features:        1458
I20261008 10:18:45.971048   718 feature_extraction.cc:259] Processed file [37/405]
I20261008 10:18:45.974639   718 feature_extraction.cc:262]   Name:            train/frame_0031.jpg
I20261008 10:18:45.976662   718 feature_extraction.cc:271]   Dimensions:      1600 x 900
I20261008 10:18:45.978034   718 feature_extraction.cc:274]   Camera:          #2 - OPENCV
I20261008 10:18:45.979066   718 feature_extraction.cc:277]   Focal Length:    1920.00px
I20261008 10:18:45.980191   718 feature_extraction.cc:281]   Features:        1958
I20261008 10:18:46.154241   718 feature_extraction.cc:259] Processed file [38/405]
I20261008 10:18:46.155460   718 feature_extraction.cc:262]   Name:            train/frame_0033.jpg
I20261008 10:18:46.156692   718 feature_extraction.cc:271]   Dimensions:      1600 x 900
I20261008 10:18:46.157984   718 feature_extraction.cc:274]   Camera:          #2 - OPENCV
I20261008 10:18:46.158640   718 feature_extraction.cc:277]   Focal Length:    1920.00px
I20261008 10:18:46.159178   718 feature_extraction.cc:281]   Features:        1744
I20261008 10:18:46.175382   718 feature_extraction.cc:259] Processed file [39/405]
I20261008 10:18:46.177594   718 feature_extraction.cc:262]   Name:            train/frame_0032.jpg
I20261008 10:18:46.179808   718 feature_extraction.cc:271]   Dimensions:      1600 x 900
I20261008 10:18:46.180439   718 feature_extraction.cc:274]   Camera:          #2 - OPENCV
I20261008 10:18:46.181337   718 feature_extraction.cc:277]   Focal Length:    1920.00px
I20261008 10:18:46.183013   718 feature_extraction.cc:281]   Features:        1777
I20261008 10:18:46.267201   718 feature_extraction.cc:259] Processed file [40/405]
I20261008 10:18:46.270473   718 feature_extraction.cc:262]   Name:            train/frame_0034.jpg
I20261008 10:18:46.271713   718 feature_extraction.cc:271]   Dimensions:      1600 x 900
I20261008 10:18:46.272750   718 feature_extraction.cc:274]   Camera:          #2 - OPENCV
I20261008 10:18:46.274008   718 feature_extraction.cc:277]   Focal Length:    1920.00px
I20261008 10:18:46.274852   718 feature_extraction.cc:281]   Features:        1547
I20261008 10:18:46.329188   718 feature_extraction.cc:259] Processed file [41/405]
I20261008 10:18:46.332074   718 feature_extraction.cc:262]   Name:            train/frame_0035.jpg
I20261008 10:18:46.334013   718 feature_extraction.cc:271]   Dimensions:      1600 x 900
I20261008 10:18:46.335017   718 feature_extraction.cc:274]   Camera:          #2 - OPENCV
I20261008 10:18:46.335901   718 feature_extraction.cc:277]   Focal Length:    1920.00px
I20261008 10:18:46.336655   718 feature_extraction.cc:281]   Features:        1511
I20261008 10:18:46.511318   718 feature_extraction.cc:259] Processed file [42/405]
I20261008 10:18:46.513826   718 feature_extraction.cc:262]   Name:            train/frame_0036.jpg
I20261008 10:18:46.515177   718 feature_extraction.cc:271]   Dimensions:      1600 x 900
I20261008 10:18:46.516101   718 feature_extraction.cc:274]   Camera:          #2 - OPENCV
I20261008 10:18:46.516779   718 feature_extraction.cc:277]   Focal Length:    1920.00px
I20261008 10:18:46.517311   718 feature_extraction.cc:281]   Features:        1398
I20261008 10:18:46.698980   718 feature_extraction.cc:259] Processed file [43/405]
I20261008 10:18:46.700889   718 feature_extraction.cc:262]   Name:            train/frame_0037.jpg
I20261008 10:18:46.704486   718 feature_extraction.cc:271]   Dimensions:      1600 x 900
I20261008 10:18:46.707450   718 feature_extraction.cc:274]   Camera:          #2 - OPENCV
I20261008 10:18:46.708303   718 feature_extraction.cc:277]   Focal Length:    1920.00px
I20261008 10:18:46.708959   718 feature_extraction.cc:281]   Features:        1447
I20261008 10:18:46.825892   718 feature_extraction.cc:259] Processed file [44/405]
I20261008 10:18:46.827478   718 feature_extraction.cc:262]   Name:            train/frame_0038.jpg
I20261008 10:18:46.829015   718 feature_extraction.cc:271]   Dimensions:      1600 x 900
I20261008 10:18:46.829623   718 feature_extraction.cc:274]   Camera:          #2 - OPENCV
I20261008 10:18:46.830725   718 feature_extraction.cc:277]   Focal Length:    1920.00px
I20261008 10:18:46.831525   718 feature_extraction.cc:281]   Features:        1308
I20261008 10:18:46.917712   718 feature_extraction.cc:259] Processed file [45/405]
I20261008 10:18:46.919363   718 feature_extraction.cc:262]   Name:            train/frame_0039.jpg
I20261008 10:18:46.920344   718 feature_extraction.cc:271]   Dimensions:      1600 x 900
I20261008 10:18:46.920990   718 feature_extraction.cc:274]   Camera:          #2 - OPENCV
I20261008 10:18:46.921703   718 feature_extraction.cc:277]   Focal Length:    1920.00px
I20261008 10:18:46.922655   718 feature_extraction.cc:281]   Features:        1588
I20261008 10:18:46.972078   718 feature_extraction.cc:259] Processed file [46/405]
I20261008 10:18:46.974040   718 feature_extraction.cc:262]   Name:            train/frame_0040.jpg
I20261008 10:18:46.975296   718 feature_extraction.cc:271]   Dimensions:      1600 x 900
I20261008 10:18:46.976105   718 feature_extraction.cc:274]   Camera:          #2 - OPENCV
I20261008 10:18:46.976613   718 feature_extraction.cc:277]   Focal Length:    1920.00px
I20261008 10:18:46.977564   718 feature_extraction.cc:281]   Features:        1616
I20261008 10:18:47.420481   718 feature_extraction.cc:259] Processed file [47/405]
I20261008 10:18:47.422300   718 feature_extraction.cc:262]   Name:            train/frame_0041.jpg
I20261008 10:18:47.423866   718 feature_extraction.cc:271]   Dimensions:      1600 x 900
I20261008 10:18:47.425813   718 feature_extraction.cc:274]   Camera:          #2 - OPENCV
I20261008 10:18:47.433832   718 feature_extraction.cc:277]   Focal Length:    1920.00px
I20261008 10:18:47.438503   718 feature_extraction.cc:281]   Features:        2145
I20261008 10:18:47.694662   718 feature_extraction.cc:259] Processed file [48/405]
I20261008 10:18:47.700038   718 feature_extraction.cc:262]   Name:            train/frame_0042.jpg
I20261008 10:18:47.702109   718 feature_extraction.cc:271]   Dimensions:      1600 x 900
I20261008 10:18:47.704102   718 feature_extraction.cc:274]   Camera:          #2 - OPENCV
I20261008 10:18:47.704879   718 feature_extraction.cc:277]   Focal Length:    1920.00px
I20261008 10:18:47.706441   718 feature_extraction.cc:281]   Features:        2281
I20261008 10:18:48.248268   718 feature_extraction.cc:259] Processed file [49/405]
I20261008 10:18:48.252051   718 feature_extraction.cc:262]   Name:            train/frame_0043.jpg
I20261008 10:18:48.254632   718 feature_extraction.cc:271]   Dimensions:      1600 x 900
I20261008 10:18:48.256337   718 feature_extraction.cc:274]   Camera:          #2 - OPENCV
I20261008 10:18:48.258564   718 feature_extraction.cc:277]   Focal Length:    1920.00px
I20261008 10:18:48.260571   718 feature_extraction.cc:281]   Features:        2419
I20261008 10:18:48.570860   718 feature_extraction.cc:259] Processed file [50/405]
I20261008 10:18:48.572058   718 feature_extraction.cc:262]   Name:            train/frame_0046.jpg
I20261008 10:18:48.575217   718 feature_extraction.cc:271]   Dimensions:      1600 x 900
I20261008 10:18:48.577369   718 feature_extraction.cc:274]   Camera:          #2 - OPENCV
I20261008 10:18:48.578366   718 feature_extraction.cc:277]   Focal Length:    1920.00px
I20261008 10:18:48.579613   718 feature_extraction.cc:281]   Features:        2046
I20261008 10:18:48.621611   718 feature_extraction.cc:259] Processed file [51/405]
I20261008 10:18:48.624388   718 feature_extraction.cc:262]   Name:            train/frame_0045.jpg
I20261008 10:18:48.625677   718 feature_extraction.cc:271]   Dimensions:      1600 x 900
I20261008 10:18:48.626673   718 feature_extraction.cc:274]   Camera:          #2 - OPENCV
I20261008 10:18:48.627628   718 feature_extraction.cc:277]   Focal Length:    1920.00px
I20261008 10:18:48.628499   718 feature_extraction.cc:281]   Features:        2315
I20261008 10:18:48.668769   718 feature_extraction.cc:259] Processed file [52/405]
I20261008 10:18:48.670920   718 feature_extraction.cc:262]   Name:            train/frame_0044.jpg
I20261008 10:18:48.671525   718 feature_extraction.cc:271]   Dimensions:      1600 x 900
I20261008 10:18:48.672997   718 feature_extraction.cc:274]   Camera:          #2 - OPENCV
I20261008 10:18:48.673827   718 feature_extraction.cc:277]   Focal Length:    1920.00px
I20261008 10:18:48.674703   718 feature_extraction.cc:281]   Features:        2670
I20261008 10:18:48.684762   718 feature_extraction.cc:259] Processed file [53/405]
I20261008 10:18:48.687011   718 feature_extraction.cc:262]   Name:            train/frame_0047.jpg
I20261008 10:18:48.687974   718 feature_extraction.cc:271]   Dimensions:      1600 x 900
I20261008 10:18:48.689049   718 feature_extraction.cc:274]   Camera:          #2 - OPENCV
I20261008 10:18:48.689805   718 feature_extraction.cc:277]   Focal Length:    1920.00px
I20261008 10:18:48.691934   718 feature_extraction.cc:281]   Features:        2631
I20261008 10:18:48.994560   718 feature_extraction.cc:259] Processed file [54/405]
I20261008 10:18:48.996416   718 feature_extraction.cc:262]   Name:            train/frame_0048.jpg
I20261008 10:18:48.997658   718 feature_extraction.cc:271]   Dimensions:      1600 x 900
I20261008 10:18:48.998585   718 feature_extraction.cc:274]   Camera:          #2 - OPENCV
I20261008 10:18:48.999290   718 feature_extraction.cc:277]   Focal Length:    1920.00px
I20261008 10:18:49.000298   718 feature_extraction.cc:281]   Features:        2640
I20261008 10:18:49.160130   718 feature_extraction.cc:259] Processed file [55/405]
I20261008 10:18:49.162644   718 feature_extraction.cc:262]   Name:            train/frame_0049.jpg
I20261008 10:18:49.163585   718 feature_extraction.cc:271]   Dimensions:      1600 x 900
I20261008 10:18:49.164649   718 feature_extraction.cc:274]   Camera:          #2 - OPENCV
I20261008 10:18:49.166064   718 feature_extraction.cc:277]   Focal Length:    1920.00px
I20261008 10:18:49.166759   718 feature_extraction.cc:281]   Features:        2372
I20261008 10:18:49.217042   718 feature_extraction.cc:259] Processed file [56/405]
I20261008 10:18:49.220130   718 feature_extraction.cc:262]   Name:            train/frame_0050.jpg
I20261008 10:18:49.221299   718 feature_extraction.cc:271]   Dimensions:      1600 x 900
I20261008 10:18:49.221969   718 feature_extraction.cc:274]   Camera:          #2 - OPENCV
I20261008 10:18:49.223050   718 feature_extraction.cc:277]   Focal Length:    1920.00px
I20261008 10:18:49.223938   718 feature_extraction.cc:281]   Features:        2196
I20261008 10:18:49.437558   718 feature_extraction.cc:259] Processed file [57/405]
I20261008 10:18:49.439579   718 feature_extraction.cc:262]   Name:            train/frame_0052.jpg
I20261008 10:18:49.440891   718 feature_extraction.cc:271]   Dimensions:      1600 x 900
I20261008 10:18:49.441461   718 feature_extraction.cc:274]   Camera:          #2 - OPENCV
I20261008 10:18:49.441972   718 feature_extraction.cc:277]   Focal Length:    1920.00px
I20261008 10:18:49.442668   718 feature_extraction.cc:281]   Features:        2747
I20261008 10:18:49.482551   718 feature_extraction.cc:259] Processed file [58/405]
I20261008 10:18:49.486328   718 feature_extraction.cc:262]   Name:            train/frame_0051.jpg
I20261008 10:18:49.487828   718 feature_extraction.cc:271]   Dimensions:      1600 x 900
I20261008 10:18:49.488564   718 feature_extraction.cc:274]   Camera:          #2 - OPENCV
I20261008 10:18:49.489425   718 feature_extraction.cc:277]   Focal Length:    1920.00px
I20261008 10:18:49.490047   718 feature_extraction.cc:281]   Features:        2386
I20261008 10:18:50.093060   718 feature_extraction.cc:259] Processed file [59/405]
I20261008 10:18:50.095039   718 feature_extraction.cc:262]   Name:            train/frame_0053.jpg
I20261008 10:18:50.096055   718 feature_extraction.cc:271]   Dimensions:      1600 x 900
I20261008 10:18:50.098174   718 feature_extraction.cc:274]   Camera:          #2 - OPENCV
I20261008 10:18:50.098913   718 feature_extraction.cc:277]   Focal Length:    1920.00px
I20261008 10:18:50.099565   718 feature_extraction.cc:281]   Features:        3163
I20261008 10:18:50.184580   718 feature_extraction.cc:259] Processed file [60/405]
I20261008 10:18:50.186045   718 feature_extraction.cc:262]   Name:            train/frame_0054.jpg
I20261008 10:18:50.186640   718 feature_extraction.cc:271]   Dimensions:      1600 x 900
I20261008 10:18:50.187095   718 feature_extraction.cc:274]   Camera:          #2 - OPENCV
I20261008 10:18:50.187542   718 feature_extraction.cc:277]   Focal Length:    1920.00px
I20261008 10:18:50.188198   718 feature_extraction.cc:281]   Features:        3128
I20261008 10:18:50.542469   718 feature_extraction.cc:259] Processed file [61/405]
I20261008 10:18:50.545599   718 feature_extraction.cc:262]   Name:            train/frame_0055.jpg
I20261008 10:18:50.546505   718 feature_extraction.cc:271]   Dimensions:      1600 x 900
I20261008 10:18:50.547905   718 feature_extraction.cc:274]   Camera:          #2 - OPENCV
I20261008 10:18:50.548807   718 feature_extraction.cc:277]   Focal Length:    1920.00px
I20261008 10:18:50.549651   718 feature_extraction.cc:281]   Features:        3210
I20261008 10:18:50.840988   718 feature_extraction.cc:259] Processed file [62/405]
I20261008 10:18:50.842238   718 feature_extraction.cc:262]   Name:            train/frame_0056.jpg
I20261008 10:18:50.843508   718 feature_extraction.cc:271]   Dimensions:      1600 x 900
I20261008 10:18:50.844165   718 feature_extraction.cc:274]   Camera:          #2 - OPENCV
I20261008 10:18:50.844871   718 feature_extraction.cc:277]   Focal Length:    1920.00px
I20261008 10:18:50.845342   718 feature_extraction.cc:281]   Features:        3180
I20261008 10:18:50.883018   718 feature_extraction.cc:259] Processed file [63/405]
I20261008 10:18:50.885342   718 feature_extraction.cc:262]   Name:            train/frame_0059.jpg
I20261008 10:18:50.887259   718 feature_extraction.cc:271]   Dimensions:      1600 x 900
I20261008 10:18:50.889052   718 feature_extraction.cc:274]   Camera:          #2 - OPENCV
I20261008 10:18:50.889937   718 feature_extraction.cc:277]   Focal Length:    1920.00px
I20261008 10:18:50.890573   718 feature_extraction.cc:281]   Features:        2785
I20261008 10:18:50.912595   718 feature_extraction.cc:259] Processed file [64/405]
I20261008 10:18:50.914687   718 feature_extraction.cc:262]   Name:            train/frame_0058.jpg
I20261008 10:18:50.915766   718 feature_extraction.cc:271]   Dimensions:      1600 x 900
I20261008 10:18:50.916462   718 feature_extraction.cc:274]   Camera:          #2 - OPENCV
I20261008 10:18:50.917055   718 feature_extraction.cc:277]   Focal Length:    1920.00px
I20261008 10:18:50.917660   718 feature_extraction.cc:281]   Features:        3106
I20261008 10:18:50.937597   718 feature_extraction.cc:259] Processed file [65/405]
I20261008 10:18:50.939036   718 feature_extraction.cc:262]   Name:            train/frame_0057.jpg
I20261008 10:18:50.940297   718 feature_extraction.cc:271]   Dimensions:      1600 x 900
I20261008 10:18:50.940990   718 feature_extraction.cc:274]   Camera:          #2 - OPENCV
I20261008 10:18:50.941730   718 feature_extraction.cc:277]   Focal Length:    1920.00px
I20261008 10:18:50.942338   718 feature_extraction.cc:281]   Features:        3052
I20261008 10:18:51.170590   718 feature_extraction.cc:259] Processed file [66/405]
I20261008 10:18:51.172595   718 feature_extraction.cc:262]   Name:            train/frame_0060.jpg
I20261008 10:18:51.173841   718 feature_extraction.cc:271]   Dimensions:      1600 x 900
I20261008 10:18:51.174526   718 feature_extraction.cc:274]   Camera:          #2 - OPENCV
I20261008 10:18:51.175314   718 feature_extraction.cc:277]   Focal Length:    1920.00px
I20261008 10:18:51.176203   718 feature_extraction.cc:281]   Features:        3238
I20261008 10:18:51.300330   718 feature_extraction.cc:259] Processed file [67/405]
I20261008 10:18:51.303346   718 feature_extraction.cc:262]   Name:            train/frame_0061.jpg
I20261008 10:18:51.305236   718 feature_extraction.cc:271]   Dimensions:      1600 x 900
I20261008 10:18:51.306456   718 feature_extraction.cc:274]   Camera:          #2 - OPENCV
I20261008 10:18:51.308000   718 feature_extraction.cc:277]   Focal Length:    1920.00px
I20261008 10:18:51.308674   718 feature_extraction.cc:281]   Features:        3134
I20261008 10:18:51.365547   718 feature_extraction.cc:259] Processed file [68/405]
I20261008 10:18:51.366998   718 feature_extraction.cc:262]   Name:            train/frame_0062.jpg
I20261008 10:18:51.368690   718 feature_extraction.cc:271]   Dimensions:      1600 x 900
I20261008 10:18:51.369800   718 feature_extraction.cc:274]   Camera:          #2 - OPENCV
I20261008 10:18:51.370481   718 feature_extraction.cc:277]   Focal Length:    1920.00px
I20261008 10:18:51.371184   718 feature_extraction.cc:281]   Features:        2806
I20261008 10:18:51.745894   718 feature_extraction.cc:259] Processed file [69/405]
I20261008 10:18:51.747108   718 feature_extraction.cc:262]   Name:            train/frame_0063.jpg
I20261008 10:18:51.748103   718 feature_extraction.cc:271]   Dimensions:      1600 x 900
I20261008 10:18:51.748785   718 feature_extraction.cc:274]   Camera:          #2 - OPENCV
I20261008 10:18:51.749408   718 feature_extraction.cc:277]   Focal Length:    1920.00px
I20261008 10:18:51.750243   718 feature_extraction.cc:281]   Features:        3110
I20261008 10:18:51.799510   718 feature_extraction.cc:259] Processed file [70/405]
I20261008 10:18:51.803464   718 feature_extraction.cc:262]   Name:            train/frame_0064.jpg
I20261008 10:18:51.806068   718 feature_extraction.cc:271]   Dimensions:      1600 x 900
I20261008 10:18:51.807891   718 feature_extraction.cc:274]   Camera:          #2 - OPENCV
I20261008 10:18:51.808597   718 feature_extraction.cc:277]   Focal Length:    1920.00px
I20261008 10:18:51.809541   718 feature_extraction.cc:281]   Features:        2894
I20261008 10:18:52.482297   718 feature_extraction.cc:259] Processed file [71/405]
I20261008 10:18:52.483269   718 feature_extraction.cc:262]   Name:            train/frame_0065.jpg
I20261008 10:18:52.485697   718 feature_extraction.cc:271]   Dimensions:      1600 x 900
I20261008 10:18:52.486351   718 feature_extraction.cc:274]   Camera:          #2 - OPENCV
I20261008 10:18:52.486850   718 feature_extraction.cc:277]   Focal Length:    1920.00px
I20261008 10:18:52.488021   718 feature_extraction.cc:281]   Features:        2731
I20261008 10:18:52.605245   718 feature_extraction.cc:259] Processed file [72/405]
I20261008 10:18:52.608355   718 feature_extraction.cc:262]   Name:            train/frame_0066.jpg
I20261008 10:18:52.609311   718 feature_extraction.cc:271]   Dimensions:      1600 x 900
I20261008 10:18:52.610042   718 feature_extraction.cc:274]   Camera:          #2 - OPENCV
I20261008 10:18:52.610612   718 feature_extraction.cc:277]   Focal Length:    1920.00px
I20261008 10:18:52.611213   718 feature_extraction.cc:281]   Features:        3094
I20261008 10:18:52.998720   718 feature_extraction.cc:259] Processed file [73/405]
I20261008 10:18:53.000970   718 feature_extraction.cc:262]   Name:            train/frame_0067.jpg
I20261008 10:18:53.002315   718 feature_extraction.cc:271]   Dimensions:      1600 x 900
I20261008 10:18:53.002945   718 feature_extraction.cc:274]   Camera:          #2 - OPENCV
I20261008 10:18:53.003429   718 feature_extraction.cc:277]   Focal Length:    1920.00px
I20261008 10:18:53.004184   718 feature_extraction.cc:281]   Features:        3150
I20261008 10:18:53.258471   718 feature_extraction.cc:259] Processed file [74/405]
I20261008 10:18:53.260694   718 feature_extraction.cc:262]   Name:            train/frame_0069.jpg
I20261008 10:18:53.261715   718 feature_extraction.cc:271]   Dimensions:      1600 x 900
I20261008 10:18:53.262319   718 feature_extraction.cc:274]   Camera:          #2 - OPENCV
I20261008 10:18:53.262936   718 feature_extraction.cc:277]   Focal Length:    1920.00px
I20261008 10:18:53.263460   718 feature_extraction.cc:281]   Features:        2615
I20261008 10:18:53.296815   718 feature_extraction.cc:259] Processed file [75/405]
I20261008 10:18:53.298529   718 feature_extraction.cc:262]   Name:            train/frame_0068.jpg
I20261008 10:18:53.299225   718 feature_extraction.cc:271]   Dimensions:      1600 x 900
I20261008 10:18:53.299868   718 feature_extraction.cc:274]   Camera:          #2 - OPENCV
I20261008 10:18:53.300532   718 feature_extraction.cc:277]   Focal Length:    1920.00px
I20261008 10:18:53.301507   718 feature_extraction.cc:281]   Features:        3242
I20261008 10:18:53.333642   718 feature_extraction.cc:259] Processed file [76/405]
I20261008 10:18:53.335932   718 feature_extraction.cc:262]   Name:            train/frame_0070.jpg
I20261008 10:18:53.337037   718 feature_extraction.cc:271]   Dimensions:      1600 x 900
I20261008 10:18:53.337790   718 feature_extraction.cc:274]   Camera:          #2 - OPENCV
I20261008 10:18:53.338860   718 feature_extraction.cc:277]   Focal Length:    1920.00px
I20261008 10:18:53.339794   718 feature_extraction.cc:281]   Features:        2618
I20261008 10:18:53.412380   718 feature_extraction.cc:259] Processed file [77/405]
I20261008 10:18:53.414252   718 feature_extraction.cc:262]   Name:            train/frame_0071.jpg
I20261008 10:18:53.415333   718 feature_extraction.cc:271]   Dimensions:      1600 x 900
I20261008 10:18:53.416046   718 feature_extraction.cc:274]   Camera:          #2 - OPENCV
I20261008 10:18:53.416802   718 feature_extraction.cc:277]   Focal Length:    1920.00px
I20261008 10:18:53.417497   718 feature_extraction.cc:281]   Features:        3006
I20261008 10:18:53.686203   718 feature_extraction.cc:259] Processed file [78/405]
I20261008 10:18:53.688781   718 feature_extraction.cc:262]   Name:            train/frame_0072.jpg
I20261008 10:18:53.689875   718 feature_extraction.cc:271]   Dimensions:      1600 x 900
I20261008 10:18:53.690438   718 feature_extraction.cc:274]   Camera:          #2 - OPENCV
I20261008 10:18:53.690985   718 feature_extraction.cc:277]   Focal Length:    1920.00px
I20261008 10:18:53.691881   718 feature_extraction.cc:281]   Features:        3092
I20261008 10:18:53.715549   718 feature_extraction.cc:259] Processed file [79/405]
I20261008 10:18:53.718573   718 feature_extraction.cc:262]   Name:            train/frame_0073.jpg
I20261008 10:18:53.719751   718 feature_extraction.cc:271]   Dimensions:      1600 x 900
I20261008 10:18:53.720562   718 feature_extraction.cc:274]   Camera:          #2 - OPENCV
I20261008 10:18:53.721421   718 feature_extraction.cc:277]   Focal Length:    1920.00px
I20261008 10:18:53.722326   718 feature_extraction.cc:281]   Features:        2850
I20261008 10:18:53.765766   718 feature_extraction.cc:259] Processed file [80/405]
I20261008 10:18:53.769500   718 feature_extraction.cc:262]   Name:            train/frame_0074.jpg
I20261008 10:18:53.770834   718 feature_extraction.cc:271]   Dimensions:      1600 x 900
I20261008 10:18:53.772143   718 feature_extraction.cc:274]   Camera:          #2 - OPENCV
I20261008 10:18:53.773150   718 feature_extraction.cc:277]   Focal Length:    1920.00px
I20261008 10:18:53.773887   718 feature_extraction.cc:281]   Features:        3270
I20261008 10:18:54.097749   718 feature_extraction.cc:259] Processed file [81/405]
I20261008 10:18:54.099056   718 feature_extraction.cc:262]   Name:            train/frame_0075.jpg
I20261008 10:18:54.101959   718 feature_extraction.cc:271]   Dimensions:      1600 x 900
I20261008 10:18:54.102849   718 feature_extraction.cc:274]   Camera:          #2 - OPENCV
I20261008 10:18:54.103426   718 feature_extraction.cc:277]   Focal Length:    1920.00px
I20261008 10:18:54.106523   718 feature_extraction.cc:281]   Features:        3008
I20261008 10:18:54.271881   718 feature_extraction.cc:259] Processed file [82/405]
I20261008 10:18:54.273937   718 feature_extraction.cc:262]   Name:            train/frame_0076.jpg
I20261008 10:18:54.275027   718 feature_extraction.cc:271]   Dimensions:      1600 x 900
I20261008 10:18:54.276145   718 feature_extraction.cc:274]   Camera:          #2 - OPENCV
I20261008 10:18:54.277381   718 feature_extraction.cc:277]   Focal Length:    1920.00px
I20261008 10:18:54.278108   718 feature_extraction.cc:281]   Features:        3346
I20261008 10:18:55.018970   718 feature_extraction.cc:259] Processed file [83/405]
I20261008 10:18:55.022441   718 feature_extraction.cc:262]   Name:            train/frame_0077.jpg
I20261008 10:18:55.027716   718 feature_extraction.cc:271]   Dimensions:      1600 x 900
I20261008 10:18:55.029115   718 feature_extraction.cc:274]   Camera:          #2 - OPENCV
I20261008 10:18:55.030941   718 feature_extraction.cc:277]   Focal Length:    1920.00px
I20261008 10:18:55.032009   718 feature_extraction.cc:281]   Features:        2986
I20261008 10:18:55.081833   718 feature_extraction.cc:259] Processed file [84/405]
I20261008 10:18:55.085054   718 feature_extraction.cc:262]   Name:            train/frame_0078.jpg
I20261008 10:18:55.086292   718 feature_extraction.cc:271]   Dimensions:      1600 x 900
I20261008 10:18:55.087778   718 feature_extraction.cc:274]   Camera:          #2 - OPENCV
I20261008 10:18:55.088771   718 feature_extraction.cc:277]   Focal Length:    1920.00px
I20261008 10:18:55.089493   718 feature_extraction.cc:281]   Features:        3134
I20261008 10:18:55.519762   718 feature_extraction.cc:259] Processed file [85/405]
I20261008 10:18:55.523361   718 feature_extraction.cc:262]   Name:            train/frame_0079.jpg
I20261008 10:18:55.524498   718 feature_extraction.cc:271]   Dimensions:      1600 x 900
I20261008 10:18:55.525472   718 feature_extraction.cc:274]   Camera:          #2 - OPENCV
I20261008 10:18:55.526445   718 feature_extraction.cc:277]   Focal Length:    1920.00px
I20261008 10:18:55.527701   718 feature_extraction.cc:281]   Features:        2813
I20261008 10:18:55.876259   718 feature_extraction.cc:259] Processed file [86/405]
I20261008 10:18:55.878016   718 feature_extraction.cc:262]   Name:            train/frame_0080.jpg
I20261008 10:18:55.879343   718 feature_extraction.cc:271]   Dimensions:      1600 x 900
I20261008 10:18:55.880012   718 feature_extraction.cc:274]   Camera:          #2 - OPENCV
I20261008 10:18:55.880606   718 feature_extraction.cc:277]   Focal Length:    1920.00px
I20261008 10:18:55.881619   718 feature_extraction.cc:281]   Features:        3049
I20261008 10:18:55.919795   718 feature_extraction.cc:259] Processed file [87/405]
I20261008 10:18:55.921562   718 feature_extraction.cc:262]   Name:            train/frame_0081.jpg
I20261008 10:18:55.922335   718 feature_extraction.cc:271]   Dimensions:      1600 x 900
I20261008 10:18:55.923064   718 feature_extraction.cc:274]   Camera:          #2 - OPENCV
I20261008 10:18:55.923712   718 feature_extraction.cc:277]   Focal Length:    1920.00px
I20261008 10:18:55.924357   718 feature_extraction.cc:281]   Features:        3133
I20261008 10:18:56.142216   718 feature_extraction.cc:259] Processed file [88/405]
I20261008 10:18:56.145147   718 feature_extraction.cc:262]   Name:            train/frame_0082.jpg
I20261008 10:18:56.146636   718 feature_extraction.cc:271]   Dimensions:      1600 x 900
I20261008 10:18:56.147390   718 feature_extraction.cc:274]   Camera:          #2 - OPENCV
I20261008 10:18:56.148039   718 feature_extraction.cc:277]   Focal Length:    1920.00px
I20261008 10:18:56.148532   718 feature_extraction.cc:281]   Features:        3131
I20261008 10:18:56.237977   718 feature_extraction.cc:259] Processed file [89/405]
I20261008 10:18:56.240806   718 feature_extraction.cc:262]   Name:            train/frame_0083.jpg
I20261008 10:18:56.241811   718 feature_extraction.cc:271]   Dimensions:      1600 x 900
I20261008 10:18:56.243147   718 feature_extraction.cc:274]   Camera:          #2 - OPENCV
I20261008 10:18:56.243726   718 feature_extraction.cc:277]   Focal Length:    1920.00px
I20261008 10:18:56.244501   718 feature_extraction.cc:281]   Features:        3032
I20261008 10:18:56.307192   718 feature_extraction.cc:259] Processed file [90/405]
I20261008 10:18:56.316334   718 feature_extraction.cc:262]   Name:            train/frame_0086.jpg
I20261008 10:18:56.323838   718 feature_extraction.cc:271]   Dimensions:      1600 x 900
I20261008 10:18:56.327118   718 feature_extraction.cc:274]   Camera:          #2 - OPENCV
I20261008 10:18:56.329895   718 feature_extraction.cc:277]   Focal Length:    1920.00px
I20261008 10:18:56.331122   718 feature_extraction.cc:281]   Features:        2276
I20261008 10:18:56.621045   718 feature_extraction.cc:259] Processed file [91/405]
I20261008 10:18:56.626537   718 feature_extraction.cc:262]   Name:            train/frame_0084.jpg
I20261008 10:18:56.629454   718 feature_extraction.cc:271]   Dimensions:      1600 x 900
I20261008 10:18:56.630918   718 feature_extraction.cc:274]   Camera:          #2 - OPENCV
I20261008 10:18:56.634531   718 feature_extraction.cc:277]   Focal Length:    1920.00px
I20261008 10:18:56.635458   718 feature_extraction.cc:281]   Features:        2716
I20261008 10:18:56.689422   718 feature_extraction.cc:259] Processed file [92/405]
I20261008 10:18:56.693779   718 feature_extraction.cc:262]   Name:            train/frame_0085.jpg
I20261008 10:18:56.697996   718 feature_extraction.cc:271]   Dimensions:      1600 x 900
I20261008 10:18:56.700902   718 feature_extraction.cc:274]   Camera:          #2 - OPENCV
I20261008 10:18:56.702168   718 feature_extraction.cc:277]   Focal Length:    1920.00px
I20261008 10:18:56.705885   718 feature_extraction.cc:281]   Features:        3005
I20261008 10:18:56.842473   718 feature_extraction.cc:259] Processed file [93/405]
I20261008 10:18:56.847013   718 feature_extraction.cc:262]   Name:            train/frame_0087.jpg
I20261008 10:18:56.848143   718 feature_extraction.cc:271]   Dimensions:      1600 x 900
I20261008 10:18:56.851994   718 feature_extraction.cc:274]   Camera:          #2 - OPENCV
I20261008 10:18:56.852747   718 feature_extraction.cc:277]   Focal Length:    1920.00px
I20261008 10:18:56.854290   718 feature_extraction.cc:281]   Features:        2928
I20261008 10:18:57.060271   718 feature_extraction.cc:259] Processed file [94/405]
I20261008 10:18:57.062783   718 feature_extraction.cc:262]   Name:            train/frame_0088.jpg
I20261008 10:18:57.064824   718 feature_extraction.cc:271]   Dimensions:      1600 x 900
I20261008 10:18:57.065866   718 feature_extraction.cc:274]   Camera:          #2 - OPENCV
I20261008 10:18:57.067824   718 feature_extraction.cc:277]   Focal Length:    1920.00px
I20261008 10:18:57.068444   718 feature_extraction.cc:281]   Features:        2322
I20261008 10:18:57.713472   718 feature_extraction.cc:259] Processed file [95/405]
I20261008 10:18:57.715004   718 feature_extraction.cc:262]   Name:            train/frame_0090.jpg
I20261008 10:18:57.717146   718 feature_extraction.cc:271]   Dimensions:      1600 x 900
I20261008 10:18:57.718113   718 feature_extraction.cc:274]   Camera:          #2 - OPENCV
I20261008 10:18:57.718673   718 feature_extraction.cc:277]   Focal Length:    1920.00px
I20261008 10:18:57.719121   718 feature_extraction.cc:281]   Features:        2806
I20261008 10:18:57.769541   718 feature_extraction.cc:259] Processed file [96/405]
I20261008 10:18:57.772585   718 feature_extraction.cc:262]   Name:            train/frame_0089.jpg
I20261008 10:18:57.775449   718 feature_extraction.cc:271]   Dimensions:      1600 x 900
I20261008 10:18:57.776780   718 feature_extraction.cc:274]   Camera:          #2 - OPENCV
I20261008 10:18:57.777375   718 feature_extraction.cc:277]   Focal Length:    1920.00px
I20261008 10:18:57.778338   718 feature_extraction.cc:281]   Features:        2896
I20261008 10:18:58.008471   718 feature_extraction.cc:259] Processed file [97/405]
I20261008 10:18:58.010211   718 feature_extraction.cc:262]   Name:            train/frame_0091.jpg
I20261008 10:18:58.011226   718 feature_extraction.cc:271]   Dimensions:      1600 x 900
I20261008 10:18:58.013242   718 feature_extraction.cc:274]   Camera:          #2 - OPENCV
I20261008 10:18:58.014318   718 feature_extraction.cc:277]   Focal Length:    1920.00px
I20261008 10:18:58.015007   718 feature_extraction.cc:281]   Features:        2201
I20261008 10:18:58.416603   718 feature_extraction.cc:259] Processed file [98/405]
I20261008 10:18:58.417553   718 feature_extraction.cc:262]   Name:            train/frame_0092.jpg
I20261008 10:18:58.418128   718 feature_extraction.cc:271]   Dimensions:      1600 x 900
I20261008 10:18:58.418663   718 feature_extraction.cc:274]   Camera:          #2 - OPENCV
I20261008 10:18:58.419178   718 feature_extraction.cc:277]   Focal Length:    1920.00px
I20261008 10:18:58.419938   718 feature_extraction.cc:281]   Features:        2091
I20261008 10:18:58.505858   718 feature_extraction.cc:259] Processed file [99/405]
I20261008 10:18:58.507943   718 feature_extraction.cc:262]   Name:            train/frame_0093.jpg
I20261008 10:18:58.510222   718 feature_extraction.cc:271]   Dimensions:      1600 x 900
I20261008 10:18:58.511313   718 feature_extraction.cc:274]   Camera:          #2 - OPENCV
I20261008 10:18:58.512169   718 feature_extraction.cc:277]   Focal Length:    1920.00px
I20261008 10:18:58.513145   718 feature_extraction.cc:281]   Features:        2497
I20261008 10:18:58.900362   718 feature_extraction.cc:259] Processed file [100/405]
I20261008 10:18:58.918462   718 feature_extraction.cc:262]   Name:            train/frame_0094.jpg
I20261008 10:18:58.920084   718 feature_extraction.cc:271]   Dimensions:      1600 x 900
I20261008 10:18:58.921532   718 feature_extraction.cc:274]   Camera:          #2 - OPENCV
I20261008 10:18:58.937288   718 feature_extraction.cc:277]   Focal Length:    1920.00px
I20261008 10:18:58.938925   718 feature_extraction.cc:281]   Features:        2716
I20261008 10:18:58.964890   718 feature_extraction.cc:259] Processed file [101/405]
I20261008 10:18:58.986693   718 feature_extraction.cc:262]   Name:            train/frame_0096.jpg
I20261008 10:18:59.005120   718 feature_extraction.cc:271]   Dimensions:      1600 x 900
I20261008 10:18:59.006367   718 feature_extraction.cc:274]   Camera:          #2 - OPENCV
I20261008 10:18:59.026219   718 feature_extraction.cc:277]   Focal Length:    1920.00px
I20261008 10:18:59.029393   718 feature_extraction.cc:281]   Features:        2416
I20261008 10:18:59.056843   718 feature_extraction.cc:259] Processed file [102/405]
I20261008 10:18:59.059844   718 feature_extraction.cc:262]   Name:            train/frame_0095.jpg
I20261008 10:18:59.061643   718 feature_extraction.cc:271]   Dimensions:      1600 x 900
I20261008 10:18:59.063843   718 feature_extraction.cc:274]   Camera:          #2 - OPENCV
I20261008 10:18:59.065171   718 feature_extraction.cc:277]   Focal Length:    1920.00px
I20261008 10:18:59.067932   718 feature_extraction.cc:281]   Features:        2751
I20261008 10:18:59.208822   718 feature_extraction.cc:259] Processed file [103/405]
I20261008 10:18:59.221817   718 feature_extraction.cc:262]   Name:            train/frame_0097.jpg
I20261008 10:18:59.223145   718 feature_extraction.cc:271]   Dimensions:      1600 x 900
I20261008 10:18:59.224560   718 feature_extraction.cc:274]   Camera:          #2 - OPENCV
I20261008 10:18:59.228958   718 feature_extraction.cc:277]   Focal Length:    1920.00px
I20261008 10:18:59.229985   718 feature_extraction.cc:281]   Features:        1949
I20261008 10:18:59.268200   718 feature_extraction.cc:259] Processed file [104/405]
I20261008 10:18:59.269968   718 feature_extraction.cc:262]   Name:            train/frame_0099.jpg
I20261008 10:18:59.270782   718 feature_extraction.cc:271]   Dimensions:      1600 x 900
I20261008 10:18:59.271485   718 feature_extraction.cc:274]   Camera:          #2 - OPENCV
I20261008 10:18:59.271944   718 feature_extraction.cc:277]   Focal Length:    1920.00px
I20261008 10:18:59.272359   718 feature_extraction.cc:281]   Features:        2598
I20261008 10:18:59.322613   718 feature_extraction.cc:259] Processed file [105/405]
I20261008 10:18:59.325100   718 feature_extraction.cc:262]   Name:            train/frame_0098.jpg
I20261008 10:18:59.326053   718 feature_extraction.cc:271]   Dimensions:      1600 x 900
I20261008 10:18:59.326654   718 feature_extraction.cc:274]   Camera:          #2 - OPENCV
I20261008 10:18:59.327262   718 feature_extraction.cc:277]   Focal Length:    1920.00px
I20261008 10:18:59.327930   718 feature_extraction.cc:281]   Features:        2559
I20261008 10:18:59.503130   718 feature_extraction.cc:259] Processed file [106/405]
I20261008 10:18:59.505987   718 feature_extraction.cc:262]   Name:            train/frame_0100.jpg
I20261008 10:18:59.507285   718 feature_extraction.cc:271]   Dimensions:      1600 x 900
I20261008 10:18:59.508425   718 feature_extraction.cc:274]   Camera:          #2 - OPENCV
I20261008 10:18:59.509308   718 feature_extraction.cc:277]   Focal Length:    1920.00px
I20261008 10:18:59.509994   718 feature_extraction.cc:281]   Features:        2197
I20261008 10:18:59.914317   718 feature_extraction.cc:259] Processed file [107/405]
I20261008 10:18:59.917650   718 feature_extraction.cc:262]   Name:            train/frame_0101.jpg
I20261008 10:18:59.918354   718 feature_extraction.cc:271]   Dimensions:      1600 x 900
I20261008 10:18:59.919227   718 feature_extraction.cc:274]   Camera:          #2 - OPENCV
I20261008 10:18:59.920437   718 feature_extraction.cc:277]   Focal Length:    1920.00px
I20261008 10:18:59.921279   718 feature_extraction.cc:281]   Features:        2519
I20261008 10:18:59.992165   718 feature_extraction.cc:259] Processed file [108/405]
I20261008 10:18:59.994445   718 feature_extraction.cc:262]   Name:            train/frame_0102.jpg
I20261008 10:18:59.996791   718 feature_extraction.cc:271]   Dimensions:      1600 x 900
I20261008 10:18:59.997850   718 feature_extraction.cc:274]   Camera:          #2 - OPENCV
I20261008 10:18:59.999017   718 feature_extraction.cc:277]   Focal Length:    1920.00px
I20261008 10:18:59.999955   718 feature_extraction.cc:281]   Features:        2330
I20261008 10:19:00.292410   718 feature_extraction.cc:259] Processed file [109/405]
I20261008 10:19:00.294341   718 feature_extraction.cc:262]   Name:            train/frame_0103.jpg
I20261008 10:19:00.295758   718 feature_extraction.cc:271]   Dimensions:      1600 x 900
I20261008 10:19:00.297281   718 feature_extraction.cc:274]   Camera:          #2 - OPENCV
I20261008 10:19:00.297907   718 feature_extraction.cc:277]   Focal Length:    1920.00px
I20261008 10:19:00.299497   718 feature_extraction.cc:281]   Features:        2344
I20261008 10:19:00.749867   718 feature_extraction.cc:259] Processed file [110/405]
I20261008 10:19:00.757377   718 feature_extraction.cc:262]   Name:            train/frame_0104.jpg
I20261008 10:19:00.759034   718 feature_extraction.cc:271]   Dimensions:      1600 x 900
I20261008 10:19:00.759712   718 feature_extraction.cc:274]   Camera:          #2 - OPENCV
I20261008 10:19:00.760802   718 feature_extraction.cc:277]   Focal Length:    1920.00px
I20261008 10:19:00.762233   718 feature_extraction.cc:281]   Features:        2617
I20261008 10:19:00.813905   718 feature_extraction.cc:259] Processed file [111/405]
I20261008 10:19:00.817579   718 feature_extraction.cc:262]   Name:            train/frame_0105.jpg
I20261008 10:19:00.819041   718 feature_extraction.cc:271]   Dimensions:      1600 x 900
I20261008 10:19:00.820416   718 feature_extraction.cc:274]   Camera:          #2 - OPENCV
I20261008 10:19:00.821632   718 feature_extraction.cc:277]   Focal Length:    1920.00px
I20261008 10:19:00.822602   718 feature_extraction.cc:281]   Features:        2653
I20261008 10:19:01.243364   718 feature_extraction.cc:259] Processed file [112/405]
I20261008 10:19:01.246757   718 feature_extraction.cc:262]   Name:            train/frame_0107.jpg
I20261008 10:19:01.248605   718 feature_extraction.cc:271]   Dimensions:      1600 x 900
I20261008 10:19:01.251121   718 feature_extraction.cc:274]   Camera:          #2 - OPENCV
I20261008 10:19:01.251984   718 feature_extraction.cc:277]   Focal Length:    1920.00px
I20261008 10:19:01.253795   718 feature_extraction.cc:281]   Features:        2731
I20261008 10:19:01.286173   718 feature_extraction.cc:259] Processed file [113/405]
I20261008 10:19:01.287917   718 feature_extraction.cc:262]   Name:            train/frame_0106.jpg
I20261008 10:19:01.289651   718 feature_extraction.cc:271]   Dimensions:      1600 x 900
I20261008 10:19:01.291770   718 feature_extraction.cc:274]   Camera:          #2 - OPENCV
I20261008 10:19:01.293048   718 feature_extraction.cc:277]   Focal Length:    1920.00px
I20261008 10:19:01.294176   718 feature_extraction.cc:281]   Features:        2756
I20261008 10:19:01.374697   718 feature_extraction.cc:259] Processed file [114/405]
I20261008 10:19:01.380048   718 feature_extraction.cc:262]   Name:            train/frame_0108.jpg
I20261008 10:19:01.381567   718 feature_extraction.cc:271]   Dimensions:      1600 x 900
I20261008 10:19:01.383934   718 feature_extraction.cc:274]   Camera:          #2 - OPENCV
I20261008 10:19:01.384833   718 feature_extraction.cc:277]   Focal Length:    1920.00px
I20261008 10:19:01.387480   718 feature_extraction.cc:281]   Features:        2811
I20261008 10:19:01.487879   718 feature_extraction.cc:259] Processed file [115/405]
I20261008 10:19:01.489571   718 feature_extraction.cc:262]   Name:            train/frame_0110.jpg
I20261008 10:19:01.490950   718 feature_extraction.cc:271]   Dimensions:      1600 x 900
I20261008 10:19:01.491969   718 feature_extraction.cc:274]   Camera:          #2 - OPENCV
I20261008 10:19:01.492774   718 feature_extraction.cc:277]   Focal Length:    1920.00px
I20261008 10:19:01.493438   718 feature_extraction.cc:281]   Features:        2121
I20261008 10:19:01.538601   718 feature_extraction.cc:259] Processed file [116/405]
I20261008 10:19:01.540128   718 feature_extraction.cc:262]   Name:            train/frame_0109.jpg
I20261008 10:19:01.541334   718 feature_extraction.cc:271]   Dimensions:      1600 x 900
I20261008 10:19:01.542073   718 feature_extraction.cc:274]   Camera:          #2 - OPENCV
I20261008 10:19:01.542886   718 feature_extraction.cc:277]   Focal Length:    1920.00px
I20261008 10:19:01.543819   718 feature_extraction.cc:281]   Features:        2541
I20261008 10:19:01.595543   718 feature_extraction.cc:259] Processed file [117/405]
I20261008 10:19:01.597164   718 feature_extraction.cc:262]   Name:            train/frame_0111.jpg
I20261008 10:19:01.598170   718 feature_extraction.cc:271]   Dimensions:      1600 x 900
I20261008 10:19:01.599045   718 feature_extraction.cc:274]   Camera:          #2 - OPENCV
I20261008 10:19:01.599916   718 feature_extraction.cc:277]   Focal Length:    1920.00px
I20261008 10:19:01.600499   718 feature_extraction.cc:281]   Features:        2303
I20261008 10:19:01.880373   718 feature_extraction.cc:259] Processed file [118/405]
I20261008 10:19:01.882244   718 feature_extraction.cc:262]   Name:            train/frame_0112.jpg
I20261008 10:19:01.883642   718 feature_extraction.cc:271]   Dimensions:      1600 x 900
I20261008 10:19:01.885486   718 feature_extraction.cc:274]   Camera:          #2 - OPENCV
I20261008 10:19:01.887598   718 feature_extraction.cc:277]   Focal Length:    1920.00px
I20261008 10:19:01.888540   718 feature_extraction.cc:281]   Features:        2551
I20261008 10:19:02.192006   718 feature_extraction.cc:259] Processed file [119/405]
I20261008 10:19:02.193804   718 feature_extraction.cc:262]   Name:            train/frame_0113.jpg
I20261008 10:19:02.195809   718 feature_extraction.cc:271]   Dimensions:      1600 x 900
I20261008 10:19:02.197117   718 feature_extraction.cc:274]   Camera:          #2 - OPENCV
I20261008 10:19:02.198035   718 feature_extraction.cc:277]   Focal Length:    1920.00px
I20261008 10:19:02.198956   718 feature_extraction.cc:281]   Features:        2432
I20261008 10:19:02.248242   718 feature_extraction.cc:259] Processed file [120/405]
I20261008 10:19:02.250042   718 feature_extraction.cc:262]   Name:            train/frame_0114.jpg
I20261008 10:19:02.250535   718 feature_extraction.cc:271]   Dimensions:      1600 x 900
I20261008 10:19:02.250948   718 feature_extraction.cc:274]   Camera:          #2 - OPENCV
I20261008 10:19:02.251398   718 feature_extraction.cc:277]   Focal Length:    1920.00px
I20261008 10:19:02.251989   718 feature_extraction.cc:281]   Features:        2135
I20261008 10:19:02.367547   718 feature_extraction.cc:259] Processed file [121/405]
I20261008 10:19:02.370223   718 feature_extraction.cc:262]   Name:            train/frame_0115.jpg
I20261008 10:19:02.371178   718 feature_extraction.cc:271]   Dimensions:      1600 x 900
I20261008 10:19:02.371784   718 feature_extraction.cc:274]   Camera:          #2 - OPENCV
I20261008 10:19:02.372424   718 feature_extraction.cc:277]   Focal Length:    1920.00px
I20261008 10:19:02.373060   718 feature_extraction.cc:281]   Features:        1814
I20261008 10:19:02.784659   718 feature_extraction.cc:259] Processed file [122/405]
I20261008 10:19:02.788254   718 feature_extraction.cc:262]   Name:            train/frame_0116.jpg
I20261008 10:19:02.789216   718 feature_extraction.cc:271]   Dimensions:      1600 x 900
I20261008 10:19:02.790050   718 feature_extraction.cc:274]   Camera:          #2 - OPENCV
I20261008 10:19:02.790741   718 feature_extraction.cc:277]   Focal Length:    1920.00px
I20261008 10:19:02.791532   718 feature_extraction.cc:281]   Features:        2448
I20261008 10:19:02.861064   718 feature_extraction.cc:259] Processed file [123/405]
I20261008 10:19:02.864145   718 feature_extraction.cc:262]   Name:            train/frame_0117.jpg
I20261008 10:19:02.865031   718 feature_extraction.cc:271]   Dimensions:      1600 x 900
I20261008 10:19:02.865485   718 feature_extraction.cc:274]   Camera:          #2 - OPENCV
I20261008 10:19:02.865816   718 feature_extraction.cc:277]   Focal Length:    1920.00px
I20261008 10:19:02.866118   718 feature_extraction.cc:281]   Features:        2574
I20261008 10:19:03.138345   718 feature_extraction.cc:259] Processed file [124/405]
I20261008 10:19:03.140543   718 feature_extraction.cc:262]   Name:            train/frame_0118.jpg
I20261008 10:19:03.141808   718 feature_extraction.cc:271]   Dimensions:      1600 x 900
I20261008 10:19:03.142472   718 feature_extraction.cc:274]   Camera:          #2 - OPENCV
I20261008 10:19:03.143021   718 feature_extraction.cc:277]   Focal Length:    1920.00px
I20261008 10:19:03.144107   718 feature_extraction.cc:281]   Features:        2327
I20261008 10:19:03.226986   718 feature_extraction.cc:259] Processed file [125/405]
I20261008 10:19:03.228200   718 feature_extraction.cc:262]   Name:            train/frame_0119.jpg
I20261008 10:19:03.228919   718 feature_extraction.cc:271]   Dimensions:      1600 x 900
I20261008 10:19:03.229467   718 feature_extraction.cc:274]   Camera:          #2 - OPENCV
I20261008 10:19:03.229837   718 feature_extraction.cc:277]   Focal Length:    1920.00px
I20261008 10:19:03.230115   718 feature_extraction.cc:281]   Features:        2170
I20261008 10:19:03.336694   718 feature_extraction.cc:259] Processed file [126/405]
I20261008 10:19:03.338220   718 feature_extraction.cc:262]   Name:            train/frame_0120.jpg
I20261008 10:19:03.339574   718 feature_extraction.cc:271]   Dimensions:      1600 x 900
I20261008 10:19:03.340667   718 feature_extraction.cc:274]   Camera:          #2 - OPENCV
I20261008 10:19:03.341714   718 feature_extraction.cc:277]   Focal Length:    1920.00px
I20261008 10:19:03.342330   718 feature_extraction.cc:281]   Features:        2451
I20261008 10:19:03.502866   718 feature_extraction.cc:259] Processed file [127/405]
I20261008 10:19:03.506511   718 feature_extraction.cc:262]   Name:            train/frame_0121.jpg
I20261008 10:19:03.508338   718 feature_extraction.cc:271]   Dimensions:      1600 x 900
I20261008 10:19:03.509142   718 feature_extraction.cc:274]   Camera:          #2 - OPENCV
I20261008 10:19:03.509701   718 feature_extraction.cc:277]   Focal Length:    1920.00px
I20261008 10:19:03.510308   718 feature_extraction.cc:281]   Features:        2523
I20261008 10:19:03.538640   718 feature_extraction.cc:259] Processed file [128/405]
I20261008 10:19:03.541312   718 feature_extraction.cc:262]   Name:            train/frame_0122.jpg
I20261008 10:19:03.542349   718 feature_extraction.cc:271]   Dimensions:      1600 x 900
I20261008 10:19:03.542935   718 feature_extraction.cc:274]   Camera:          #2 - OPENCV
I20261008 10:19:03.543646   718 feature_extraction.cc:277]   Focal Length:    1920.00px
I20261008 10:19:03.544479   718 feature_extraction.cc:281]   Features:        2450
I20261008 10:19:03.610698   718 feature_extraction.cc:259] Processed file [129/405]
I20261008 10:19:03.616015   718 feature_extraction.cc:262]   Name:            train/frame_0123.jpg
I20261008 10:19:03.617660   718 feature_extraction.cc:271]   Dimensions:      1600 x 900
I20261008 10:19:03.621698   718 feature_extraction.cc:274]   Camera:          #2 - OPENCV
I20261008 10:19:03.625289   718 feature_extraction.cc:277]   Focal Length:    1920.00px
I20261008 10:19:03.627929   718 feature_extraction.cc:281]   Features:        2667
I20261008 10:19:03.936435   718 feature_extraction.cc:259] Processed file [130/405]
I20261008 10:19:04.546298   718 feature_extraction.cc:262]   Name:            train/frame_0124.jpg
I20261008 10:19:04.548456   718 feature_extraction.cc:271]   Dimensions:      1600 x 900
I20261008 10:19:04.549415   718 feature_extraction.cc:274]   Camera:          #2 - OPENCV
I20261008 10:19:04.550267   718 feature_extraction.cc:277]   Focal Length:    1920.00px
I20261008 10:19:04.551147   718 feature_extraction.cc:281]   Features:        2566
I20261008 10:19:04.554265   718 feature_extraction.cc:259] Processed file [131/405]
I20261008 10:19:04.556792   718 feature_extraction.cc:262]   Name:            train/frame_0125.jpg
I20261008 10:19:04.557500   718 feature_extraction.cc:271]   Dimensions:      1600 x 900
I20261008 10:19:04.558240   718 feature_extraction.cc:274]   Camera:          #2 - OPENCV
I20261008 10:19:04.558746   718 feature_extraction.cc:277]   Focal Length:    1920.00px
I20261008 10:19:04.559965   718 feature_extraction.cc:281]   Features:        2348
I20261008 10:19:04.572788   718 feature_extraction.cc:259] Processed file [132/405]
I20261008 10:19:04.575116   718 feature_extraction.cc:262]   Name:            train/frame_0126.jpg
I20261008 10:19:04.576416   718 feature_extraction.cc:271]   Dimensions:      1600 x 900
I20261008 10:19:04.578022   718 feature_extraction.cc:274]   Camera:          #2 - OPENCV
I20261008 10:19:04.578749   718 feature_extraction.cc:277]   Focal Length:    1920.00px
I20261008 10:19:04.579340   718 feature_extraction.cc:281]   Features:        2027
I20261008 10:19:04.618494   718 feature_extraction.cc:259] Processed file [133/405]
I20261008 10:19:04.621940   718 feature_extraction.cc:262]   Name:            train/frame_0127.jpg
I20261008 10:19:04.625491   718 feature_extraction.cc:271]   Dimensions:      1600 x 900
I20261008 10:19:04.626474   718 feature_extraction.cc:274]   Camera:          #2 - OPENCV
I20261008 10:19:04.627722   718 feature_extraction.cc:277]   Focal Length:    1920.00px
I20261008 10:19:04.628490   718 feature_extraction.cc:281]   Features:        2343
I20261008 10:19:04.990115   718 feature_extraction.cc:259] Processed file [134/405]
I20261008 10:19:04.991430   718 feature_extraction.cc:262]   Name:            train/frame_0128.jpg
I20261008 10:19:04.996229   718 feature_extraction.cc:271]   Dimensions:      1600 x 900
I20261008 10:19:04.999341   718 feature_extraction.cc:274]   Camera:          #2 - OPENCV
I20261008 10:19:05.002537   718 feature_extraction.cc:277]   Focal Length:    1920.00px
I20261008 10:19:05.003744   718 feature_extraction.cc:281]   Features:        2178
I20261008 10:19:05.163240   718 feature_extraction.cc:259] Processed file [135/405]
I20261008 10:19:05.164717   718 feature_extraction.cc:262]   Name:            train/frame_0129.jpg
I20261008 10:19:05.165412   718 feature_extraction.cc:271]   Dimensions:      1600 x 900
I20261008 10:19:05.165951   718 feature_extraction.cc:274]   Camera:          #2 - OPENCV
I20261008 10:19:05.166265   718 feature_extraction.cc:277]   Focal Length:    1920.00px
I20261008 10:19:05.166604   718 feature_extraction.cc:281]   Features:        2610
I20261008 10:19:05.302953   718 feature_extraction.cc:259] Processed file [136/405]
I20261008 10:19:05.304536   718 feature_extraction.cc:262]   Name:            train/frame_0130.jpg
I20261008 10:19:05.306336   718 feature_extraction.cc:271]   Dimensions:      1600 x 900
I20261008 10:19:05.307417   718 feature_extraction.cc:274]   Camera:          #2 - OPENCV
I20261008 10:19:05.307917   718 feature_extraction.cc:277]   Focal Length:    1920.00px
I20261008 10:19:05.308228   718 feature_extraction.cc:281]   Features:        2367
I20261008 10:19:05.382943   718 feature_extraction.cc:259] Processed file [137/405]
I20261008 10:19:05.384274   718 feature_extraction.cc:262]   Name:            train/frame_0131.jpg
I20261008 10:19:05.385174   718 feature_extraction.cc:271]   Dimensions:      1600 x 900
I20261008 10:19:05.385833   718 feature_extraction.cc:274]   Camera:          #2 - OPENCV
I20261008 10:19:05.386281   718 feature_extraction.cc:277]   Focal Length:    1920.00px
I20261008 10:19:05.386687   718 feature_extraction.cc:281]   Features:        2708
I20261008 10:19:05.485162   718 feature_extraction.cc:259] Processed file [138/405]
I20261008 10:19:05.487386   718 feature_extraction.cc:262]   Name:            train/frame_0132.jpg
I20261008 10:19:05.488255   718 feature_extraction.cc:271]   Dimensions:      1600 x 900
I20261008 10:19:05.489053   718 feature_extraction.cc:274]   Camera:          #2 - OPENCV
I20261008 10:19:05.489845   718 feature_extraction.cc:277]   Focal Length:    1920.00px
I20261008 10:19:05.491055   718 feature_extraction.cc:281]   Features:        2421
I20261008 10:19:05.577673   718 feature_extraction.cc:259] Processed file [139/405]
I20261008 10:19:05.579874   718 feature_extraction.cc:262]   Name:            train/frame_0133.jpg
I20261008 10:19:05.581827   718 feature_extraction.cc:271]   Dimensions:      1600 x 900
I20261008 10:19:05.583410   718 feature_extraction.cc:274]   Camera:          #2 - OPENCV
I20261008 10:19:05.584141   718 feature_extraction.cc:277]   Focal Length:    1920.00px
I20261008 10:19:05.585543   718 feature_extraction.cc:281]   Features:        2316
I20261008 10:19:05.678000   718 feature_extraction.cc:259] Processed file [140/405]
I20261008 10:19:05.679121   718 feature_extraction.cc:262]   Name:            train/frame_0134.jpg
I20261008 10:19:05.679629   718 feature_extraction.cc:271]   Dimensions:      1600 x 900
I20261008 10:19:05.680269   718 feature_extraction.cc:274]   Camera:          #2 - OPENCV
I20261008 10:19:05.681178   718 feature_extraction.cc:277]   Focal Length:    1920.00px
I20261008 10:19:05.681891   718 feature_extraction.cc:281]   Features:        2479
I20261008 10:19:05.726643   718 feature_extraction.cc:259] Processed file [141/405]
I20261008 10:19:05.729362   718 feature_extraction.cc:262]   Name:            train/frame_0135.jpg
I20261008 10:19:05.731112   718 feature_extraction.cc:271]   Dimensions:      1600 x 900
I20261008 10:19:05.732300   718 feature_extraction.cc:274]   Camera:          #2 - OPENCV
I20261008 10:19:05.733096   718 feature_extraction.cc:277]   Focal Length:    1920.00px
I20261008 10:19:05.736627   718 feature_extraction.cc:281]   Features:        2256
I20261008 10:19:06.067570   718 feature_extraction.cc:259] Processed file [142/405]
I20261008 10:19:06.070348   718 feature_extraction.cc:262]   Name:            train/frame_0136.jpg
I20261008 10:19:06.070803   718 feature_extraction.cc:271]   Dimensions:      1600 x 900
I20261008 10:19:06.071357   718 feature_extraction.cc:274]   Camera:          #2 - OPENCV
I20261008 10:19:06.071939   718 feature_extraction.cc:277]   Focal Length:    1920.00px
I20261008 10:19:06.072530   718 feature_extraction.cc:281]   Features:        2565
I20261008 10:19:06.351353   718 feature_extraction.cc:259] Processed file [143/405]
I20261008 10:19:06.354570   718 feature_extraction.cc:262]   Name:            train/frame_0137.jpg
I20261008 10:19:06.358052   718 feature_extraction.cc:271]   Dimensions:      1600 x 900
I20261008 10:19:06.359509   718 feature_extraction.cc:274]   Camera:          #2 - OPENCV
I20261008 10:19:06.370576   718 feature_extraction.cc:277]   Focal Length:    1920.00px
I20261008 10:19:06.374903   718 feature_extraction.cc:281]   Features:        2315
I20261008 10:19:06.716802   718 feature_extraction.cc:259] Processed file [144/405]
I20261008 10:19:06.719365   718 feature_extraction.cc:262]   Name:            train/frame_0138.jpg
I20261008 10:19:06.720659   718 feature_extraction.cc:271]   Dimensions:      1600 x 900
I20261008 10:19:06.721307   718 feature_extraction.cc:274]   Camera:          #2 - OPENCV
I20261008 10:19:06.723038   718 feature_extraction.cc:277]   Focal Length:    1920.00px
I20261008 10:19:06.724314   718 feature_extraction.cc:281]   Features:        2468
I20261008 10:19:06.755717   718 feature_extraction.cc:259] Processed file [145/405]
I20261008 10:19:06.758932   718 feature_extraction.cc:262]   Name:            train/frame_0139.jpg
I20261008 10:19:06.761310   718 feature_extraction.cc:271]   Dimensions:      1600 x 900
I20261008 10:19:06.762517   718 feature_extraction.cc:274]   Camera:          #2 - OPENCV
I20261008 10:19:06.763451   718 feature_extraction.cc:277]   Focal Length:    1920.00px
I20261008 10:19:06.765542   718 feature_extraction.cc:281]   Features:        2172
I20261008 10:19:07.073624   718 feature_extraction.cc:259] Processed file [146/405]
I20261008 10:19:07.075801   718 feature_extraction.cc:262]   Name:            train/frame_0140.jpg
I20261008 10:19:07.078159   718 feature_extraction.cc:271]   Dimensions:      1600 x 900
I20261008 10:19:07.079022   718 feature_extraction.cc:274]   Camera:          #2 - OPENCV
I20261008 10:19:07.080729   718 feature_extraction.cc:277]   Focal Length:    1920.00px
I20261008 10:19:07.081897   718 feature_extraction.cc:281]   Features:        2436
I20261008 10:19:07.314553   718 feature_extraction.cc:259] Processed file [147/405]
I20261008 10:19:07.316706   718 feature_extraction.cc:262]   Name:            train/frame_0141.jpg
I20261008 10:19:07.319584   718 feature_extraction.cc:271]   Dimensions:      1600 x 900
I20261008 10:19:07.320374   718 feature_extraction.cc:274]   Camera:          #2 - OPENCV
I20261008 10:19:07.321102   718 feature_extraction.cc:277]   Focal Length:    1920.00px
I20261008 10:19:07.321806   718 feature_extraction.cc:281]   Features:        2445
I20261008 10:19:07.484409   718 feature_extraction.cc:259] Processed file [148/405]
I20261008 10:19:07.486789   718 feature_extraction.cc:262]   Name:            train/frame_0142.jpg
I20261008 10:19:07.487317   718 feature_extraction.cc:271]   Dimensions:      1600 x 900
I20261008 10:19:07.488166   718 feature_extraction.cc:274]   Camera:          #2 - OPENCV
I20261008 10:19:07.489856   718 feature_extraction.cc:277]   Focal Length:    1920.00px
I20261008 10:19:07.490671   718 feature_extraction.cc:281]   Features:        2407
I20261008 10:19:07.598879   718 feature_extraction.cc:259] Processed file [149/405]
I20261008 10:19:07.600919   718 feature_extraction.cc:262]   Name:            train/frame_0143.jpg
I20261008 10:19:07.602064   718 feature_extraction.cc:271]   Dimensions:      1600 x 900
I20261008 10:19:07.603055   718 feature_extraction.cc:274]   Camera:          #2 - OPENCV
I20261008 10:19:07.603958   718 feature_extraction.cc:277]   Focal Length:    1920.00px
I20261008 10:19:07.604799   718 feature_extraction.cc:281]   Features:        2510
I20261008 10:19:07.731431   718 feature_extraction.cc:259] Processed file [150/405]
I20261008 10:19:07.732937   718 feature_extraction.cc:262]   Name:            train/frame_0144.jpg
I20261008 10:19:07.734403   718 feature_extraction.cc:271]   Dimensions:      1600 x 900
I20261008 10:19:07.735940   718 feature_extraction.cc:274]   Camera:          #2 - OPENCV
I20261008 10:19:07.736611   718 feature_extraction.cc:277]   Focal Length:    1920.00px
I20261008 10:19:07.737185   718 feature_extraction.cc:281]   Features:        2384
I20261008 10:19:07.799472   718 feature_extraction.cc:259] Processed file [151/405]
I20261008 10:19:07.801903   718 feature_extraction.cc:262]   Name:            train/frame_0145.jpg
I20261008 10:19:07.803251   718 feature_extraction.cc:271]   Dimensions:      1600 x 900
I20261008 10:19:07.804011   718 feature_extraction.cc:274]   Camera:          #2 - OPENCV
I20261008 10:19:07.806576   718 feature_extraction.cc:277]   Focal Length:    1920.00px
I20261008 10:19:07.807209   718 feature_extraction.cc:281]   Features:        2449
I20261008 10:19:07.908874   718 feature_extraction.cc:259] Processed file [152/405]
I20261008 10:19:07.911163   718 feature_extraction.cc:262]   Name:            train/frame_0146.jpg
I20261008 10:19:07.912510   718 feature_extraction.cc:271]   Dimensions:      1600 x 900
I20261008 10:19:07.913162   718 feature_extraction.cc:274]   Camera:          #2 - OPENCV
I20261008 10:19:07.915584   718 feature_extraction.cc:277]   Focal Length:    1920.00px
I20261008 10:19:07.918219   718 feature_extraction.cc:281]   Features:        2356
I20261008 10:19:07.967486   718 feature_extraction.cc:259] Processed file [153/405]
I20261008 10:19:07.973562   718 feature_extraction.cc:262]   Name:            train/frame_0147.jpg
I20261008 10:19:07.975523   718 feature_extraction.cc:271]   Dimensions:      1600 x 900
I20261008 10:19:07.976999   718 feature_extraction.cc:274]   Camera:          #2 - OPENCV
I20261008 10:19:07.978091   718 feature_extraction.cc:277]   Focal Length:    1920.00px
I20261008 10:19:07.978962   718 feature_extraction.cc:281]   Features:        2540
I20261008 10:19:08.189081   718 feature_extraction.cc:259] Processed file [154/405]
I20261008 10:19:08.881981   718 feature_extraction.cc:262]   Name:            train/frame_0148.jpg
I20261008 10:19:08.883118   718 feature_extraction.cc:271]   Dimensions:      1600 x 900
I20261008 10:19:08.886469   718 feature_extraction.cc:274]   Camera:          #2 - OPENCV
I20261008 10:19:08.887422   718 feature_extraction.cc:277]   Focal Length:    1920.00px
I20261008 10:19:08.888895   718 feature_extraction.cc:281]   Features:        2301
I20261008 10:19:08.891513   718 feature_extraction.cc:259] Processed file [155/405]
I20261008 10:19:08.894538   718 feature_extraction.cc:262]   Name:            train/frame_0149.jpg
I20261008 10:19:08.896282   718 feature_extraction.cc:271]   Dimensions:      1600 x 900
I20261008 10:19:08.898968   718 feature_extraction.cc:274]   Camera:          #2 - OPENCV
I20261008 10:19:08.901611   718 feature_extraction.cc:277]   Focal Length:    1920.00px
I20261008 10:19:08.902640   718 feature_extraction.cc:281]   Features:        2509
I20261008 10:19:08.960122   718 feature_extraction.cc:259] Processed file [156/405]
I20261008 10:19:08.961750   718 feature_extraction.cc:262]   Name:            train/frame_0150.jpg
I20261008 10:19:08.964771   718 feature_extraction.cc:271]   Dimensions:      1600 x 900
I20261008 10:19:08.965611   718 feature_extraction.cc:274]   Camera:          #2 - OPENCV
I20261008 10:19:08.966624   718 feature_extraction.cc:277]   Focal Length:    1920.00px
I20261008 10:19:08.969261   718 feature_extraction.cc:281]   Features:        2216
I20261008 10:19:08.985743   718 feature_extraction.cc:259] Processed file [157/405]
I20261008 10:19:08.990960   718 feature_extraction.cc:262]   Name:            train/frame_0151.jpg
I20261008 10:19:08.993357   718 feature_extraction.cc:271]   Dimensions:      1600 x 900
I20261008 10:19:08.994452   718 feature_extraction.cc:274]   Camera:          #2 - OPENCV
I20261008 10:19:08.995268   718 feature_extraction.cc:277]   Focal Length:    1920.00px
I20261008 10:19:08.997429   718 feature_extraction.cc:281]   Features:        2167
I20261008 10:19:09.235247   718 feature_extraction.cc:259] Processed file [158/405]
I20261008 10:19:09.241238   718 feature_extraction.cc:262]   Name:            train/frame_0152.jpg
I20261008 10:19:09.244524   718 feature_extraction.cc:271]   Dimensions:      1600 x 900
I20261008 10:19:09.245189   718 feature_extraction.cc:274]   Camera:          #2 - OPENCV
I20261008 10:19:09.246484   718 feature_extraction.cc:277]   Focal Length:    1920.00px
I20261008 10:19:09.250216   718 feature_extraction.cc:281]   Features:        2495
I20261008 10:19:09.539880   718 feature_extraction.cc:259] Processed file [159/405]
I20261008 10:19:09.541559   718 feature_extraction.cc:262]   Name:            train/frame_0153.jpg
I20261008 10:19:09.544724   718 feature_extraction.cc:271]   Dimensions:      1600 x 900
I20261008 10:19:09.545500   718 feature_extraction.cc:274]   Camera:          #2 - OPENCV
I20261008 10:19:09.546828   718 feature_extraction.cc:277]   Focal Length:    1920.00px
I20261008 10:19:09.547657   718 feature_extraction.cc:281]   Features:        2485
I20261008 10:19:09.809108   718 feature_extraction.cc:259] Processed file [160/405]
I20261008 10:19:09.813750   718 feature_extraction.cc:262]   Name:            train/frame_0154.jpg
I20261008 10:19:09.815897   718 feature_extraction.cc:271]   Dimensions:      1600 x 900
I20261008 10:19:09.819391   718 feature_extraction.cc:274]   Camera:          #2 - OPENCV
I20261008 10:19:09.820287   718 feature_extraction.cc:277]   Focal Length:    1920.00px
I20261008 10:19:09.821206   718 feature_extraction.cc:281]   Features:        2471
I20261008 10:19:10.078154   718 feature_extraction.cc:259] Processed file [161/405]
I20261008 10:19:10.081532   718 feature_extraction.cc:262]   Name:            train/frame_0155.jpg
I20261008 10:19:10.085419   718 feature_extraction.cc:271]   Dimensions:      1600 x 900
I20261008 10:19:10.086709   718 feature_extraction.cc:274]   Camera:          #2 - OPENCV
I20261008 10:19:10.089815   718 feature_extraction.cc:277]   Focal Length:    1920.00px
I20261008 10:19:10.090728   718 feature_extraction.cc:281]   Features:        2421
I20261008 10:19:10.169461   718 feature_extraction.cc:259] Processed file [162/405]
I20261008 10:19:10.172585   718 feature_extraction.cc:262]   Name:            train/frame_0156.jpg
I20261008 10:19:10.173830   718 feature_extraction.cc:271]   Dimensions:      1600 x 900
I20261008 10:19:10.175539   718 feature_extraction.cc:274]   Camera:          #2 - OPENCV
I20261008 10:19:10.176738   718 feature_extraction.cc:277]   Focal Length:    1920.00px
I20261008 10:19:10.177729   718 feature_extraction.cc:281]   Features:        2357
I20261008 10:19:10.238087   718 feature_extraction.cc:259] Processed file [163/405]
I20261008 10:19:10.241475   718 feature_extraction.cc:262]   Name:            train/frame_0157.jpg
I20261008 10:19:10.245221   718 feature_extraction.cc:271]   Dimensions:      1600 x 900
I20261008 10:19:10.252822   718 feature_extraction.cc:274]   Camera:          #2 - OPENCV
I20261008 10:19:10.261330   718 feature_extraction.cc:277]   Focal Length:    1920.00px
I20261008 10:19:10.265761   718 feature_extraction.cc:281]   Features:        2211
I20261008 10:19:10.586189   718 feature_extraction.cc:259] Processed file [164/405]
I20261008 10:19:10.588040   718 feature_extraction.cc:262]   Name:            train/frame_0159.jpg
I20261008 10:19:10.589201   718 feature_extraction.cc:271]   Dimensions:      1600 x 900
I20261008 10:19:10.590147   718 feature_extraction.cc:274]   Camera:          #2 - OPENCV
I20261008 10:19:10.590780   718 feature_extraction.cc:277]   Focal Length:    1920.00px
I20261008 10:19:10.591588   718 feature_extraction.cc:281]   Features:        2455
I20261008 10:19:10.613642   718 feature_extraction.cc:259] Processed file [165/405]
I20261008 10:19:10.618151   718 feature_extraction.cc:262]   Name:            train/frame_0158.jpg
I20261008 10:19:10.619690   718 feature_extraction.cc:271]   Dimensions:      1600 x 900
I20261008 10:19:10.620407   718 feature_extraction.cc:274]   Camera:          #2 - OPENCV
I20261008 10:19:10.621578   718 feature_extraction.cc:277]   Focal Length:    1920.00px
I20261008 10:19:10.623207   718 feature_extraction.cc:281]   Features:        2523
I20261008 10:19:10.930310   718 feature_extraction.cc:259] Processed file [166/405]
I20261008 10:19:12.119994   718 feature_extraction.cc:262]   Name:            train/frame_0160.jpg
I20261008 10:19:12.121157   718 feature_extraction.cc:271]   Dimensions:      1600 x 900
I20261008 10:19:12.122100   718 feature_extraction.cc:274]   Camera:          #2 - OPENCV
I20261008 10:19:12.122555   718 feature_extraction.cc:277]   Focal Length:    1920.00px
I20261008 10:19:12.123106   718 feature_extraction.cc:281]   Features:        2404
I20261008 10:19:12.230856   718 feature_extraction.cc:259] Processed file [167/405]
I20261008 10:19:12.232030   718 feature_extraction.cc:262]   Name:            train/frame_0161.jpg
I20261008 10:19:12.234874   718 feature_extraction.cc:271]   Dimensions:      1600 x 900
I20261008 10:19:12.236752   718 feature_extraction.cc:274]   Camera:          #2 - OPENCV
I20261008 10:19:12.237687   718 feature_extraction.cc:277]   Focal Length:    1920.00px
I20261008 10:19:12.238306   718 feature_extraction.cc:281]   Features:        2338
I20261008 10:19:12.248771   718 feature_extraction.cc:259] Processed file [168/405]
I20261008 10:19:12.250290   718 feature_extraction.cc:262]   Name:            train/frame_0162.jpg
I20261008 10:19:12.251135   718 feature_extraction.cc:271]   Dimensions:      1600 x 900
I20261008 10:19:12.251643   718 feature_extraction.cc:274]   Camera:          #2 - OPENCV
I20261008 10:19:12.252120   718 feature_extraction.cc:277]   Focal Length:    1920.00px
I20261008 10:19:12.252715   718 feature_extraction.cc:281]   Features:        2272
I20261008 10:19:12.260851   718 feature_extraction.cc:259] Processed file [169/405]
I20261008 10:19:12.261742   718 feature_extraction.cc:262]   Name:            train/frame_0163.jpg
I20261008 10:19:12.262558   718 feature_extraction.cc:271]   Dimensions:      1600 x 900
I20261008 10:19:12.263156   718 feature_extraction.cc:274]   Camera:          #2 - OPENCV
I20261008 10:19:12.263715   718 feature_extraction.cc:277]   Focal Length:    1920.00px
I20261008 10:19:12.264447   718 feature_extraction.cc:281]   Features:        2459
I20261008 10:19:12.280825   718 feature_extraction.cc:259] Processed file [170/405]
I20261008 10:19:12.283270   718 feature_extraction.cc:262]   Name:            train/frame_0164.jpg
I20261008 10:19:12.284868   718 feature_extraction.cc:271]   Dimensions:      1600 x 900
I20261008 10:19:12.285686   718 feature_extraction.cc:274]   Camera:          #2 - OPENCV
I20261008 10:19:12.286144   718 feature_extraction.cc:277]   Focal Length:    1920.00px
I20261008 10:19:12.286696   718 feature_extraction.cc:281]   Features:        2417
I20261008 10:19:12.309386   718 feature_extraction.cc:259] Processed file [171/405]
I20261008 10:19:12.311674   718 feature_extraction.cc:262]   Name:            train/frame_0166.jpg
I20261008 10:19:12.313223   718 feature_extraction.cc:271]   Dimensions:      1600 x 900
I20261008 10:19:12.315068   718 feature_extraction.cc:274]   Camera:          #2 - OPENCV
I20261008 10:19:12.315855   718 feature_extraction.cc:277]   Focal Length:    1920.00px
I20261008 10:19:12.316912   718 feature_extraction.cc:281]   Features:        2422
I20261008 10:19:12.332782   718 feature_extraction.cc:259] Processed file [172/405]
I20261008 10:19:12.335741   718 feature_extraction.cc:262]   Name:            train/frame_0168.jpg
I20261008 10:19:12.336524   718 feature_extraction.cc:271]   Dimensions:      1600 x 900
I20261008 10:19:12.337977   718 feature_extraction.cc:274]   Camera:          #2 - OPENCV
I20261008 10:19:12.339185   718 feature_extraction.cc:277]   Focal Length:    1920.00px
I20261008 10:19:12.339757   718 feature_extraction.cc:281]   Features:        2237
I20261008 10:19:12.359249   718 feature_extraction.cc:259] Processed file [173/405]
I20261008 10:19:12.361625   718 feature_extraction.cc:262]   Name:            train/frame_0169.jpg
I20261008 10:19:12.362970   718 feature_extraction.cc:271]   Dimensions:      1600 x 900
I20261008 10:19:12.363727   718 feature_extraction.cc:274]   Camera:          #2 - OPENCV
I20261008 10:19:12.364354   718 feature_extraction.cc:277]   Focal Length:    1920.00px
I20261008 10:19:12.365034   718 feature_extraction.cc:281]   Features:        2368
I20261008 10:19:12.381017   718 feature_extraction.cc:259] Processed file [174/405]
I20261008 10:19:12.384270   718 feature_extraction.cc:262]   Name:            train/frame_0170.jpg
I20261008 10:19:12.385401   718 feature_extraction.cc:271]   Dimensions:      1600 x 900
I20261008 10:19:12.385950   718 feature_extraction.cc:274]   Camera:          #2 - OPENCV
I20261008 10:19:12.386473   718 feature_extraction.cc:277]   Focal Length:    1920.00px
I20261008 10:19:12.387941   718 feature_extraction.cc:281]   Features:        2295
I20261008 10:19:12.406395   718 feature_extraction.cc:259] Processed file [175/405]
I20261008 10:19:12.407706   718 feature_extraction.cc:262]   Name:            train/frame_0171.jpg
I20261008 10:19:12.409250   718 feature_extraction.cc:271]   Dimensions:      1600 x 900
I20261008 10:19:12.409991   718 feature_extraction.cc:274]   Camera:          #2 - OPENCV
I20261008 10:19:12.411310   718 feature_extraction.cc:277]   Focal Length:    1920.00px
I20261008 10:19:12.411904   718 feature_extraction.cc:281]   Features:        2216
I20261008 10:19:12.429519   718 feature_extraction.cc:259] Processed file [176/405]
I20261008 10:19:12.430753   718 feature_extraction.cc:262]   Name:            train/frame_0173.jpg
I20261008 10:19:12.431545   718 feature_extraction.cc:271]   Dimensions:      1600 x 900
I20261008 10:19:12.431986   718 feature_extraction.cc:274]   Camera:          #2 - OPENCV
I20261008 10:19:12.432554   718 feature_extraction.cc:277]   Focal Length:    1920.00px
I20261008 10:19:12.433213   718 feature_extraction.cc:281]   Features:        1857
I20261008 10:19:12.986393   718 feature_extraction.cc:259] Processed file [177/405]
I20261008 10:19:12.988961   718 feature_extraction.cc:262]   Name:            train/frame_0165.jpg
I20261008 10:19:12.989622   718 feature_extraction.cc:271]   Dimensions:      1600 x 900
I20261008 10:19:12.990011   718 feature_extraction.cc:274]   Camera:          #2 - OPENCV
I20261008 10:19:12.990638   718 feature_extraction.cc:277]   Focal Length:    1920.00px
I20261008 10:19:12.991389   718 feature_extraction.cc:281]   Features:        2442
I20261008 10:19:13.611822   718 feature_extraction.cc:259] Processed file [178/405]
I20261008 10:19:13.614264   718 feature_extraction.cc:262]   Name:            train/frame_0167.jpg
I20261008 10:19:13.615108   718 feature_extraction.cc:271]   Dimensions:      1600 x 900
I20261008 10:19:13.615707   718 feature_extraction.cc:274]   Camera:          #2 - OPENCV
I20261008 10:19:13.617334   718 feature_extraction.cc:277]   Focal Length:    1920.00px
I20261008 10:19:13.618122   718 feature_extraction.cc:281]   Features:        2573
I20261008 10:19:14.171510   718 feature_extraction.cc:259] Processed file [179/405]
I20261008 10:19:14.174427   718 feature_extraction.cc:262]   Name:            train/frame_0172.jpg
I20261008 10:19:14.175652   718 feature_extraction.cc:271]   Dimensions:      1600 x 900
I20261008 10:19:14.176412   718 feature_extraction.cc:274]   Camera:          #2 - OPENCV
I20261008 10:19:14.176862   718 feature_extraction.cc:277]   Focal Length:    1920.00px
I20261008 10:19:14.177280   718 feature_extraction.cc:281]   Features:        2020
I20261008 10:19:14.209877   718 feature_extraction.cc:259] Processed file [180/405]
I20261008 10:19:14.210955   718 feature_extraction.cc:262]   Name:            train/frame_0177.jpg
I20261008 10:19:14.211819   718 feature_extraction.cc:271]   Dimensions:      1600 x 900
I20261008 10:19:14.212630   718 feature_extraction.cc:274]   Camera:          #2 - OPENCV
I20261008 10:19:14.213243   718 feature_extraction.cc:277]   Focal Length:    1920.00px
I20261008 10:19:14.213734   718 feature_extraction.cc:281]   Features:        1901
I20261008 10:19:14.241488   718 feature_extraction.cc:259] Processed file [181/405]
I20261008 10:19:14.242499   718 feature_extraction.cc:262]   Name:            train/frame_0174.jpg
I20261008 10:19:14.243079   718 feature_extraction.cc:271]   Dimensions:      1600 x 900
I20261008 10:19:14.243791   718 feature_extraction.cc:274]   Camera:          #2 - OPENCV
I20261008 10:19:14.244506   718 feature_extraction.cc:277]   Focal Length:    1920.00px
I20261008 10:19:14.245232   718 feature_extraction.cc:281]   Features:        2150
I20261008 10:19:14.270211   718 feature_extraction.cc:259] Processed file [182/405]
I20261008 10:19:14.271903   718 feature_extraction.cc:262]   Name:            train/frame_0176.jpg
I20261008 10:19:14.272821   718 feature_extraction.cc:271]   Dimensions:      1600 x 900
I20261008 10:19:14.274108   718 feature_extraction.cc:274]   Camera:          #2 - OPENCV
I20261008 10:19:14.274806   718 feature_extraction.cc:277]   Focal Length:    1920.00px
I20261008 10:19:14.275420   718 feature_extraction.cc:281]   Features:        2042
I20261008 10:19:14.285688   718 feature_extraction.cc:259] Processed file [183/405]
I20261008 10:19:14.287626   718 feature_extraction.cc:262]   Name:            train/frame_0178.jpg
I20261008 10:19:14.288862   718 feature_extraction.cc:271]   Dimensions:      1600 x 900
I20261008 10:19:14.289706   718 feature_extraction.cc:274]   Camera:          #2 - OPENCV
I20261008 10:19:14.290391   718 feature_extraction.cc:277]   Focal Length:    1920.00px
I20261008 10:19:14.291235   718 feature_extraction.cc:281]   Features:        1894
I20261008 10:19:14.309224   718 feature_extraction.cc:259] Processed file [184/405]
I20261008 10:19:14.310762   718 feature_extraction.cc:262]   Name:            train/frame_0179.jpg
I20261008 10:19:14.311777   718 feature_extraction.cc:271]   Dimensions:      1600 x 900
I20261008 10:19:14.312937   718 feature_extraction.cc:274]   Camera:          #2 - OPENCV
I20261008 10:19:14.313711   718 feature_extraction.cc:277]   Focal Length:    1920.00px
I20261008 10:19:14.314232   718 feature_extraction.cc:281]   Features:        1987
I20261008 10:19:14.325417   718 feature_extraction.cc:259] Processed file [185/405]
I20261008 10:19:14.326583   718 feature_extraction.cc:262]   Name:            train/frame_0175.jpg
I20261008 10:19:14.327286   718 feature_extraction.cc:271]   Dimensions:      1600 x 900
I20261008 10:19:14.327811   718 feature_extraction.cc:274]   Camera:          #2 - OPENCV
I20261008 10:19:14.328518   718 feature_extraction.cc:277]   Focal Length:    1920.00px
I20261008 10:19:14.329384   718 feature_extraction.cc:281]   Features:        2084
I20261008 10:19:14.349058   718 feature_extraction.cc:259] Processed file [186/405]
I20261008 10:19:14.351653   718 feature_extraction.cc:262]   Name:            train/frame_0180.jpg
I20261008 10:19:14.352427   718 feature_extraction.cc:271]   Dimensions:      1600 x 900
I20261008 10:19:14.353451   718 feature_extraction.cc:274]   Camera:          #2 - OPENCV
I20261008 10:19:14.354389   718 feature_extraction.cc:277]   Focal Length:    1920.00px
I20261008 10:19:14.355337   718 feature_extraction.cc:281]   Features:        1818
I20261008 10:19:14.381863   718 feature_extraction.cc:259] Processed file [187/405]
I20261008 10:19:14.383882   718 feature_extraction.cc:262]   Name:            train/frame_0182.jpg
I20261008 10:19:14.385059   718 feature_extraction.cc:271]   Dimensions:      1600 x 900
I20261008 10:19:14.385730   718 feature_extraction.cc:274]   Camera:          #2 - OPENCV
I20261008 10:19:14.386466   718 feature_extraction.cc:277]   Focal Length:    1920.00px
I20261008 10:19:14.387352   718 feature_extraction.cc:281]   Features:        2144
I20261008 10:19:14.406560   718 feature_extraction.cc:259] Processed file [188/405]
I20261008 10:19:14.408337   718 feature_extraction.cc:262]   Name:            train/frame_0181.jpg
I20261008 10:19:14.410571   718 feature_extraction.cc:271]   Dimensions:      1600 x 900
I20261008 10:19:14.411434   718 feature_extraction.cc:274]   Camera:          #2 - OPENCV
I20261008 10:19:14.412637   718 feature_extraction.cc:277]   Focal Length:    1920.00px
I20261008 10:19:14.413923   718 feature_extraction.cc:281]   Features:        2103
I20261008 10:19:15.009276   718 feature_extraction.cc:259] Processed file [189/405]
I20261008 10:19:15.010572   718 feature_extraction.cc:262]   Name:            train/frame_0183.jpg
I20261008 10:19:15.011770   718 feature_extraction.cc:271]   Dimensions:      1600 x 900
I20261008 10:19:15.012727   718 feature_extraction.cc:274]   Camera:          #2 - OPENCV
I20261008 10:19:15.013499   718 feature_extraction.cc:277]   Focal Length:    1920.00px
I20261008 10:19:15.014218   718 feature_extraction.cc:281]   Features:        2356
I20261008 10:19:15.673089   718 feature_extraction.cc:259] Processed file [190/405]
I20261008 10:19:15.676733   718 feature_extraction.cc:262]   Name:            train/frame_0184.jpg
I20261008 10:19:15.678941   718 feature_extraction.cc:271]   Dimensions:      1600 x 900
I20261008 10:19:15.680351   718 feature_extraction.cc:274]   Camera:          #2 - OPENCV
I20261008 10:19:15.681082   718 feature_extraction.cc:277]   Focal Length:    1920.00px
I20261008 10:19:15.682772   718 feature_extraction.cc:281]   Features:        2475
I20261008 10:19:16.504449   718 feature_extraction.cc:259] Processed file [191/405]
I20261008 10:19:16.506094   718 feature_extraction.cc:262]   Name:            train/frame_0186.jpg
I20261008 10:19:16.507153   718 feature_extraction.cc:271]   Dimensions:      1600 x 900
I20261008 10:19:16.508496   718 feature_extraction.cc:274]   Camera:          #2 - OPENCV
I20261008 10:19:16.509238   718 feature_extraction.cc:277]   Focal Length:    1920.00px
I20261008 10:19:16.510313   718 feature_extraction.cc:281]   Features:        2162
I20261008 10:19:16.541847   718 feature_extraction.cc:259] Processed file [192/405]
I20261008 10:19:16.543803   718 feature_extraction.cc:262]   Name:            train/frame_0188.jpg
I20261008 10:19:16.544868   718 feature_extraction.cc:271]   Dimensions:      1600 x 900
I20261008 10:19:16.546008   718 feature_extraction.cc:274]   Camera:          #2 - OPENCV
I20261008 10:19:16.546780   718 feature_extraction.cc:277]   Focal Length:    1920.00px
I20261008 10:19:16.547434   718 feature_extraction.cc:281]   Features:        1553
I20261008 10:19:16.561278   718 feature_extraction.cc:259] Processed file [193/405]
I20261008 10:19:16.563248   718 feature_extraction.cc:262]   Name:            train/frame_0185.jpg
I20261008 10:19:16.564200   718 feature_extraction.cc:271]   Dimensions:      1600 x 900
I20261008 10:19:16.566700   718 feature_extraction.cc:274]   Camera:          #2 - OPENCV
I20261008 10:19:16.567411   718 feature_extraction.cc:277]   Focal Length:    1920.00px
I20261008 10:19:16.567994   718 feature_extraction.cc:281]   Features:        2311
I20261008 10:19:16.579923   718 feature_extraction.cc:259] Processed file [194/405]
I20261008 10:19:16.581498   718 feature_extraction.cc:262]   Name:            train/frame_0189.jpg
I20261008 10:19:16.582912   718 feature_extraction.cc:271]   Dimensions:      1600 x 900
I20261008 10:19:16.583693   718 feature_extraction.cc:274]   Camera:          #2 - OPENCV
I20261008 10:19:16.584244   718 feature_extraction.cc:277]   Focal Length:    1920.00px
I20261008 10:19:16.584681   718 feature_extraction.cc:281]   Features:        1843
I20261008 10:19:16.630897   718 feature_extraction.cc:259] Processed file [195/405]
I20261008 10:19:16.632292   718 feature_extraction.cc:262]   Name:            train/frame_0190.jpg
I20261008 10:19:16.633101   718 feature_extraction.cc:271]   Dimensions:      1600 x 900
I20261008 10:19:16.633737   718 feature_extraction.cc:274]   Camera:          #2 - OPENCV
I20261008 10:19:16.634183   718 feature_extraction.cc:277]   Focal Length:    1920.00px
I20261008 10:19:16.634687   718 feature_extraction.cc:281]   Features:        2178
I20261008 10:19:16.662400   718 feature_extraction.cc:259] Processed file [196/405]
I20261008 10:19:16.663591   718 feature_extraction.cc:262]   Name:            train/frame_0187.jpg
I20261008 10:19:16.664187   718 feature_extraction.cc:271]   Dimensions:      1600 x 900
I20261008 10:19:16.664873   718 feature_extraction.cc:274]   Camera:          #2 - OPENCV
I20261008 10:19:16.665566   718 feature_extraction.cc:277]   Focal Length:    1920.00px
I20261008 10:19:16.666039   718 feature_extraction.cc:281]   Features:        2165
I20261008 10:19:16.706177   718 feature_extraction.cc:259] Processed file [197/405]
I20261008 10:19:16.707852   718 feature_extraction.cc:262]   Name:            train/frame_0193.jpg
I20261008 10:19:16.708822   718 feature_extraction.cc:271]   Dimensions:      1600 x 900
I20261008 10:19:16.709411   718 feature_extraction.cc:274]   Camera:          #2 - OPENCV
I20261008 10:19:16.710227   718 feature_extraction.cc:277]   Focal Length:    1920.00px
I20261008 10:19:16.710942   718 feature_extraction.cc:281]   Features:        2013
I20261008 10:19:16.766065   718 feature_extraction.cc:259] Processed file [198/405]
I20261008 10:19:16.767516   718 feature_extraction.cc:262]   Name:            train/frame_0192.jpg
I20261008 10:19:16.768442   718 feature_extraction.cc:271]   Dimensions:      1600 x 900
I20261008 10:19:16.769424   718 feature_extraction.cc:274]   Camera:          #2 - OPENCV
I20261008 10:19:16.770285   718 feature_extraction.cc:277]   Focal Length:    1920.00px
I20261008 10:19:16.770978   718 feature_extraction.cc:281]   Features:        2011
I20261008 10:19:16.808307   718 feature_extraction.cc:259] Processed file [199/405]
I20261008 10:19:16.810039   718 feature_extraction.cc:262]   Name:            train/frame_0191.jpg
I20261008 10:19:16.811144   718 feature_extraction.cc:271]   Dimensions:      1600 x 900
I20261008 10:19:16.811890   718 feature_extraction.cc:274]   Camera:          #2 - OPENCV
I20261008 10:19:16.812548   718 feature_extraction.cc:277]   Focal Length:    1920.00px
I20261008 10:19:16.813100   718 feature_extraction.cc:281]   Features:        2106
I20261008 10:19:16.824383   718 feature_extraction.cc:259] Processed file [200/405]
I20261008 10:19:16.826491   718 feature_extraction.cc:262]   Name:            train/frame_0194.jpg
I20261008 10:19:16.827593   718 feature_extraction.cc:271]   Dimensions:      1600 x 900
I20261008 10:19:16.828289   718 feature_extraction.cc:274]   Camera:          #2 - OPENCV
I20261008 10:19:16.829177   718 feature_extraction.cc:277]   Focal Length:    1920.00px
I20261008 10:19:16.829804   718 feature_extraction.cc:281]   Features:        1988
I20261008 10:19:17.315487   718 feature_extraction.cc:259] Processed file [201/405]
I20261008 10:19:17.317616   718 feature_extraction.cc:262]   Name:            train/frame_0195.jpg
I20261008 10:19:17.318336   718 feature_extraction.cc:271]   Dimensions:      1600 x 900
I20261008 10:19:17.319141   718 feature_extraction.cc:274]   Camera:          #2 - OPENCV
I20261008 10:19:17.319854   718 feature_extraction.cc:277]   Focal Length:    1920.00px
I20261008 10:19:17.320914   718 feature_extraction.cc:281]   Features:        2016
I20261008 10:19:17.780484   718 feature_extraction.cc:259] Processed file [202/405]
I20261008 10:19:17.783779   718 feature_extraction.cc:262]   Name:            train/frame_0196.jpg
I20261008 10:19:17.785358   718 feature_extraction.cc:271]   Dimensions:      1600 x 900
I20261008 10:19:17.786813   718 feature_extraction.cc:274]   Camera:          #2 - OPENCV
I20261008 10:19:17.787992   718 feature_extraction.cc:277]   Focal Length:    1920.00px
I20261008 10:19:17.789119   718 feature_extraction.cc:281]   Features:        1793
I20261008 10:19:18.428553   718 feature_extraction.cc:259] Processed file [203/405]
I20261008 10:19:18.429888   718 feature_extraction.cc:262]   Name:            train/frame_0197.jpg
I20261008 10:19:18.430388   718 feature_extraction.cc:271]   Dimensions:      1600 x 900
I20261008 10:19:18.430940   718 feature_extraction.cc:274]   Camera:          #2 - OPENCV
I20261008 10:19:18.431795   718 feature_extraction.cc:277]   Focal Length:    1920.00px
I20261008 10:19:18.432519   718 feature_extraction.cc:281]   Features:        1579
I20261008 10:19:18.454545   718 feature_extraction.cc:259] Processed file [204/405]
I20261008 10:19:18.460007   718 feature_extraction.cc:262]   Name:            train/frame_0199.jpg
I20261008 10:19:18.462698   718 feature_extraction.cc:271]   Dimensions:      1600 x 900
I20261008 10:19:18.463627   718 feature_extraction.cc:274]   Camera:          #2 - OPENCV
I20261008 10:19:18.464201   718 feature_extraction.cc:277]   Focal Length:    1920.00px
I20261008 10:19:18.465250   718 feature_extraction.cc:281]   Features:        1514
I20261008 10:19:18.497684   718 feature_extraction.cc:259] Processed file [205/405]
I20261008 10:19:18.501073   718 feature_extraction.cc:262]   Name:            train/frame_0198.jpg
I20261008 10:19:18.502319   718 feature_extraction.cc:271]   Dimensions:      1600 x 900
I20261008 10:19:18.503188   718 feature_extraction.cc:274]   Camera:          #2 - OPENCV
I20261008 10:19:18.503764   718 feature_extraction.cc:277]   Focal Length:    1920.00px
I20261008 10:19:18.504248   718 feature_extraction.cc:281]   Features:        1482
I20261008 10:19:18.508872   718 feature_extraction.cc:259] Processed file [206/405]
I20261008 10:19:18.509727   718 feature_extraction.cc:262]   Name:            train/frame_0200.jpg
I20261008 10:19:18.510640   718 feature_extraction.cc:271]   Dimensions:      1600 x 900
I20261008 10:19:18.511401   718 feature_extraction.cc:274]   Camera:          #2 - OPENCV
I20261008 10:19:18.512320   718 feature_extraction.cc:277]   Focal Length:    1920.00px
I20261008 10:19:18.513147   718 feature_extraction.cc:281]   Features:        1684
I20261008 10:19:18.543669   718 feature_extraction.cc:259] Processed file [207/405]
I20261008 10:19:18.546330   718 feature_extraction.cc:262]   Name:            train/frame_0202.jpg
I20261008 10:19:18.547789   718 feature_extraction.cc:271]   Dimensions:      1600 x 900
I20261008 10:19:18.548455   718 feature_extraction.cc:274]   Camera:          #2 - OPENCV
I20261008 10:19:18.549078   718 feature_extraction.cc:277]   Focal Length:    1920.00px
I20261008 10:19:18.549500   718 feature_extraction.cc:281]   Features:        1446
I20261008 10:19:18.573284   718 feature_extraction.cc:259] Processed file [208/405]
I20261008 10:19:18.575903   718 feature_extraction.cc:262]   Name:            train/frame_0201.jpg
I20261008 10:19:18.576741   718 feature_extraction.cc:271]   Dimensions:      1600 x 900
I20261008 10:19:18.578449   718 feature_extraction.cc:274]   Camera:          #2 - OPENCV
I20261008 10:19:18.580111   718 feature_extraction.cc:277]   Focal Length:    1920.00px
I20261008 10:19:18.580919   718 feature_extraction.cc:281]   Features:        1673
I20261008 10:19:18.676436   718 feature_extraction.cc:259] Processed file [209/405]
I20261008 10:19:18.680125   718 feature_extraction.cc:262]   Name:            train/frame_0203.jpg
I20261008 10:19:18.681299   718 feature_extraction.cc:271]   Dimensions:      1600 x 900
I20261008 10:19:18.682471   718 feature_extraction.cc:274]   Camera:          #2 - OPENCV
I20261008 10:19:18.683320   718 feature_extraction.cc:277]   Focal Length:    1920.00px
I20261008 10:19:18.683938   718 feature_extraction.cc:281]   Features:        1467
I20261008 10:19:18.730418   718 feature_extraction.cc:259] Processed file [210/405]
I20261008 10:19:18.734838   718 feature_extraction.cc:262]   Name:            train/frame_0204.jpg
I20261008 10:19:18.736904   718 feature_extraction.cc:271]   Dimensions:      1600 x 900
I20261008 10:19:18.737944   718 feature_extraction.cc:274]   Camera:          #2 - OPENCV
I20261008 10:19:18.738466   718 feature_extraction.cc:277]   Focal Length:    1920.00px
I20261008 10:19:18.738922   718 feature_extraction.cc:281]   Features:        1458
I20261008 10:19:18.755038   718 feature_extraction.cc:259] Processed file [211/405]
I20261008 10:19:18.757486   718 feature_extraction.cc:262]   Name:            train/frame_0206.jpg
I20261008 10:19:18.758816   718 feature_extraction.cc:271]   Dimensions:      1600 x 900
I20261008 10:19:18.759420   718 feature_extraction.cc:274]   Camera:          #2 - OPENCV
I20261008 10:19:18.759979   718 feature_extraction.cc:277]   Focal Length:    1920.00px
I20261008 10:19:18.760886   718 feature_extraction.cc:281]   Features:        1440
I20261008 10:19:18.790463   718 feature_extraction.cc:259] Processed file [212/405]
I20261008 10:19:18.793094   718 feature_extraction.cc:262]   Name:            train/frame_0205.jpg
I20261008 10:19:18.794747   718 feature_extraction.cc:271]   Dimensions:      1600 x 900
I20261008 10:19:18.795828   718 feature_extraction.cc:274]   Camera:          #2 - OPENCV
I20261008 10:19:18.796854   718 feature_extraction.cc:277]   Focal Length:    1920.00px
I20261008 10:19:18.797487   718 feature_extraction.cc:281]   Features:        1379
I20261008 10:19:19.468906   718 feature_extraction.cc:259] Processed file [213/405]
I20261008 10:19:19.471114   718 feature_extraction.cc:262]   Name:            train/frame_0207.jpg
I20261008 10:19:19.471728   718 feature_extraction.cc:271]   Dimensions:      1600 x 900
I20261008 10:19:19.472419   718 feature_extraction.cc:274]   Camera:          #2 - OPENCV
I20261008 10:19:19.473275   718 feature_extraction.cc:277]   Focal Length:    1920.00px
I20261008 10:19:19.474156   718 feature_extraction.cc:281]   Features:        1547
I20261008 10:19:19.801852   718 feature_extraction.cc:259] Processed file [214/405]
I20261008 10:19:19.805528   718 feature_extraction.cc:262]   Name:            train/frame_0208.jpg
I20261008 10:19:19.807096   718 feature_extraction.cc:271]   Dimensions:      1600 x 900
I20261008 10:19:19.807947   718 feature_extraction.cc:274]   Camera:          #2 - OPENCV
I20261008 10:19:19.808634   718 feature_extraction.cc:277]   Focal Length:    1920.00px
I20261008 10:19:19.809532   718 feature_extraction.cc:281]   Features:        1398
I20261008 10:19:20.217298   718 feature_extraction.cc:259] Processed file [215/405]
I20261008 10:19:20.219166   718 feature_extraction.cc:262]   Name:            train/frame_0209.jpg
I20261008 10:19:20.220093   718 feature_extraction.cc:271]   Dimensions:      1600 x 900
I20261008 10:19:20.220701   718 feature_extraction.cc:274]   Camera:          #2 - OPENCV
I20261008 10:19:20.221139   718 feature_extraction.cc:277]   Focal Length:    1920.00px
I20261008 10:19:20.221518   718 feature_extraction.cc:281]   Features:        1370
I20261008 10:19:20.243012   718 feature_extraction.cc:259] Processed file [216/405]
I20261008 10:19:20.245486   718 feature_extraction.cc:262]   Name:            train/frame_0211.jpg
I20261008 10:19:20.246973   718 feature_extraction.cc:271]   Dimensions:      1600 x 900
I20261008 10:19:20.248010   718 feature_extraction.cc:274]   Camera:          #2 - OPENCV
I20261008 10:19:20.248811   718 feature_extraction.cc:277]   Focal Length:    1920.00px
I20261008 10:19:20.249683   718 feature_extraction.cc:281]   Features:        1343
I20261008 10:19:20.260509   718 feature_extraction.cc:259] Processed file [217/405]
I20261008 10:19:20.262808   718 feature_extraction.cc:262]   Name:            train/frame_0210.jpg
I20261008 10:19:20.263893   718 feature_extraction.cc:271]   Dimensions:      1600 x 900
I20261008 10:19:20.265319   718 feature_extraction.cc:274]   Camera:          #2 - OPENCV
I20261008 10:19:20.265873   718 feature_extraction.cc:277]   Focal Length:    1920.00px
I20261008 10:19:20.266464   718 feature_extraction.cc:281]   Features:        1486
I20261008 10:19:20.354519   718 feature_extraction.cc:259] Processed file [218/405]
I20261008 10:19:20.355612   718 feature_extraction.cc:262]   Name:            train/frame_0212.jpg
I20261008 10:19:20.356360   718 feature_extraction.cc:271]   Dimensions:      1600 x 900
I20261008 10:19:20.357100   718 feature_extraction.cc:274]   Camera:          #2 - OPENCV
I20261008 10:19:20.357496   718 feature_extraction.cc:277]   Focal Length:    1920.00px
I20261008 10:19:20.357896   718 feature_extraction.cc:281]   Features:        1322
I20261008 10:19:20.376639   718 feature_extraction.cc:259] Processed file [219/405]
I20261008 10:19:20.378968   718 feature_extraction.cc:262]   Name:            train/frame_0213.jpg
I20261008 10:19:20.379846   718 feature_extraction.cc:271]   Dimensions:      1600 x 900
I20261008 10:19:20.380752   718 feature_extraction.cc:274]   Camera:          #2 - OPENCV
I20261008 10:19:20.381599   718 feature_extraction.cc:277]   Focal Length:    1920.00px
I20261008 10:19:20.382423   718 feature_extraction.cc:281]   Features:        1332
I20261008 10:19:20.391369   718 feature_extraction.cc:259] Processed file [220/405]
I20261008 10:19:20.392446   718 feature_extraction.cc:262]   Name:            train/frame_0214.jpg
I20261008 10:19:20.393128   718 feature_extraction.cc:271]   Dimensions:      1600 x 900
I20261008 10:19:20.393580   718 feature_extraction.cc:274]   Camera:          #2 - OPENCV
I20261008 10:19:20.394145   718 feature_extraction.cc:277]   Focal Length:    1920.00px
I20261008 10:19:20.395691   718 feature_extraction.cc:281]   Features:        1401
I20261008 10:19:20.409889   718 feature_extraction.cc:259] Processed file [221/405]
I20261008 10:19:20.411485   718 feature_extraction.cc:262]   Name:            train/frame_0215.jpg
I20261008 10:19:20.412187   718 feature_extraction.cc:271]   Dimensions:      1600 x 900
I20261008 10:19:20.412771   718 feature_extraction.cc:274]   Camera:          #2 - OPENCV
I20261008 10:19:20.413244   718 feature_extraction.cc:277]   Focal Length:    1920.00px
I20261008 10:19:20.413764   718 feature_extraction.cc:281]   Features:        1478
I20261008 10:19:20.441387   718 feature_extraction.cc:259] Processed file [222/405]
I20261008 10:19:20.443900   718 feature_extraction.cc:262]   Name:            train/frame_0218.jpg
I20261008 10:19:20.444621   718 feature_extraction.cc:271]   Dimensions:      1600 x 900
I20261008 10:19:20.445137   718 feature_extraction.cc:274]   Camera:          #2 - OPENCV
I20261008 10:19:20.445508   718 feature_extraction.cc:277]   Focal Length:    1920.00px
I20261008 10:19:20.445890   718 feature_extraction.cc:281]   Features:        1072
I20261008 10:19:20.471863   718 feature_extraction.cc:259] Processed file [223/405]
I20261008 10:19:20.473801   718 feature_extraction.cc:262]   Name:            train/frame_0216.jpg
I20261008 10:19:20.475045   718 feature_extraction.cc:271]   Dimensions:      1600 x 900
I20261008 10:19:20.475647   718 feature_extraction.cc:274]   Camera:          #2 - OPENCV
I20261008 10:19:20.476495   718 feature_extraction.cc:277]   Focal Length:    1920.00px
I20261008 10:19:20.476965   718 feature_extraction.cc:281]   Features:        1283
I20261008 10:19:20.491360   718 feature_extraction.cc:259] Processed file [224/405]
I20261008 10:19:20.493031   718 feature_extraction.cc:262]   Name:            train/frame_0217.jpg
I20261008 10:19:20.493578   718 feature_extraction.cc:271]   Dimensions:      1600 x 900
I20261008 10:19:20.493913   718 feature_extraction.cc:274]   Camera:          #2 - OPENCV
I20261008 10:19:20.494253   718 feature_extraction.cc:277]   Focal Length:    1920.00px
I20261008 10:19:20.494591   718 feature_extraction.cc:281]   Features:        1327
I20261008 10:19:21.035574   718 feature_extraction.cc:259] Processed file [225/405]
I20261008 10:19:21.037504   718 feature_extraction.cc:262]   Name:            train/frame_0219.jpg
I20261008 10:19:21.038141   718 feature_extraction.cc:271]   Dimensions:      1600 x 900
I20261008 10:19:21.038800   718 feature_extraction.cc:274]   Camera:          #2 - OPENCV
I20261008 10:19:21.039767   718 feature_extraction.cc:277]   Focal Length:    1920.00px
I20261008 10:19:21.040431   718 feature_extraction.cc:281]   Features:        982
I20261008 10:19:21.490000   718 feature_extraction.cc:259] Processed file [226/405]
I20261008 10:19:21.492611   718 feature_extraction.cc:262]   Name:            train/frame_0220.jpg
I20261008 10:19:21.495030   718 feature_extraction.cc:271]   Dimensions:      1600 x 900
I20261008 10:19:21.496336   718 feature_extraction.cc:274]   Camera:          #2 - OPENCV
I20261008 10:19:21.497315   718 feature_extraction.cc:277]   Focal Length:    1920.00px
I20261008 10:19:21.498746   718 feature_extraction.cc:281]   Features:        1051
I20261008 10:19:22.012873   718 feature_extraction.cc:259] Processed file [227/405]
I20261008 10:19:22.015303   718 feature_extraction.cc:262]   Name:            train/frame_0223.jpg
I20261008 10:19:22.016535   718 feature_extraction.cc:271]   Dimensions:      1600 x 900
I20261008 10:19:22.017187   718 feature_extraction.cc:274]   Camera:          #2 - OPENCV
I20261008 10:19:22.017971   718 feature_extraction.cc:277]   Focal Length:    1920.00px
I20261008 10:19:22.018880   718 feature_extraction.cc:281]   Features:        760
I20261008 10:19:22.050137   718 feature_extraction.cc:259] Processed file [228/405]
I20261008 10:19:22.053092   718 feature_extraction.cc:262]   Name:            train/frame_0222.jpg
I20261008 10:19:22.054059   718 feature_extraction.cc:271]   Dimensions:      1600 x 900
I20261008 10:19:22.054512   718 feature_extraction.cc:274]   Camera:          #2 - OPENCV
I20261008 10:19:22.055241   718 feature_extraction.cc:277]   Focal Length:    1920.00px
I20261008 10:19:22.056201   718 feature_extraction.cc:281]   Features:        869
I20261008 10:19:22.073421   718 feature_extraction.cc:259] Processed file [229/405]
I20261008 10:19:22.075045   718 feature_extraction.cc:262]   Name:            train/frame_0224.jpg
I20261008 10:19:22.075927   718 feature_extraction.cc:271]   Dimensions:      1600 x 900
I20261008 10:19:22.077809   718 feature_extraction.cc:274]   Camera:          #2 - OPENCV
I20261008 10:19:22.079563   718 feature_extraction.cc:277]   Focal Length:    1920.00px
I20261008 10:19:22.080452   718 feature_extraction.cc:281]   Features:        741
I20261008 10:19:22.099218   718 feature_extraction.cc:259] Processed file [230/405]
I20261008 10:19:22.100502   718 feature_extraction.cc:262]   Name:            train/frame_0221.jpg
I20261008 10:19:22.101888   718 feature_extraction.cc:271]   Dimensions:      1600 x 900
I20261008 10:19:22.102953   718 feature_extraction.cc:274]   Camera:          #2 - OPENCV
I20261008 10:19:22.103896   718 feature_extraction.cc:277]   Focal Length:    1920.00px
I20261008 10:19:22.104528   718 feature_extraction.cc:281]   Features:        1132
I20261008 10:19:22.214366   718 feature_extraction.cc:259] Processed file [231/405]
I20261008 10:19:22.216820   718 feature_extraction.cc:262]   Name:            train/frame_0225.jpg
I20261008 10:19:22.218263   718 feature_extraction.cc:271]   Dimensions:      1600 x 900
I20261008 10:19:22.219489   718 feature_extraction.cc:274]   Camera:          #2 - OPENCV
I20261008 10:19:22.220736   718 feature_extraction.cc:277]   Focal Length:    1920.00px
I20261008 10:19:22.221398   718 feature_extraction.cc:281]   Features:        674
I20261008 10:19:22.274273   718 feature_extraction.cc:259] Processed file [232/405]
I20261008 10:19:22.275514   718 feature_extraction.cc:262]   Name:            train/frame_0229.jpg
I20261008 10:19:22.279181   718 feature_extraction.cc:271]   Dimensions:      1600 x 900
I20261008 10:19:22.282240   718 feature_extraction.cc:274]   Camera:          #2 - OPENCV
I20261008 10:19:22.283551   718 feature_extraction.cc:277]   Focal Length:    1920.00px
I20261008 10:19:22.284827   718 feature_extraction.cc:281]   Features:        357
I20261008 10:19:22.301492   718 feature_extraction.cc:259] Processed file [233/405]
I20261008 10:19:22.303989   718 feature_extraction.cc:262]   Name:            train/frame_0226.jpg
I20261008 10:19:22.304802   718 feature_extraction.cc:271]   Dimensions:      1600 x 900
I20261008 10:19:22.305889   718 feature_extraction.cc:274]   Camera:          #2 - OPENCV
I20261008 10:19:22.306828   718 feature_extraction.cc:277]   Focal Length:    1920.00px
I20261008 10:19:22.307772   718 feature_extraction.cc:281]   Features:        679
I20261008 10:19:22.320799   718 feature_extraction.cc:259] Processed file [234/405]
I20261008 10:19:22.322268   718 feature_extraction.cc:262]   Name:            train/frame_0227.jpg
I20261008 10:19:22.324121   718 feature_extraction.cc:271]   Dimensions:      1600 x 900
I20261008 10:19:22.324944   718 feature_extraction.cc:274]   Camera:          #2 - OPENCV
I20261008 10:19:22.325423   718 feature_extraction.cc:277]   Focal Length:    1920.00px
I20261008 10:19:22.326134   718 feature_extraction.cc:281]   Features:        594
I20261008 10:19:22.375247   718 feature_extraction.cc:259] Processed file [235/405]
I20261008 10:19:22.378103   718 feature_extraction.cc:262]   Name:            train/frame_0230.jpg
I20261008 10:19:22.379735   718 feature_extraction.cc:271]   Dimensions:      1600 x 900
I20261008 10:19:22.381027   718 feature_extraction.cc:274]   Camera:          #2 - OPENCV
I20261008 10:19:22.382193   718 feature_extraction.cc:277]   Focal Length:    1920.00px
I20261008 10:19:22.383080   718 feature_extraction.cc:281]   Features:        373
I20261008 10:19:22.386212   718 feature_extraction.cc:259] Processed file [236/405]
I20261008 10:19:22.387652   718 feature_extraction.cc:262]   Name:            train/frame_0228.jpg
I20261008 10:19:22.388710   718 feature_extraction.cc:271]   Dimensions:      1600 x 900
I20261008 10:19:22.390156   718 feature_extraction.cc:274]   Camera:          #2 - OPENCV
I20261008 10:19:22.392315   718 feature_extraction.cc:277]   Focal Length:    1920.00px
I20261008 10:19:22.393466   718 feature_extraction.cc:281]   Features:        567
I20261008 10:19:22.835526   718 feature_extraction.cc:259] Processed file [237/405]
I20261008 10:19:22.837245   718 feature_extraction.cc:262]   Name:            train/frame_0231.jpg
I20261008 10:19:22.838127   718 feature_extraction.cc:271]   Dimensions:      1600 x 900
I20261008 10:19:22.838946   718 feature_extraction.cc:274]   Camera:          #2 - OPENCV
I20261008 10:19:22.839640   718 feature_extraction.cc:277]   Focal Length:    1920.00px
I20261008 10:19:22.840196   718 feature_extraction.cc:281]   Features:        301
I20261008 10:19:23.227782   718 feature_extraction.cc:259] Processed file [238/405]
I20261008 10:19:23.230021   718 feature_extraction.cc:262]   Name:            train/frame_0232.jpg
I20261008 10:19:23.232508   718 feature_extraction.cc:271]   Dimensions:      1600 x 900
I20261008 10:19:23.234256   718 feature_extraction.cc:274]   Camera:          #2 - OPENCV
I20261008 10:19:23.235872   718 feature_extraction.cc:277]   Focal Length:    1920.00px
I20261008 10:19:23.237157   718 feature_extraction.cc:281]   Features:        254
I20261008 10:19:23.758965   718 feature_extraction.cc:259] Processed file [239/405]
I20261008 10:19:23.761502   718 feature_extraction.cc:262]   Name:            train/frame_0234.jpg
I20261008 10:19:23.762435   718 feature_extraction.cc:271]   Dimensions:      1600 x 900
I20261008 10:19:23.763267   718 feature_extraction.cc:274]   Camera:          #2 - OPENCV
I20261008 10:19:23.764281   718 feature_extraction.cc:277]   Focal Length:    1920.00px
I20261008 10:19:23.765115   718 feature_extraction.cc:281]   Features:        243
I20261008 10:19:23.799428   718 feature_extraction.cc:259] Processed file [240/405]
I20261008 10:19:23.800935   718 feature_extraction.cc:262]   Name:            train/frame_0233.jpg
I20261008 10:19:23.802680   718 feature_extraction.cc:271]   Dimensions:      1600 x 900
I20261008 10:19:23.803612   718 feature_extraction.cc:274]   Camera:          #2 - OPENCV
I20261008 10:19:23.804386   718 feature_extraction.cc:277]   Focal Length:    1920.00px
I20261008 10:19:23.804926   718 feature_extraction.cc:281]   Features:        196
I20261008 10:19:23.842200   718 feature_extraction.cc:259] Processed file [241/405]
I20261008 10:19:23.844163   718 feature_extraction.cc:262]   Name:            train/frame_0235.jpg
I20261008 10:19:23.845631   718 feature_extraction.cc:271]   Dimensions:      1600 x 900
I20261008 10:19:23.846439   718 feature_extraction.cc:274]   Camera:          #2 - OPENCV
I20261008 10:19:23.847060   718 feature_extraction.cc:277]   Focal Length:    1920.00px
I20261008 10:19:23.847703   718 feature_extraction.cc:281]   Features:        252
I20261008 10:19:23.857061   718 feature_extraction.cc:259] Processed file [242/405]
I20261008 10:19:23.858522   718 feature_extraction.cc:262]   Name:            train/frame_0236.jpg
I20261008 10:19:23.859340   718 feature_extraction.cc:271]   Dimensions:      1600 x 900
I20261008 10:19:23.860392   718 feature_extraction.cc:274]   Camera:          #2 - OPENCV
I20261008 10:19:23.861867   718 feature_extraction.cc:277]   Focal Length:    1920.00px
I20261008 10:19:23.862691   718 feature_extraction.cc:281]   Features:        293
I20261008 10:19:24.128628   718 feature_extraction.cc:259] Processed file [243/405]
I20261008 10:19:24.132797   718 feature_extraction.cc:262]   Name:            train/frame_0237.jpg
I20261008 10:19:24.134271   718 feature_extraction.cc:271]   Dimensions:      1600 x 900
I20261008 10:19:24.135634   718 feature_extraction.cc:274]   Camera:          #2 - OPENCV
I20261008 10:19:24.136657   718 feature_extraction.cc:277]   Focal Length:    1920.00px
I20261008 10:19:24.137367   718 feature_extraction.cc:281]   Features:        252
I20261008 10:19:24.269932   718 feature_extraction.cc:259] Processed file [244/405]
I20261008 10:19:24.271694   718 feature_extraction.cc:262]   Name:            train/frame_0240.jpg
I20261008 10:19:24.273386   718 feature_extraction.cc:271]   Dimensions:      1600 x 900
I20261008 10:19:24.274348   718 feature_extraction.cc:274]   Camera:          #2 - OPENCV
I20261008 10:19:24.274927   718 feature_extraction.cc:277]   Focal Length:    1920.00px
I20261008 10:19:24.275483   718 feature_extraction.cc:281]   Features:        379
I20261008 10:19:24.306624   718 feature_extraction.cc:259] Processed file [245/405]
I20261008 10:19:24.308187   718 feature_extraction.cc:262]   Name:            train/frame_0239.jpg
I20261008 10:19:24.309183   718 feature_extraction.cc:271]   Dimensions:      1600 x 900
I20261008 10:19:24.310250   718 feature_extraction.cc:274]   Camera:          #2 - OPENCV
I20261008 10:19:24.311133   718 feature_extraction.cc:277]   Focal Length:    1920.00px
I20261008 10:19:24.312148   718 feature_extraction.cc:281]   Features:        290
I20261008 10:19:24.328146   718 feature_extraction.cc:259] Processed file [246/405]
I20261008 10:19:24.331379   718 feature_extraction.cc:262]   Name:            train/frame_0238.jpg
I20261008 10:19:24.332998   718 feature_extraction.cc:271]   Dimensions:      1600 x 900
I20261008 10:19:24.333632   718 feature_extraction.cc:274]   Camera:          #2 - OPENCV
I20261008 10:19:24.334465   718 feature_extraction.cc:277]   Focal Length:    1920.00px
I20261008 10:19:24.335877   718 feature_extraction.cc:281]   Features:        302
I20261008 10:19:24.353024   718 feature_extraction.cc:259] Processed file [247/405]
I20261008 10:19:24.354646   718 feature_extraction.cc:262]   Name:            train/frame_0241.jpg
I20261008 10:19:24.356279   718 feature_extraction.cc:271]   Dimensions:      1600 x 900
I20261008 10:19:24.357712   718 feature_extraction.cc:274]   Camera:          #2 - OPENCV
I20261008 10:19:24.358431   718 feature_extraction.cc:277]   Focal Length:    1920.00px
I20261008 10:19:24.359437   718 feature_extraction.cc:281]   Features:        342
I20261008 10:19:24.382335   718 feature_extraction.cc:259] Processed file [248/405]
I20261008 10:19:24.384305   718 feature_extraction.cc:262]   Name:            train/frame_0242.jpg
I20261008 10:19:24.386121   718 feature_extraction.cc:271]   Dimensions:      1600 x 900
I20261008 10:19:24.387231   718 feature_extraction.cc:274]   Camera:          #2 - OPENCV
I20261008 10:19:24.387862   718 feature_extraction.cc:277]   Focal Length:    1920.00px
I20261008 10:19:24.388751   718 feature_extraction.cc:281]   Features:        419
I20261008 10:19:25.000156   718 feature_extraction.cc:259] Processed file [249/405]
I20261008 10:19:25.001904   718 feature_extraction.cc:262]   Name:            train/frame_0243.jpg
I20261008 10:19:25.003219   718 feature_extraction.cc:271]   Dimensions:      1600 x 900
I20261008 10:19:25.003932   718 feature_extraction.cc:274]   Camera:          #2 - OPENCV
I20261008 10:19:25.004760   718 feature_extraction.cc:277]   Focal Length:    1920.00px
I20261008 10:19:25.006572   718 feature_extraction.cc:281]   Features:        505
I20261008 10:19:25.506170   718 feature_extraction.cc:259] Processed file [250/405]
I20261008 10:19:25.508347   718 feature_extraction.cc:262]   Name:            train/frame_0244.jpg
I20261008 10:19:25.510619   718 feature_extraction.cc:271]   Dimensions:      1600 x 900
I20261008 10:19:25.512519   718 feature_extraction.cc:274]   Camera:          #2 - OPENCV
I20261008 10:19:25.514304   718 feature_extraction.cc:277]   Focal Length:    1920.00px
I20261008 10:19:25.515017   718 feature_extraction.cc:281]   Features:        525
I20261008 10:19:25.973881   718 feature_extraction.cc:259] Processed file [251/405]
I20261008 10:19:25.976346   718 feature_extraction.cc:262]   Name:            train/frame_0245.jpg
I20261008 10:19:25.978515   718 feature_extraction.cc:271]   Dimensions:      1600 x 900
I20261008 10:19:25.979497   718 feature_extraction.cc:274]   Camera:          #2 - OPENCV
I20261008 10:19:25.980420   718 feature_extraction.cc:277]   Focal Length:    1920.00px
I20261008 10:19:25.981231   718 feature_extraction.cc:281]   Features:        455
I20261008 10:19:26.052847   718 feature_extraction.cc:259] Processed file [252/405]
I20261008 10:19:26.054505   718 feature_extraction.cc:262]   Name:            train/frame_0247.jpg
I20261008 10:19:26.055926   718 feature_extraction.cc:271]   Dimensions:      1600 x 900
I20261008 10:19:26.056653   718 feature_extraction.cc:274]   Camera:          #2 - OPENCV
I20261008 10:19:26.057302   718 feature_extraction.cc:277]   Focal Length:    1920.00px
I20261008 10:19:26.057927   718 feature_extraction.cc:281]   Features:        417
I20261008 10:19:26.093145   718 feature_extraction.cc:259] Processed file [253/405]
I20261008 10:19:26.094923   718 feature_extraction.cc:262]   Name:            train/frame_0246.jpg
I20261008 10:19:26.095703   718 feature_extraction.cc:271]   Dimensions:      1600 x 900
I20261008 10:19:26.096459   718 feature_extraction.cc:274]   Camera:          #2 - OPENCV
I20261008 10:19:26.097613   718 feature_extraction.cc:277]   Focal Length:    1920.00px
I20261008 10:19:26.098336   718 feature_extraction.cc:281]   Features:        596
I20261008 10:19:26.120092   718 feature_extraction.cc:259] Processed file [254/405]
I20261008 10:19:26.121994   718 feature_extraction.cc:262]   Name:            train/frame_0248.jpg
I20261008 10:19:26.123138   718 feature_extraction.cc:271]   Dimensions:      1600 x 900
I20261008 10:19:26.123970   718 feature_extraction.cc:274]   Camera:          #2 - OPENCV
I20261008 10:19:26.124590   718 feature_extraction.cc:277]   Focal Length:    1920.00px
I20261008 10:19:26.125967   718 feature_extraction.cc:281]   Features:        464
I20261008 10:19:26.331212   718 feature_extraction.cc:259] Processed file [255/405]
I20261008 10:19:26.332473   718 feature_extraction.cc:262]   Name:            train/frame_0250.jpg
I20261008 10:19:26.333088   718 feature_extraction.cc:271]   Dimensions:      1600 x 900
I20261008 10:19:26.334144   718 feature_extraction.cc:274]   Camera:          #2 - OPENCV
I20261008 10:19:26.334949   718 feature_extraction.cc:277]   Focal Length:    1920.00px
I20261008 10:19:26.335430   718 feature_extraction.cc:281]   Features:        622
I20261008 10:19:26.356096   718 feature_extraction.cc:259] Processed file [256/405]
I20261008 10:19:26.357612   718 feature_extraction.cc:262]   Name:            train/frame_0249.jpg
I20261008 10:19:26.358716   718 feature_extraction.cc:271]   Dimensions:      1600 x 900
I20261008 10:19:26.359649   718 feature_extraction.cc:274]   Camera:          #2 - OPENCV
I20261008 10:19:26.360384   718 feature_extraction.cc:277]   Focal Length:    1920.00px
I20261008 10:19:26.361085   718 feature_extraction.cc:281]   Features:        460
I20261008 10:19:26.402531   718 feature_extraction.cc:259] Processed file [257/405]
I20261008 10:19:26.404278   718 feature_extraction.cc:262]   Name:            train/frame_0251.jpg
I20261008 10:19:26.405635   718 feature_extraction.cc:271]   Dimensions:      1600 x 900
I20261008 10:19:26.406257   718 feature_extraction.cc:274]   Camera:          #2 - OPENCV
I20261008 10:19:26.406738   718 feature_extraction.cc:277]   Focal Length:    1920.00px
I20261008 10:19:26.407325   718 feature_extraction.cc:281]   Features:        614
I20261008 10:19:26.624111   718 feature_extraction.cc:259] Processed file [258/405]
I20261008 10:19:26.630890   718 feature_extraction.cc:262]   Name:            train/frame_0253.jpg
I20261008 10:19:26.634214   718 feature_extraction.cc:271]   Dimensions:      1600 x 900
I20261008 10:19:26.635124   718 feature_extraction.cc:274]   Camera:          #2 - OPENCV
I20261008 10:19:26.636101   718 feature_extraction.cc:277]   Focal Length:    1920.00px
I20261008 10:19:26.639117   718 feature_extraction.cc:281]   Features:        966
I20261008 10:19:26.680835   718 feature_extraction.cc:259] Processed file [259/405]
I20261008 10:19:26.682633   718 feature_extraction.cc:262]   Name:            train/frame_0252.jpg
I20261008 10:19:26.685963   718 feature_extraction.cc:271]   Dimensions:      1600 x 900
I20261008 10:19:26.688678   718 feature_extraction.cc:274]   Camera:          #2 - OPENCV
I20261008 10:19:26.690223   718 feature_extraction.cc:277]   Focal Length:    1920.00px
I20261008 10:19:26.691284   718 feature_extraction.cc:281]   Features:        1058
I20261008 10:19:26.822845   718 feature_extraction.cc:259] Processed file [260/405]
I20261008 10:19:26.824373   718 feature_extraction.cc:262]   Name:            train/frame_0254.jpg
I20261008 10:19:26.825335   718 feature_extraction.cc:271]   Dimensions:      1600 x 900
I20261008 10:19:26.826187   718 feature_extraction.cc:274]   Camera:          #2 - OPENCV
I20261008 10:19:26.827179   718 feature_extraction.cc:277]   Focal Length:    1920.00px
I20261008 10:19:26.832250   718 feature_extraction.cc:281]   Features:        1460
I20261008 10:19:27.238991   718 feature_extraction.cc:259] Processed file [261/405]
I20261008 10:19:27.241129   718 feature_extraction.cc:262]   Name:            train/frame_0255.jpg
I20261008 10:19:27.243112   718 feature_extraction.cc:271]   Dimensions:      1600 x 900
I20261008 10:19:27.244473   718 feature_extraction.cc:274]   Camera:          #2 - OPENCV
I20261008 10:19:27.245257   718 feature_extraction.cc:277]   Focal Length:    1920.00px
I20261008 10:19:27.246052   718 feature_extraction.cc:281]   Features:        1247
I20261008 10:19:27.719303   718 feature_extraction.cc:259] Processed file [262/405]
I20261008 10:19:27.725343   718 feature_extraction.cc:262]   Name:            train/frame_0256.jpg
I20261008 10:19:27.727250   718 feature_extraction.cc:271]   Dimensions:      1600 x 900
I20261008 10:19:27.728168   718 feature_extraction.cc:274]   Camera:          #2 - OPENCV
I20261008 10:19:27.728921   718 feature_extraction.cc:277]   Focal Length:    1920.00px
I20261008 10:19:27.730290   718 feature_extraction.cc:281]   Features:        1933
I20261008 10:19:28.262197   718 feature_extraction.cc:259] Processed file [263/405]
I20261008 10:19:28.265038   718 feature_extraction.cc:262]   Name:            train/frame_0257.jpg
I20261008 10:19:28.265902   718 feature_extraction.cc:271]   Dimensions:      1600 x 900
I20261008 10:19:28.266419   718 feature_extraction.cc:274]   Camera:          #2 - OPENCV
I20261008 10:19:28.266892   718 feature_extraction.cc:277]   Focal Length:    1920.00px
I20261008 10:19:28.267414   718 feature_extraction.cc:281]   Features:        1885
I20261008 10:19:28.310667   718 feature_extraction.cc:259] Processed file [264/405]
I20261008 10:19:28.311918   718 feature_extraction.cc:262]   Name:            train/frame_0258.jpg
I20261008 10:19:28.312944   718 feature_extraction.cc:271]   Dimensions:      1600 x 900
I20261008 10:19:28.313831   718 feature_extraction.cc:274]   Camera:          #2 - OPENCV
I20261008 10:19:28.314929   718 feature_extraction.cc:277]   Focal Length:    1920.00px
I20261008 10:19:28.315685   718 feature_extraction.cc:281]   Features:        1602
I20261008 10:19:28.354521   718 feature_extraction.cc:259] Processed file [265/405]
I20261008 10:19:28.355677   718 feature_extraction.cc:262]   Name:            train/frame_0260.jpg
I20261008 10:19:28.356556   718 feature_extraction.cc:271]   Dimensions:      1600 x 900
I20261008 10:19:28.357054   718 feature_extraction.cc:274]   Camera:          #2 - OPENCV
I20261008 10:19:28.357558   718 feature_extraction.cc:277]   Focal Length:    1920.00px
I20261008 10:19:28.358857   718 feature_extraction.cc:281]   Features:        1305
I20261008 10:19:28.363394   718 feature_extraction.cc:259] Processed file [266/405]
I20261008 10:19:28.368933   718 feature_extraction.cc:262]   Name:            train/frame_0259.jpg
I20261008 10:19:28.369856   718 feature_extraction.cc:271]   Dimensions:      1600 x 900
I20261008 10:19:28.370510   718 feature_extraction.cc:274]   Camera:          #2 - OPENCV
I20261008 10:19:28.371022   718 feature_extraction.cc:277]   Focal Length:    1920.00px
I20261008 10:19:28.371742   718 feature_extraction.cc:281]   Features:        1395
I20261008 10:19:28.619853   718 feature_extraction.cc:259] Processed file [267/405]
I20261008 10:19:28.622463   718 feature_extraction.cc:262]   Name:            train/frame_0261.jpg
I20261008 10:19:28.623685   718 feature_extraction.cc:271]   Dimensions:      1600 x 900
I20261008 10:19:28.624336   718 feature_extraction.cc:274]   Camera:          #2 - OPENCV
I20261008 10:19:28.624855   718 feature_extraction.cc:277]   Focal Length:    1920.00px
I20261008 10:19:28.625329   718 feature_extraction.cc:281]   Features:        2019
I20261008 10:19:28.736459   718 feature_extraction.cc:259] Processed file [268/405]
I20261008 10:19:28.738003   718 feature_extraction.cc:262]   Name:            train/frame_0262.jpg
I20261008 10:19:28.738641   718 feature_extraction.cc:271]   Dimensions:      1600 x 900
I20261008 10:19:28.739018   718 feature_extraction.cc:274]   Camera:          #2 - OPENCV
I20261008 10:19:28.739387   718 feature_extraction.cc:277]   Focal Length:    1920.00px
I20261008 10:19:28.739800   718 feature_extraction.cc:281]   Features:        1756
I20261008 10:19:28.752880   718 feature_extraction.cc:259] Processed file [269/405]
I20261008 10:19:28.754812   718 feature_extraction.cc:262]   Name:            train/frame_0263.jpg
I20261008 10:19:28.756027   718 feature_extraction.cc:271]   Dimensions:      1600 x 900
I20261008 10:19:28.756625   718 feature_extraction.cc:274]   Camera:          #2 - OPENCV
I20261008 10:19:28.757478   718 feature_extraction.cc:277]   Focal Length:    1920.00px
I20261008 10:19:28.758105   718 feature_extraction.cc:281]   Features:        2484
I20261008 10:19:28.892920   718 feature_extraction.cc:259] Processed file [270/405]
I20261008 10:19:28.897002   718 feature_extraction.cc:262]   Name:            train/frame_0264.jpg
I20261008 10:19:28.897751   718 feature_extraction.cc:271]   Dimensions:      1600 x 900
I20261008 10:19:28.898187   718 feature_extraction.cc:274]   Camera:          #2 - OPENCV
I20261008 10:19:28.898615   718 feature_extraction.cc:277]   Focal Length:    1920.00px
I20261008 10:19:28.899165   718 feature_extraction.cc:281]   Features:        2594
I20261008 10:19:28.925932   718 feature_extraction.cc:259] Processed file [271/405]
I20261008 10:19:28.927635   718 feature_extraction.cc:262]   Name:            train/frame_0265.jpg
I20261008 10:19:28.928267   718 feature_extraction.cc:271]   Dimensions:      1600 x 900
I20261008 10:19:28.929209   718 feature_extraction.cc:274]   Camera:          #2 - OPENCV
I20261008 10:19:28.930109   718 feature_extraction.cc:277]   Focal Length:    1920.00px
I20261008 10:19:28.930698   718 feature_extraction.cc:281]   Features:        2518
I20261008 10:19:28.968782   718 feature_extraction.cc:259] Processed file [272/405]
I20261008 10:19:28.973812   718 feature_extraction.cc:262]   Name:            train/frame_0266.jpg
I20261008 10:19:28.974912   718 feature_extraction.cc:271]   Dimensions:      1600 x 900
I20261008 10:19:28.975318   718 feature_extraction.cc:274]   Camera:          #2 - OPENCV
I20261008 10:19:28.975630   718 feature_extraction.cc:277]   Focal Length:    1920.00px
I20261008 10:19:28.975939   718 feature_extraction.cc:281]   Features:        2778
I20261008 10:19:29.264439   718 feature_extraction.cc:259] Processed file [273/405]
I20261008 10:19:29.265888   718 feature_extraction.cc:262]   Name:            train/frame_0267.jpg
I20261008 10:19:29.266834   718 feature_extraction.cc:271]   Dimensions:      1600 x 900
I20261008 10:19:29.267302   718 feature_extraction.cc:274]   Camera:          #2 - OPENCV
I20261008 10:19:29.267700   718 feature_extraction.cc:277]   Focal Length:    1920.00px
I20261008 10:19:29.268438   718 feature_extraction.cc:281]   Features:        2309
I20261008 10:19:29.564850   718 feature_extraction.cc:259] Processed file [274/405]
I20261008 10:19:29.569015   718 feature_extraction.cc:262]   Name:            train/frame_0268.jpg
I20261008 10:19:29.569742   718 feature_extraction.cc:271]   Dimensions:      1600 x 900
I20261008 10:19:29.570190   718 feature_extraction.cc:274]   Camera:          #2 - OPENCV
I20261008 10:19:29.570618   718 feature_extraction.cc:277]   Focal Length:    1920.00px
I20261008 10:19:29.571013   718 feature_extraction.cc:281]   Features:        2364
I20261008 10:19:30.185444   718 feature_extraction.cc:259] Processed file [275/405]
I20261008 10:19:30.187224   718 feature_extraction.cc:262]   Name:            train/frame_0269.jpg
I20261008 10:19:30.188504   718 feature_extraction.cc:271]   Dimensions:      1600 x 900
I20261008 10:19:30.189195   718 feature_extraction.cc:274]   Camera:          #2 - OPENCV
I20261008 10:19:30.189571   718 feature_extraction.cc:277]   Focal Length:    1920.00px
I20261008 10:19:30.189970   718 feature_extraction.cc:281]   Features:        2864
I20261008 10:19:30.214551   718 feature_extraction.cc:259] Processed file [276/405]
I20261008 10:19:30.216051   718 feature_extraction.cc:262]   Name:            train/frame_0270.jpg
I20261008 10:19:30.217094   718 feature_extraction.cc:271]   Dimensions:      1600 x 900
I20261008 10:19:30.217635   718 feature_extraction.cc:274]   Camera:          #2 - OPENCV
I20261008 10:19:30.218083   718 feature_extraction.cc:277]   Focal Length:    1920.00px
I20261008 10:19:30.218459   718 feature_extraction.cc:281]   Features:        2831
I20261008 10:19:30.251715   718 feature_extraction.cc:259] Processed file [277/405]
I20261008 10:19:30.253782   718 feature_extraction.cc:262]   Name:            train/frame_0272.jpg
I20261008 10:19:30.254904   718 feature_extraction.cc:271]   Dimensions:      1600 x 900
I20261008 10:19:30.255565   718 feature_extraction.cc:274]   Camera:          #2 - OPENCV
I20261008 10:19:30.256054   718 feature_extraction.cc:277]   Focal Length:    1920.00px
I20261008 10:19:30.256501   718 feature_extraction.cc:281]   Features:        2901
I20261008 10:19:30.309805   718 feature_extraction.cc:259] Processed file [278/405]
I20261008 10:19:30.311146   718 feature_extraction.cc:262]   Name:            train/frame_0271.jpg
I20261008 10:19:30.311774   718 feature_extraction.cc:271]   Dimensions:      1600 x 900
I20261008 10:19:30.312310   718 feature_extraction.cc:274]   Camera:          #2 - OPENCV
I20261008 10:19:30.312811   718 feature_extraction.cc:277]   Focal Length:    1920.00px
I20261008 10:19:30.313405   718 feature_extraction.cc:281]   Features:        2840
I20261008 10:19:30.477905   718 feature_extraction.cc:259] Processed file [279/405]
I20261008 10:19:30.485622   718 feature_extraction.cc:262]   Name:            train/frame_0273.jpg
I20261008 10:19:30.486528   718 feature_extraction.cc:271]   Dimensions:      1600 x 900
I20261008 10:19:30.487515   718 feature_extraction.cc:274]   Camera:          #2 - OPENCV
I20261008 10:19:30.488333   718 feature_extraction.cc:277]   Focal Length:    1920.00px
I20261008 10:19:30.489444   718 feature_extraction.cc:281]   Features:        2915
I20261008 10:19:30.511366   718 feature_extraction.cc:259] Processed file [280/405]
I20261008 10:19:30.513330   718 feature_extraction.cc:262]   Name:            train/frame_0274.jpg
I20261008 10:19:30.514505   718 feature_extraction.cc:271]   Dimensions:      1600 x 900
I20261008 10:19:30.515183   718 feature_extraction.cc:274]   Camera:          #2 - OPENCV
I20261008 10:19:30.515733   718 feature_extraction.cc:277]   Focal Length:    1920.00px
I20261008 10:19:30.516115   718 feature_extraction.cc:281]   Features:        3129
I20261008 10:19:30.630689   718 feature_extraction.cc:259] Processed file [281/405]
I20261008 10:19:30.632719   718 feature_extraction.cc:262]   Name:            train/frame_0275.jpg
I20261008 10:19:30.635133   718 feature_extraction.cc:271]   Dimensions:      1600 x 900
I20261008 10:19:30.635883   718 feature_extraction.cc:274]   Camera:          #2 - OPENCV
I20261008 10:19:30.636416   718 feature_extraction.cc:277]   Focal Length:    1920.00px
I20261008 10:19:30.636843   718 feature_extraction.cc:281]   Features:        2963
I20261008 10:19:30.843120   718 feature_extraction.cc:259] Processed file [282/405]
I20261008 10:19:30.845592   718 feature_extraction.cc:262]   Name:            train/frame_0276.jpg
I20261008 10:19:30.847275   718 feature_extraction.cc:271]   Dimensions:      1600 x 900
I20261008 10:19:30.848330   718 feature_extraction.cc:274]   Camera:          #2 - OPENCV
I20261008 10:19:30.849416   718 feature_extraction.cc:277]   Focal Length:    1920.00px
I20261008 10:19:30.850121   718 feature_extraction.cc:281]   Features:        2971
I20261008 10:19:30.868199   718 feature_extraction.cc:259] Processed file [283/405]
I20261008 10:19:30.870235   718 feature_extraction.cc:262]   Name:            train/frame_0277.jpg
I20261008 10:19:30.871642   718 feature_extraction.cc:271]   Dimensions:      1600 x 900
I20261008 10:19:30.872339   718 feature_extraction.cc:274]   Camera:          #2 - OPENCV
I20261008 10:19:30.872872   718 feature_extraction.cc:277]   Focal Length:    1920.00px
I20261008 10:19:30.873904   718 feature_extraction.cc:281]   Features:        3103
I20261008 10:19:30.929539   718 feature_extraction.cc:259] Processed file [284/405]
I20261008 10:19:30.931398   718 feature_extraction.cc:262]   Name:            train/frame_0278.jpg
I20261008 10:19:30.931998   718 feature_extraction.cc:271]   Dimensions:      1600 x 900
I20261008 10:19:30.932487   718 feature_extraction.cc:274]   Camera:          #2 - OPENCV
I20261008 10:19:30.933192   718 feature_extraction.cc:277]   Focal Length:    1920.00px
I20261008 10:19:30.933748   718 feature_extraction.cc:281]   Features:        3086
I20261008 10:19:31.327229   718 feature_extraction.cc:259] Processed file [285/405]
I20261008 10:19:31.328577   718 feature_extraction.cc:262]   Name:            train/frame_0279.jpg
I20261008 10:19:31.329195   718 feature_extraction.cc:271]   Dimensions:      1600 x 900
I20261008 10:19:31.329612   718 feature_extraction.cc:274]   Camera:          #2 - OPENCV
I20261008 10:19:31.329963   718 feature_extraction.cc:277]   Focal Length:    1920.00px
I20261008 10:19:31.330283   718 feature_extraction.cc:281]   Features:        3371
I20261008 10:19:31.631683   718 feature_extraction.cc:259] Processed file [286/405]
I20261008 10:19:31.633782   718 feature_extraction.cc:262]   Name:            train/frame_0280.jpg
I20261008 10:19:31.634421   718 feature_extraction.cc:271]   Dimensions:      1600 x 900
I20261008 10:19:31.634845   718 feature_extraction.cc:274]   Camera:          #2 - OPENCV
I20261008 10:19:31.635376   718 feature_extraction.cc:277]   Focal Length:    1920.00px
I20261008 10:19:31.636303   718 feature_extraction.cc:281]   Features:        3155
I20261008 10:19:32.140453   718 feature_extraction.cc:259] Processed file [287/405]
I20261008 10:19:32.142349   718 feature_extraction.cc:262]   Name:            train/frame_0281.jpg
I20261008 10:19:32.143527   718 feature_extraction.cc:271]   Dimensions:      1600 x 900
I20261008 10:19:32.144127   718 feature_extraction.cc:274]   Camera:          #2 - OPENCV
I20261008 10:19:32.144718   718 feature_extraction.cc:277]   Focal Length:    1920.00px
I20261008 10:19:32.145407   718 feature_extraction.cc:281]   Features:        2771
I20261008 10:19:32.181618   718 feature_extraction.cc:259] Processed file [288/405]
I20261008 10:19:32.183899   718 feature_extraction.cc:262]   Name:            train/frame_0284.jpg
I20261008 10:19:32.184559   718 feature_extraction.cc:271]   Dimensions:      1600 x 900
I20261008 10:19:32.185091   718 feature_extraction.cc:274]   Camera:          #2 - OPENCV
I20261008 10:19:32.185580   718 feature_extraction.cc:277]   Focal Length:    1920.00px
I20261008 10:19:32.187090   718 feature_extraction.cc:281]   Features:        2485
I20261008 10:19:32.221082   718 feature_extraction.cc:259] Processed file [289/405]
I20261008 10:19:32.222258   718 feature_extraction.cc:262]   Name:            train/frame_0283.jpg
I20261008 10:19:32.223109   718 feature_extraction.cc:271]   Dimensions:      1600 x 900
I20261008 10:19:32.223730   718 feature_extraction.cc:274]   Camera:          #2 - OPENCV
I20261008 10:19:32.224638   718 feature_extraction.cc:277]   Focal Length:    1920.00px
I20261008 10:19:32.225406   718 feature_extraction.cc:281]   Features:        2736
I20261008 10:19:32.240180   718 feature_extraction.cc:259] Processed file [290/405]
I20261008 10:19:32.242334   718 feature_extraction.cc:262]   Name:            train/frame_0282.jpg
I20261008 10:19:32.243009   718 feature_extraction.cc:271]   Dimensions:      1600 x 900
I20261008 10:19:32.243641   718 feature_extraction.cc:274]   Camera:          #2 - OPENCV
I20261008 10:19:32.244242   718 feature_extraction.cc:277]   Focal Length:    1920.00px
I20261008 10:19:32.244818   718 feature_extraction.cc:281]   Features:        3052
I20261008 10:19:32.373955   718 feature_extraction.cc:259] Processed file [291/405]
I20261008 10:19:32.380910   718 feature_extraction.cc:262]   Name:            train/frame_0285.jpg
I20261008 10:19:32.381788   718 feature_extraction.cc:271]   Dimensions:      1600 x 900
I20261008 10:19:32.382632   718 feature_extraction.cc:274]   Camera:          #2 - OPENCV
I20261008 10:19:32.383421   718 feature_extraction.cc:277]   Focal Length:    1920.00px
I20261008 10:19:32.384023   718 feature_extraction.cc:281]   Features:        2857
I20261008 10:19:32.427150   718 feature_extraction.cc:259] Processed file [292/405]
I20261008 10:19:32.429458   718 feature_extraction.cc:262]   Name:            train/frame_0286.jpg
I20261008 10:19:32.430898   718 feature_extraction.cc:271]   Dimensions:      1600 x 900
I20261008 10:19:32.431915   718 feature_extraction.cc:274]   Camera:          #2 - OPENCV
I20261008 10:19:32.432557   718 feature_extraction.cc:277]   Focal Length:    1920.00px
I20261008 10:19:32.433220   718 feature_extraction.cc:281]   Features:        2929
I20261008 10:19:32.519824   718 feature_extraction.cc:259] Processed file [293/405]
I20261008 10:19:32.522607   718 feature_extraction.cc:262]   Name:            train/frame_0287.jpg
I20261008 10:19:32.523501   718 feature_extraction.cc:271]   Dimensions:      1600 x 900
I20261008 10:19:32.524026   718 feature_extraction.cc:274]   Camera:          #2 - OPENCV
I20261008 10:19:32.524538   718 feature_extraction.cc:277]   Focal Length:    1920.00px
I20261008 10:19:32.525195   718 feature_extraction.cc:281]   Features:        2950
I20261008 10:19:32.779647   718 feature_extraction.cc:259] Processed file [294/405]
I20261008 10:19:32.781100   718 feature_extraction.cc:262]   Name:            train/frame_0288.jpg
I20261008 10:19:32.782128   718 feature_extraction.cc:271]   Dimensions:      1600 x 900
I20261008 10:19:32.782716   718 feature_extraction.cc:274]   Camera:          #2 - OPENCV
I20261008 10:19:32.783434   718 feature_extraction.cc:277]   Focal Length:    1920.00px
I20261008 10:19:32.784010   718 feature_extraction.cc:281]   Features:        3067
I20261008 10:19:32.846678   718 feature_extraction.cc:259] Processed file [295/405]
I20261008 10:19:32.858788   718 feature_extraction.cc:262]   Name:            train/frame_0289.jpg
I20261008 10:19:32.862498   718 feature_extraction.cc:271]   Dimensions:      1600 x 900
I20261008 10:19:32.863370   718 feature_extraction.cc:274]   Camera:          #2 - OPENCV
I20261008 10:19:32.868510   718 feature_extraction.cc:277]   Focal Length:    1920.00px
I20261008 10:19:32.879366   718 feature_extraction.cc:281]   Features:        3272
I20261008 10:19:33.016789   718 feature_extraction.cc:259] Processed file [296/405]
I20261008 10:19:33.021309   718 feature_extraction.cc:262]   Name:            train/frame_0290.jpg
I20261008 10:19:33.025219   718 feature_extraction.cc:271]   Dimensions:      1600 x 900
I20261008 10:19:33.026600   718 feature_extraction.cc:274]   Camera:          #2 - OPENCV
I20261008 10:19:33.027112   718 feature_extraction.cc:277]   Focal Length:    1920.00px
I20261008 10:19:33.027830   718 feature_extraction.cc:281]   Features:        3126
I20261008 10:19:33.369433   718 feature_extraction.cc:259] Processed file [297/405]
I20261008 10:19:33.372851   718 feature_extraction.cc:262]   Name:            train/frame_0291.jpg
I20261008 10:19:33.373915   718 feature_extraction.cc:271]   Dimensions:      1600 x 900
I20261008 10:19:33.374434   718 feature_extraction.cc:274]   Camera:          #2 - OPENCV
I20261008 10:19:33.374926   718 feature_extraction.cc:277]   Focal Length:    1920.00px
I20261008 10:19:33.375404   718 feature_extraction.cc:281]   Features:        3373
I20261008 10:19:33.737665   718 feature_extraction.cc:259] Processed file [298/405]
I20261008 10:19:33.739243   718 feature_extraction.cc:262]   Name:            train/frame_0292.jpg
I20261008 10:19:33.741004   718 feature_extraction.cc:271]   Dimensions:      1600 x 900
I20261008 10:19:33.742031   718 feature_extraction.cc:274]   Camera:          #2 - OPENCV
I20261008 10:19:33.742559   718 feature_extraction.cc:277]   Focal Length:    1920.00px
I20261008 10:19:33.743216   718 feature_extraction.cc:281]   Features:        3091
I20261008 10:19:34.378153   718 feature_extraction.cc:259] Processed file [299/405]
I20261008 10:19:34.379674   718 feature_extraction.cc:262]   Name:            train/frame_0293.jpg
I20261008 10:19:34.380563   718 feature_extraction.cc:271]   Dimensions:      1600 x 900
I20261008 10:19:34.381266   718 feature_extraction.cc:274]   Camera:          #2 - OPENCV
I20261008 10:19:34.382056   718 feature_extraction.cc:277]   Focal Length:    1920.00px
I20261008 10:19:34.383037   718 feature_extraction.cc:281]   Features:        3433
I20261008 10:19:34.426772   718 feature_extraction.cc:259] Processed file [300/405]
I20261008 10:19:34.430927   718 feature_extraction.cc:262]   Name:            train/frame_0294.jpg
I20261008 10:19:34.432528   718 feature_extraction.cc:271]   Dimensions:      1600 x 900
I20261008 10:19:34.434195   718 feature_extraction.cc:274]   Camera:          #2 - OPENCV
I20261008 10:19:34.434760   718 feature_extraction.cc:277]   Focal Length:    1920.00px
I20261008 10:19:34.435539   718 feature_extraction.cc:281]   Features:        2935
I20261008 10:19:34.468181   718 feature_extraction.cc:259] Processed file [301/405]
I20261008 10:19:34.471554   718 feature_extraction.cc:262]   Name:            train/frame_0296.jpg
I20261008 10:19:34.472536   718 feature_extraction.cc:271]   Dimensions:      1600 x 900
I20261008 10:19:34.476464   718 feature_extraction.cc:274]   Camera:          #2 - OPENCV
I20261008 10:19:34.477901   718 feature_extraction.cc:277]   Focal Length:    1920.00px
I20261008 10:19:34.478649   718 feature_extraction.cc:281]   Features:        2913
I20261008 10:19:34.521030   718 feature_extraction.cc:259] Processed file [302/405]
I20261008 10:19:34.523916   718 feature_extraction.cc:262]   Name:            train/frame_0295.jpg
I20261008 10:19:34.526067   718 feature_extraction.cc:271]   Dimensions:      1600 x 900
I20261008 10:19:34.526758   718 feature_extraction.cc:274]   Camera:          #2 - OPENCV
I20261008 10:19:34.527473   718 feature_extraction.cc:277]   Focal Length:    1920.00px
I20261008 10:19:34.528399   718 feature_extraction.cc:281]   Features:        3078
I20261008 10:19:34.680366   718 feature_extraction.cc:259] Processed file [303/405]
I20261008 10:19:34.681687   718 feature_extraction.cc:262]   Name:            train/frame_0297.jpg
I20261008 10:19:34.682658   718 feature_extraction.cc:271]   Dimensions:      1600 x 900
I20261008 10:19:34.683224   718 feature_extraction.cc:274]   Camera:          #2 - OPENCV
I20261008 10:19:34.684126   718 feature_extraction.cc:277]   Focal Length:    1920.00px
I20261008 10:19:34.684868   718 feature_extraction.cc:281]   Features:        2751
I20261008 10:19:34.776937   718 feature_extraction.cc:259] Processed file [304/405]
I20261008 10:19:34.779086   718 feature_extraction.cc:262]   Name:            train/frame_0299.jpg
I20261008 10:19:34.780153   718 feature_extraction.cc:271]   Dimensions:      1600 x 900
I20261008 10:19:34.780900   718 feature_extraction.cc:274]   Camera:          #2 - OPENCV
I20261008 10:19:34.781530   718 feature_extraction.cc:277]   Focal Length:    1920.00px
I20261008 10:19:34.782621   718 feature_extraction.cc:281]   Features:        2865
I20261008 10:19:34.817406   718 feature_extraction.cc:259] Processed file [305/405]
I20261008 10:19:34.818553   718 feature_extraction.cc:262]   Name:            train/frame_0298.jpg
I20261008 10:19:34.819255   718 feature_extraction.cc:271]   Dimensions:      1600 x 900
I20261008 10:19:34.820415   718 feature_extraction.cc:274]   Camera:          #2 - OPENCV
I20261008 10:19:34.821008   718 feature_extraction.cc:277]   Focal Length:    1920.00px
I20261008 10:19:34.821686   718 feature_extraction.cc:281]   Features:        2807
I20261008 10:19:34.969048   718 feature_extraction.cc:259] Processed file [306/405]
I20261008 10:19:34.970083   718 feature_extraction.cc:262]   Name:            train/frame_0300.jpg
I20261008 10:19:34.970597   718 feature_extraction.cc:271]   Dimensions:      1600 x 900
I20261008 10:19:34.970937   718 feature_extraction.cc:274]   Camera:          #2 - OPENCV
I20261008 10:19:34.971309   718 feature_extraction.cc:277]   Focal Length:    1920.00px
I20261008 10:19:34.971827   718 feature_extraction.cc:281]   Features:        2808
I20261008 10:19:35.112944   718 feature_extraction.cc:259] Processed file [307/405]
I20261008 10:19:35.114244   718 feature_extraction.cc:262]   Name:            train/frame_0301.jpg
I20261008 10:19:35.115540   718 feature_extraction.cc:271]   Dimensions:      1600 x 900
I20261008 10:19:35.116189   718 feature_extraction.cc:274]   Camera:          #2 - OPENCV
I20261008 10:19:35.116855   718 feature_extraction.cc:277]   Focal Length:    1920.00px
I20261008 10:19:35.117518   718 feature_extraction.cc:281]   Features:        2678
I20261008 10:19:35.174671   718 feature_extraction.cc:259] Processed file [308/405]
I20261008 10:19:35.175589   718 feature_extraction.cc:262]   Name:            train/frame_0302.jpg
I20261008 10:19:35.176235   718 feature_extraction.cc:271]   Dimensions:      1600 x 900
I20261008 10:19:35.177899   718 feature_extraction.cc:274]   Camera:          #2 - OPENCV
I20261008 10:19:35.178718   718 feature_extraction.cc:277]   Focal Length:    1920.00px
I20261008 10:19:35.179327   718 feature_extraction.cc:281]   Features:        2521
I20261008 10:19:35.351588   718 feature_extraction.cc:259] Processed file [309/405]
I20261008 10:19:35.353554   718 feature_extraction.cc:262]   Name:            train/frame_0303.jpg
I20261008 10:19:35.354462   718 feature_extraction.cc:271]   Dimensions:      1600 x 900
I20261008 10:19:35.355316   718 feature_extraction.cc:274]   Camera:          #2 - OPENCV
I20261008 10:19:35.356421   718 feature_extraction.cc:277]   Focal Length:    1920.00px
I20261008 10:19:35.357146   718 feature_extraction.cc:281]   Features:        2416
I20261008 10:19:35.709209   718 feature_extraction.cc:259] Processed file [310/405]
I20261008 10:19:35.712174   718 feature_extraction.cc:262]   Name:            train/frame_0304.jpg
I20261008 10:19:35.713743   718 feature_extraction.cc:271]   Dimensions:      1600 x 900
I20261008 10:19:35.715034   718 feature_extraction.cc:274]   Camera:          #2 - OPENCV
I20261008 10:19:35.716130   718 feature_extraction.cc:277]   Focal Length:    1920.00px
I20261008 10:19:35.716941   718 feature_extraction.cc:281]   Features:        2425
I20261008 10:19:36.343084   718 feature_extraction.cc:259] Processed file [311/405]
I20261008 10:19:36.350100   718 feature_extraction.cc:262]   Name:            train/frame_0305.jpg
I20261008 10:19:36.350946   718 feature_extraction.cc:271]   Dimensions:      1600 x 900
I20261008 10:19:36.353024   718 feature_extraction.cc:274]   Camera:          #2 - OPENCV
I20261008 10:19:36.353969   718 feature_extraction.cc:277]   Focal Length:    1920.00px
I20261008 10:19:36.354597   718 feature_extraction.cc:281]   Features:        2208
I20261008 10:19:36.446292   718 feature_extraction.cc:259] Processed file [312/405]
I20261008 10:19:36.449972   718 feature_extraction.cc:262]   Name:            train/frame_0306.jpg
I20261008 10:19:36.451339   718 feature_extraction.cc:271]   Dimensions:      1600 x 900
I20261008 10:19:36.453147   718 feature_extraction.cc:274]   Camera:          #2 - OPENCV
I20261008 10:19:36.454684   718 feature_extraction.cc:277]   Focal Length:    1920.00px
I20261008 10:19:36.463167   718 feature_extraction.cc:281]   Features:        2381
I20261008 10:19:36.506584   718 feature_extraction.cc:259] Processed file [313/405]
I20261008 10:19:36.509166   718 feature_extraction.cc:262]   Name:            train/frame_0307.jpg
I20261008 10:19:36.510865   718 feature_extraction.cc:271]   Dimensions:      1600 x 900
I20261008 10:19:36.512921   718 feature_extraction.cc:274]   Camera:          #2 - OPENCV
I20261008 10:19:36.513448   718 feature_extraction.cc:277]   Focal Length:    1920.00px
I20261008 10:19:36.514242   718 feature_extraction.cc:281]   Features:        2365
I20261008 10:19:36.687827   718 feature_extraction.cc:259] Processed file [314/405]
I20261008 10:19:36.692653   718 feature_extraction.cc:262]   Name:            train/frame_0308.jpg
I20261008 10:19:36.694900   718 feature_extraction.cc:271]   Dimensions:      1600 x 900
I20261008 10:19:36.696158   718 feature_extraction.cc:274]   Camera:          #2 - OPENCV
I20261008 10:19:36.696920   718 feature_extraction.cc:277]   Focal Length:    1920.00px
I20261008 10:19:36.697664   718 feature_extraction.cc:281]   Features:        2338
I20261008 10:19:36.805354   718 feature_extraction.cc:259] Processed file [315/405]
I20261008 10:19:36.813119   718 feature_extraction.cc:262]   Name:            train/frame_0309.jpg
I20261008 10:19:36.814647   718 feature_extraction.cc:271]   Dimensions:      1600 x 900
I20261008 10:19:36.816771   718 feature_extraction.cc:274]   Camera:          #2 - OPENCV
I20261008 10:19:36.817350   718 feature_extraction.cc:277]   Focal Length:    1920.00px
I20261008 10:19:36.817977   718 feature_extraction.cc:281]   Features:        2191
I20261008 10:19:36.845430   718 feature_extraction.cc:259] Processed file [316/405]
I20261008 10:19:36.846947   718 feature_extraction.cc:262]   Name:            train/frame_0310.jpg
I20261008 10:19:36.848888   718 feature_extraction.cc:271]   Dimensions:      1600 x 900
I20261008 10:19:36.849817   718 feature_extraction.cc:274]   Camera:          #2 - OPENCV
I20261008 10:19:36.850595   718 feature_extraction.cc:277]   Focal Length:    1920.00px
I20261008 10:19:36.853340   718 feature_extraction.cc:281]   Features:        2063
I20261008 10:19:36.879380   718 feature_extraction.cc:259] Processed file [317/405]
I20261008 10:19:36.880980   718 feature_extraction.cc:262]   Name:            train/frame_0311.jpg
I20261008 10:19:36.882632   718 feature_extraction.cc:271]   Dimensions:      1600 x 900
I20261008 10:19:36.883273   718 feature_extraction.cc:274]   Camera:          #2 - OPENCV
I20261008 10:19:36.883884   718 feature_extraction.cc:277]   Focal Length:    1920.00px
I20261008 10:19:36.884500   718 feature_extraction.cc:281]   Features:        2074
I20261008 10:19:37.232733   718 feature_extraction.cc:259] Processed file [318/405]
I20261008 10:19:37.237396   718 feature_extraction.cc:262]   Name:            train/frame_0312.jpg
I20261008 10:19:37.238933   718 feature_extraction.cc:271]   Dimensions:      1600 x 900
I20261008 10:19:37.239562   718 feature_extraction.cc:274]   Camera:          #2 - OPENCV
I20261008 10:19:37.240149   718 feature_extraction.cc:277]   Focal Length:    1920.00px
I20261008 10:19:37.240607   718 feature_extraction.cc:281]   Features:        2630
I20261008 10:19:37.411660   718 feature_extraction.cc:259] Processed file [319/405]
I20261008 10:19:37.416821   718 feature_extraction.cc:262]   Name:            train/frame_0313.jpg
I20261008 10:19:37.417510   718 feature_extraction.cc:271]   Dimensions:      1600 x 900
I20261008 10:19:37.418136   718 feature_extraction.cc:274]   Camera:          #2 - OPENCV
I20261008 10:19:37.419696   718 feature_extraction.cc:277]   Focal Length:    1920.00px
I20261008 10:19:37.420677   718 feature_extraction.cc:281]   Features:        2953
I20261008 10:19:37.530716   718 feature_extraction.cc:259] Processed file [320/405]
I20261008 10:19:37.536778   718 feature_extraction.cc:262]   Name:            train/frame_0314.jpg
I20261008 10:19:37.537588   718 feature_extraction.cc:271]   Dimensions:      1600 x 900
I20261008 10:19:37.537984   718 feature_extraction.cc:274]   Camera:          #2 - OPENCV
I20261008 10:19:37.538537   718 feature_extraction.cc:277]   Focal Length:    1920.00px
I20261008 10:19:37.539193   718 feature_extraction.cc:281]   Features:        3034
I20261008 10:19:37.665483   718 feature_extraction.cc:259] Processed file [321/405]
I20261008 10:19:37.667526   718 feature_extraction.cc:262]   Name:            train/frame_0315.jpg
I20261008 10:19:37.668567   718 feature_extraction.cc:271]   Dimensions:      1600 x 900
I20261008 10:19:37.669302   718 feature_extraction.cc:274]   Camera:          #2 - OPENCV
I20261008 10:19:37.670150   718 feature_extraction.cc:277]   Focal Length:    1920.00px
I20261008 10:19:37.670678   718 feature_extraction.cc:281]   Features:        2821
I20261008 10:19:37.902251   718 feature_extraction.cc:259] Processed file [322/405]
I20261008 10:19:37.903084   718 feature_extraction.cc:262]   Name:            train/frame_0316.jpg
I20261008 10:19:37.903824   718 feature_extraction.cc:271]   Dimensions:      1600 x 900
I20261008 10:19:37.904295   718 feature_extraction.cc:274]   Camera:          #2 - OPENCV
I20261008 10:19:37.905282   718 feature_extraction.cc:277]   Focal Length:    1920.00px
I20261008 10:19:37.905949   718 feature_extraction.cc:281]   Features:        2692
I20261008 10:19:38.290793   718 feature_extraction.cc:259] Processed file [323/405]
I20261008 10:19:38.292296   718 feature_extraction.cc:262]   Name:            train/frame_0317.jpg
I20261008 10:19:38.293136   718 feature_extraction.cc:271]   Dimensions:      1600 x 900
I20261008 10:19:38.293871   718 feature_extraction.cc:274]   Camera:          #2 - OPENCV
I20261008 10:19:38.294801   718 feature_extraction.cc:277]   Focal Length:    1920.00px
I20261008 10:19:38.295588   718 feature_extraction.cc:281]   Features:        2144
I20261008 10:19:38.387007   718 feature_extraction.cc:259] Processed file [324/405]
I20261008 10:19:38.388547   718 feature_extraction.cc:262]   Name:            train/frame_0318.jpg
I20261008 10:19:38.390661   718 feature_extraction.cc:271]   Dimensions:      1600 x 900
I20261008 10:19:38.391618   718 feature_extraction.cc:274]   Camera:          #2 - OPENCV
I20261008 10:19:38.392508   718 feature_extraction.cc:277]   Focal Length:    1920.00px
I20261008 10:19:38.393391   718 feature_extraction.cc:281]   Features:        1841
I20261008 10:19:38.422899   718 feature_extraction.cc:259] Processed file [325/405]
I20261008 10:19:38.426036   718 feature_extraction.cc:262]   Name:            train/frame_0320.jpg
I20261008 10:19:38.427119   718 feature_extraction.cc:271]   Dimensions:      1600 x 900
I20261008 10:19:38.427909   718 feature_extraction.cc:274]   Camera:          #2 - OPENCV
I20261008 10:19:38.428448   718 feature_extraction.cc:277]   Focal Length:    1920.00px
I20261008 10:19:38.428898   718 feature_extraction.cc:281]   Features:        1676
I20261008 10:19:38.443485   718 feature_extraction.cc:259] Processed file [326/405]
I20261008 10:19:38.445334   718 feature_extraction.cc:262]   Name:            train/frame_0319.jpg
I20261008 10:19:38.446238   718 feature_extraction.cc:271]   Dimensions:      1600 x 900
I20261008 10:19:38.447111   718 feature_extraction.cc:274]   Camera:          #2 - OPENCV
I20261008 10:19:38.448776   718 feature_extraction.cc:277]   Focal Length:    1920.00px
I20261008 10:19:38.450114   718 feature_extraction.cc:281]   Features:        1937
I20261008 10:19:38.504936   718 feature_extraction.cc:259] Processed file [327/405]
I20261008 10:19:38.508713   718 feature_extraction.cc:262]   Name:            train/frame_0321.jpg
I20261008 10:19:38.510115   718 feature_extraction.cc:271]   Dimensions:      1600 x 900
I20261008 10:19:38.511437   718 feature_extraction.cc:274]   Camera:          #2 - OPENCV
I20261008 10:19:38.512329   718 feature_extraction.cc:277]   Focal Length:    1920.00px
I20261008 10:19:38.512953   718 feature_extraction.cc:281]   Features:        1010
I20261008 10:19:38.555011   718 feature_extraction.cc:259] Processed file [328/405]
I20261008 10:19:38.556957   718 feature_extraction.cc:262]   Name:            train/frame_0322.jpg
I20261008 10:19:38.557770   718 feature_extraction.cc:271]   Dimensions:      1600 x 900
I20261008 10:19:38.558194   718 feature_extraction.cc:274]   Camera:          #2 - OPENCV
I20261008 10:19:38.558584   718 feature_extraction.cc:277]   Focal Length:    1920.00px
I20261008 10:19:38.559199   718 feature_extraction.cc:281]   Features:        1023
I20261008 10:19:38.614087   718 feature_extraction.cc:259] Processed file [329/405]
I20261008 10:19:38.616240   718 feature_extraction.cc:262]   Name:            train/frame_0323.jpg
I20261008 10:19:38.617035   718 feature_extraction.cc:271]   Dimensions:      1600 x 900
I20261008 10:19:38.617621   718 feature_extraction.cc:274]   Camera:          #2 - OPENCV
I20261008 10:19:38.618250   718 feature_extraction.cc:277]   Focal Length:    1920.00px
I20261008 10:19:38.619016   718 feature_extraction.cc:281]   Features:        1316
I20261008 10:19:38.875645   718 feature_extraction.cc:259] Processed file [330/405]
I20261008 10:19:38.878355   718 feature_extraction.cc:262]   Name:            train/frame_0324.jpg
I20261008 10:19:38.879186   718 feature_extraction.cc:271]   Dimensions:      1600 x 900
I20261008 10:19:38.879914   718 feature_extraction.cc:274]   Camera:          #2 - OPENCV
I20261008 10:19:38.880592   718 feature_extraction.cc:277]   Focal Length:    1920.00px
I20261008 10:19:38.881681   718 feature_extraction.cc:281]   Features:        1133
I20261008 10:19:39.070901   718 feature_extraction.cc:259] Processed file [331/405]
I20261008 10:19:39.073966   718 feature_extraction.cc:262]   Name:            train/frame_0325.jpg
I20261008 10:19:39.075292   718 feature_extraction.cc:271]   Dimensions:      1600 x 900
I20261008 10:19:39.076363   718 feature_extraction.cc:274]   Camera:          #2 - OPENCV
I20261008 10:19:39.077546   718 feature_extraction.cc:277]   Focal Length:    1920.00px
I20261008 10:19:39.078215   718 feature_extraction.cc:281]   Features:        1135
I20261008 10:19:39.217258   718 feature_extraction.cc:259] Processed file [332/405]
I20261008 10:19:39.219442   718 feature_extraction.cc:262]   Name:            train/frame_0326.jpg
I20261008 10:19:39.220687   718 feature_extraction.cc:271]   Dimensions:      1600 x 900
I20261008 10:19:39.221417   718 feature_extraction.cc:274]   Camera:          #2 - OPENCV
I20261008 10:19:39.222105   718 feature_extraction.cc:277]   Focal Length:    1920.00px
I20261008 10:19:39.223021   718 feature_extraction.cc:281]   Features:        940
I20261008 10:19:39.495708   718 feature_extraction.cc:259] Processed file [333/405]
I20261008 10:19:39.498555   718 feature_extraction.cc:262]   Name:            train/frame_0327.jpg
I20261008 10:19:39.500062   718 feature_extraction.cc:271]   Dimensions:      1600 x 900
I20261008 10:19:39.502712   718 feature_extraction.cc:274]   Camera:          #2 - OPENCV
I20261008 10:19:39.504384   718 feature_extraction.cc:277]   Focal Length:    1920.00px
I20261008 10:19:39.505339   718 feature_extraction.cc:281]   Features:        1855
I20261008 10:19:39.793974   718 feature_extraction.cc:259] Processed file [334/405]
I20261008 10:19:39.796317   718 feature_extraction.cc:262]   Name:            train/frame_0328.jpg
I20261008 10:19:39.797572   718 feature_extraction.cc:271]   Dimensions:      1600 x 900
I20261008 10:19:39.798617   718 feature_extraction.cc:274]   Camera:          #2 - OPENCV
I20261008 10:19:39.799468   718 feature_extraction.cc:277]   Focal Length:    1920.00px
I20261008 10:19:39.800747   718 feature_extraction.cc:281]   Features:        778
I20261008 10:19:40.274683   718 feature_extraction.cc:259] Processed file [335/405]
I20261008 10:19:40.281397   718 feature_extraction.cc:262]   Name:            train/frame_0329.jpg
I20261008 10:19:40.282449   718 feature_extraction.cc:271]   Dimensions:      1600 x 900
I20261008 10:19:40.283073   718 feature_extraction.cc:274]   Camera:          #2 - OPENCV
I20261008 10:19:40.284315   718 feature_extraction.cc:277]   Focal Length:    1920.00px
I20261008 10:19:40.286518   718 feature_extraction.cc:281]   Features:        801
I20261008 10:19:40.389663   718 feature_extraction.cc:259] Processed file [336/405]
I20261008 10:19:40.397945   718 feature_extraction.cc:262]   Name:            train/frame_0331.jpg
I20261008 10:19:40.405715   718 feature_extraction.cc:271]   Dimensions:      1600 x 900
I20261008 10:19:40.407557   718 feature_extraction.cc:274]   Camera:          #2 - OPENCV
I20261008 10:19:40.408198   718 feature_extraction.cc:277]   Focal Length:    1920.00px
I20261008 10:19:40.409297   718 feature_extraction.cc:281]   Features:        358
I20261008 10:19:40.423141   718 feature_extraction.cc:259] Processed file [337/405]
I20261008 10:19:40.425534   718 feature_extraction.cc:262]   Name:            train/frame_0330.jpg
I20261008 10:19:40.427073   718 feature_extraction.cc:271]   Dimensions:      1600 x 900
I20261008 10:19:40.428260   718 feature_extraction.cc:274]   Camera:          #2 - OPENCV
I20261008 10:19:40.428884   718 feature_extraction.cc:277]   Focal Length:    1920.00px
I20261008 10:19:40.429593   718 feature_extraction.cc:281]   Features:        600
I20261008 10:19:40.458864   718 feature_extraction.cc:259] Processed file [338/405]
I20261008 10:19:40.461012   718 feature_extraction.cc:262]   Name:            train/frame_0332.jpg
I20261008 10:19:40.461748   718 feature_extraction.cc:271]   Dimensions:      1600 x 900
I20261008 10:19:40.462196   718 feature_extraction.cc:274]   Camera:          #2 - OPENCV
I20261008 10:19:40.462811   718 feature_extraction.cc:277]   Focal Length:    1920.00px
I20261008 10:19:40.463900   718 feature_extraction.cc:281]   Features:        418
I20261008 10:19:40.538565   718 feature_extraction.cc:259] Processed file [339/405]
I20261008 10:19:40.540201   718 feature_extraction.cc:262]   Name:            train/frame_0333.jpg
I20261008 10:19:40.541024   718 feature_extraction.cc:271]   Dimensions:      1600 x 900
I20261008 10:19:40.541502   718 feature_extraction.cc:274]   Camera:          #2 - OPENCV
I20261008 10:19:40.542062   718 feature_extraction.cc:277]   Focal Length:    1920.00px
I20261008 10:19:40.543085   718 feature_extraction.cc:281]   Features:        335
I20261008 10:19:40.615932   718 feature_extraction.cc:259] Processed file [340/405]
I20261008 10:19:40.617749   718 feature_extraction.cc:262]   Name:            train/frame_0334.jpg
I20261008 10:19:40.620026   718 feature_extraction.cc:271]   Dimensions:      1600 x 900
I20261008 10:19:40.620599   718 feature_extraction.cc:274]   Camera:          #2 - OPENCV
I20261008 10:19:40.623219   718 feature_extraction.cc:277]   Focal Length:    1920.00px
I20261008 10:19:40.624444   718 feature_extraction.cc:281]   Features:        462
I20261008 10:19:40.770604   718 feature_extraction.cc:259] Processed file [341/405]
I20261008 10:19:40.778460   718 feature_extraction.cc:262]   Name:            train/frame_0335.jpg
I20261008 10:19:40.782322   718 feature_extraction.cc:271]   Dimensions:      1600 x 900
I20261008 10:19:40.783609   718 feature_extraction.cc:274]   Camera:          #2 - OPENCV
I20261008 10:19:40.784667   718 feature_extraction.cc:277]   Focal Length:    1920.00px
I20261008 10:19:40.793084   718 feature_extraction.cc:281]   Features:        389
I20261008 10:19:41.061133   718 feature_extraction.cc:259] Processed file [342/405]
I20261008 10:19:41.063674   718 feature_extraction.cc:262]   Name:            train/frame_0336.jpg
I20261008 10:19:41.064536   718 feature_extraction.cc:271]   Dimensions:      1600 x 900
I20261008 10:19:41.065142   718 feature_extraction.cc:274]   Camera:          #2 - OPENCV
I20261008 10:19:41.065748   718 feature_extraction.cc:277]   Focal Length:    1920.00px
I20261008 10:19:41.066267   718 feature_extraction.cc:281]   Features:        588
I20261008 10:19:41.270206   718 feature_extraction.cc:259] Processed file [343/405]
I20261008 10:19:41.272003   718 feature_extraction.cc:262]   Name:            train/frame_0337.jpg
I20261008 10:19:41.273411   718 feature_extraction.cc:271]   Dimensions:      1600 x 900
I20261008 10:19:41.273914   718 feature_extraction.cc:274]   Camera:          #2 - OPENCV
I20261008 10:19:41.274514   718 feature_extraction.cc:277]   Focal Length:    1920.00px
I20261008 10:19:41.275225   718 feature_extraction.cc:281]   Features:        535
I20261008 10:19:41.406755   718 feature_extraction.cc:259] Processed file [344/405]
I20261008 10:19:41.407877   718 feature_extraction.cc:262]   Name:            train/frame_0338.jpg
I20261008 10:19:41.408836   718 feature_extraction.cc:271]   Dimensions:      1600 x 900
I20261008 10:19:41.409435   718 feature_extraction.cc:274]   Camera:          #2 - OPENCV
I20261008 10:19:41.410089   718 feature_extraction.cc:277]   Focal Length:    1920.00px
I20261008 10:19:41.410677   718 feature_extraction.cc:281]   Features:        906
I20261008 10:19:41.641606   718 feature_extraction.cc:259] Processed file [345/405]
I20261008 10:19:41.644444   718 feature_extraction.cc:262]   Name:            train/frame_0339.jpg
I20261008 10:19:41.645289   718 feature_extraction.cc:271]   Dimensions:      1600 x 900
I20261008 10:19:41.645855   718 feature_extraction.cc:274]   Camera:          #2 - OPENCV
I20261008 10:19:41.646756   718 feature_extraction.cc:277]   Focal Length:    1920.00px
I20261008 10:19:41.647671   718 feature_extraction.cc:281]   Features:        947
I20261008 10:19:41.867415   718 feature_extraction.cc:259] Processed file [346/405]
I20261008 10:19:41.871143   718 feature_extraction.cc:262]   Name:            train/frame_0340.jpg
I20261008 10:19:41.873852   718 feature_extraction.cc:271]   Dimensions:      1600 x 900
I20261008 10:19:41.874397   718 feature_extraction.cc:274]   Camera:          #2 - OPENCV
I20261008 10:19:41.874941   718 feature_extraction.cc:277]   Focal Length:    1920.00px
I20261008 10:19:41.876031   718 feature_extraction.cc:281]   Features:        490
I20261008 10:19:42.465839   718 feature_extraction.cc:259] Processed file [347/405]
I20261008 10:19:42.469141   718 feature_extraction.cc:262]   Name:            train/frame_0341.jpg
I20261008 10:19:42.471247   718 feature_extraction.cc:271]   Dimensions:      1600 x 900
I20261008 10:19:42.474187   718 feature_extraction.cc:274]   Camera:          #2 - OPENCV
I20261008 10:19:42.476331   718 feature_extraction.cc:277]   Focal Length:    1920.00px
I20261008 10:19:42.477492   718 feature_extraction.cc:281]   Features:        466
I20261008 10:19:42.584882   718 feature_extraction.cc:259] Processed file [348/405]
I20261008 10:19:42.586537   718 feature_extraction.cc:262]   Name:            train/frame_0342.jpg
I20261008 10:19:42.588912   718 feature_extraction.cc:271]   Dimensions:      1600 x 900
I20261008 10:19:42.589800   718 feature_extraction.cc:274]   Camera:          #2 - OPENCV
I20261008 10:19:42.591068   718 feature_extraction.cc:277]   Focal Length:    1920.00px
I20261008 10:19:42.591987   718 feature_extraction.cc:281]   Features:        517
I20261008 10:19:42.634763   718 feature_extraction.cc:259] Processed file [349/405]
I20261008 10:19:42.637060   718 feature_extraction.cc:262]   Name:            train/frame_0344.jpg
I20261008 10:19:42.637960   718 feature_extraction.cc:271]   Dimensions:      1600 x 900
I20261008 10:19:42.638612   718 feature_extraction.cc:274]   Camera:          #2 - OPENCV
I20261008 10:19:42.639022   718 feature_extraction.cc:277]   Focal Length:    1920.00px
I20261008 10:19:42.639467   718 feature_extraction.cc:281]   Features:        696
I20261008 10:19:42.697891   718 feature_extraction.cc:259] Processed file [350/405]
I20261008 10:19:42.701956   718 feature_extraction.cc:262]   Name:            train/frame_0343.jpg
I20261008 10:19:42.703392   718 feature_extraction.cc:271]   Dimensions:      1600 x 900
I20261008 10:19:42.705099   718 feature_extraction.cc:274]   Camera:          #2 - OPENCV
I20261008 10:19:42.706422   718 feature_extraction.cc:277]   Focal Length:    1920.00px
I20261008 10:19:42.707403   718 feature_extraction.cc:281]   Features:        633
I20261008 10:19:42.715793   718 feature_extraction.cc:259] Processed file [351/405]
I20261008 10:19:42.727763   718 feature_extraction.cc:262]   Name:            train/frame_0345.jpg
I20261008 10:19:42.729830   718 feature_extraction.cc:271]   Dimensions:      1600 x 900
I20261008 10:19:42.730913   718 feature_extraction.cc:274]   Camera:          #2 - OPENCV
I20261008 10:19:42.731817   718 feature_extraction.cc:277]   Focal Length:    1920.00px
I20261008 10:19:42.732574   718 feature_extraction.cc:281]   Features:        388
I20261008 10:19:42.772202   718 feature_extraction.cc:259] Processed file [352/405]
I20261008 10:19:42.774183   718 feature_extraction.cc:262]   Name:            train/frame_0346.jpg
I20261008 10:19:42.775223   718 feature_extraction.cc:271]   Dimensions:      1600 x 900
I20261008 10:19:42.776294   718 feature_extraction.cc:274]   Camera:          #2 - OPENCV
I20261008 10:19:42.776880   718 feature_extraction.cc:277]   Focal Length:    1920.00px
I20261008 10:19:42.777432   718 feature_extraction.cc:281]   Features:        221
I20261008 10:19:42.932698   718 feature_extraction.cc:259] Processed file [353/405]
I20261008 10:19:42.936884   718 feature_extraction.cc:262]   Name:            train/frame_0347.jpg
I20261008 10:19:42.939827   718 feature_extraction.cc:271]   Dimensions:      1600 x 900
I20261008 10:19:42.940977   718 feature_extraction.cc:274]   Camera:          #2 - OPENCV
I20261008 10:19:42.941902   718 feature_extraction.cc:277]   Focal Length:    1920.00px
I20261008 10:19:42.943058   718 feature_extraction.cc:281]   Features:        212
I20261008 10:19:43.224143   718 feature_extraction.cc:259] Processed file [354/405]
I20261008 10:19:43.230000   718 feature_extraction.cc:262]   Name:            train/frame_0348.jpg
I20261008 10:19:43.232017   718 feature_extraction.cc:271]   Dimensions:      1600 x 900
I20261008 10:19:43.233146   718 feature_extraction.cc:274]   Camera:          #2 - OPENCV
I20261008 10:19:43.233877   718 feature_extraction.cc:277]   Focal Length:    1920.00px
I20261008 10:19:43.234511   718 feature_extraction.cc:281]   Features:        360
I20261008 10:19:43.486407   718 feature_extraction.cc:259] Processed file [355/405]
I20261008 10:19:43.493818   718 feature_extraction.cc:262]   Name:            train/frame_0349.jpg
I20261008 10:19:43.495702   718 feature_extraction.cc:271]   Dimensions:      1600 x 900
I20261008 10:19:43.502319   718 feature_extraction.cc:274]   Camera:          #2 - OPENCV
I20261008 10:19:43.503181   718 feature_extraction.cc:277]   Focal Length:    1920.00px
I20261008 10:19:43.505471   718 feature_extraction.cc:281]   Features:        567
I20261008 10:19:43.672317   718 feature_extraction.cc:259] Processed file [356/405]
I20261008 10:19:43.676785   718 feature_extraction.cc:262]   Name:            train/frame_0350.jpg
I20261008 10:19:43.677490   718 feature_extraction.cc:271]   Dimensions:      1600 x 900
I20261008 10:19:43.678237   718 feature_extraction.cc:274]   Camera:          #2 - OPENCV
I20261008 10:19:43.678807   718 feature_extraction.cc:277]   Focal Length:    1920.00px
I20261008 10:19:43.679292   718 feature_extraction.cc:281]   Features:        690
I20261008 10:19:43.966879   718 feature_extraction.cc:259] Processed file [357/405]
I20261008 10:19:43.973032   718 feature_extraction.cc:262]   Name:            train/frame_0351.jpg
I20261008 10:19:43.974025   718 feature_extraction.cc:271]   Dimensions:      1600 x 900
I20261008 10:19:43.974907   718 feature_extraction.cc:274]   Camera:          #2 - OPENCV
I20261008 10:19:43.975684   718 feature_extraction.cc:277]   Focal Length:    1920.00px
I20261008 10:19:43.978080   718 feature_extraction.cc:281]   Features:        542
I20261008 10:19:44.094118   718 feature_extraction.cc:259] Processed file [358/405]
I20261008 10:19:44.096340   718 feature_extraction.cc:262]   Name:            train/frame_0352.jpg
I20261008 10:19:44.097690   718 feature_extraction.cc:271]   Dimensions:      1600 x 900
I20261008 10:19:44.102835   718 feature_extraction.cc:274]   Camera:          #2 - OPENCV
I20261008 10:19:44.104454   718 feature_extraction.cc:277]   Focal Length:    1920.00px
I20261008 10:19:44.107019   718 feature_extraction.cc:281]   Features:        641
I20261008 10:19:44.511626   718 feature_extraction.cc:259] Processed file [359/405]
I20261008 10:19:44.513981   718 feature_extraction.cc:262]   Name:            train/frame_0353.jpg
I20261008 10:19:44.516574   718 feature_extraction.cc:271]   Dimensions:      1600 x 900
I20261008 10:19:44.517927   718 feature_extraction.cc:274]   Camera:          #2 - OPENCV
I20261008 10:19:44.519351   718 feature_extraction.cc:277]   Focal Length:    1920.00px
I20261008 10:19:44.520329   718 feature_extraction.cc:281]   Features:        483
I20261008 10:19:44.611171   718 feature_extraction.cc:259] Processed file [360/405]
I20261008 10:19:44.612957   718 feature_extraction.cc:262]   Name:            train/frame_0355.jpg
I20261008 10:19:44.614326   718 feature_extraction.cc:271]   Dimensions:      1600 x 900
I20261008 10:19:44.615440   718 feature_extraction.cc:274]   Camera:          #2 - OPENCV
I20261008 10:19:44.616128   718 feature_extraction.cc:277]   Focal Length:    1920.00px
I20261008 10:19:44.617123   718 feature_extraction.cc:281]   Features:        363
I20261008 10:19:44.652596   718 feature_extraction.cc:259] Processed file [361/405]
I20261008 10:19:44.656188   718 feature_extraction.cc:262]   Name:            train/frame_0354.jpg
I20261008 10:19:44.658305   718 feature_extraction.cc:271]   Dimensions:      1600 x 900
I20261008 10:19:44.659053   718 feature_extraction.cc:274]   Camera:          #2 - OPENCV
I20261008 10:19:44.659727   718 feature_extraction.cc:277]   Focal Length:    1920.00px
I20261008 10:19:44.660414   718 feature_extraction.cc:281]   Features:        624
I20261008 10:19:44.673184   718 feature_extraction.cc:259] Processed file [362/405]
I20261008 10:19:44.675201   718 feature_extraction.cc:262]   Name:            train/frame_0357.jpg
I20261008 10:19:44.675926   718 feature_extraction.cc:271]   Dimensions:      1600 x 900
I20261008 10:19:44.676530   718 feature_extraction.cc:274]   Camera:          #2 - OPENCV
I20261008 10:19:44.677115   718 feature_extraction.cc:277]   Focal Length:    1920.00px
I20261008 10:19:44.677758   718 feature_extraction.cc:281]   Features:        212
I20261008 10:19:44.692058   718 feature_extraction.cc:259] Processed file [363/405]
I20261008 10:19:44.694043   718 feature_extraction.cc:262]   Name:            train/frame_0356.jpg
I20261008 10:19:44.694911   718 feature_extraction.cc:271]   Dimensions:      1600 x 900
I20261008 10:19:44.695843   718 feature_extraction.cc:274]   Camera:          #2 - OPENCV
I20261008 10:19:44.696764   718 feature_extraction.cc:277]   Focal Length:    1920.00px
I20261008 10:19:44.697758   718 feature_extraction.cc:281]   Features:        371
I20261008 10:19:44.711059   718 feature_extraction.cc:259] Processed file [364/405]
I20261008 10:19:44.712430   718 feature_extraction.cc:262]   Name:            train/frame_0358.jpg
I20261008 10:19:44.714795   718 feature_extraction.cc:271]   Dimensions:      1600 x 900
I20261008 10:19:44.715865   718 feature_extraction.cc:274]   Camera:          #2 - OPENCV
I20261008 10:19:44.716698   718 feature_extraction.cc:277]   Focal Length:    1920.00px
I20261008 10:19:44.717139   718 feature_extraction.cc:281]   Features:        271
I20261008 10:19:44.885977   718 feature_extraction.cc:259] Processed file [365/405]
I20261008 10:19:44.888532   718 feature_extraction.cc:262]   Name:            train/frame_0359.jpg
I20261008 10:19:44.890157   718 feature_extraction.cc:271]   Dimensions:      1600 x 900
I20261008 10:19:44.890901   718 feature_extraction.cc:274]   Camera:          #2 - OPENCV
I20261008 10:19:44.891987   718 feature_extraction.cc:277]   Focal Length:    1920.00px
I20261008 10:19:44.893471   718 feature_extraction.cc:281]   Features:        191
I20261008 10:19:45.218405   718 feature_extraction.cc:259] Processed file [366/405]
I20261008 10:19:45.220566   718 feature_extraction.cc:262]   Name:            train/frame_0360.jpg
I20261008 10:19:45.222414   718 feature_extraction.cc:271]   Dimensions:      1600 x 900
I20261008 10:19:45.223382   718 feature_extraction.cc:274]   Camera:          #2 - OPENCV
I20261008 10:19:45.223909   718 feature_extraction.cc:277]   Focal Length:    1920.00px
I20261008 10:19:45.230232   718 feature_extraction.cc:281]   Features:        326
I20261008 10:19:45.569218   718 feature_extraction.cc:259] Processed file [367/405]
I20261008 10:19:45.576599   718 feature_extraction.cc:262]   Name:            train/frame_0361.jpg
I20261008 10:19:45.594449   718 feature_extraction.cc:271]   Dimensions:      1600 x 900
I20261008 10:19:45.598153   718 feature_extraction.cc:274]   Camera:          #2 - OPENCV
I20261008 10:19:45.600279   718 feature_extraction.cc:277]   Focal Length:    1920.00px
I20261008 10:19:45.602119   718 feature_extraction.cc:281]   Features:        323
I20261008 10:19:45.865119   718 feature_extraction.cc:259] Processed file [368/405]
I20261008 10:19:45.868423   718 feature_extraction.cc:262]   Name:            train/frame_0362.jpg
I20261008 10:19:45.869493   718 feature_extraction.cc:271]   Dimensions:      1600 x 900
I20261008 10:19:45.870774   718 feature_extraction.cc:274]   Camera:          #2 - OPENCV
I20261008 10:19:45.871856   718 feature_extraction.cc:277]   Focal Length:    1920.00px
I20261008 10:19:45.873183   718 feature_extraction.cc:281]   Features:        399
I20261008 10:19:46.163925   718 feature_extraction.cc:259] Processed file [369/405]
I20261008 10:19:46.167481   718 feature_extraction.cc:262]   Name:            train/frame_0363.jpg
I20261008 10:19:46.169827   718 feature_extraction.cc:271]   Dimensions:      1600 x 900
I20261008 10:19:46.171639   718 feature_extraction.cc:274]   Camera:          #2 - OPENCV
I20261008 10:19:46.172705   718 feature_extraction.cc:277]   Focal Length:    1920.00px
I20261008 10:19:46.173367   718 feature_extraction.cc:281]   Features:        310
I20261008 10:19:46.197944   718 feature_extraction.cc:259] Processed file [370/405]
I20261008 10:19:46.201005   718 feature_extraction.cc:262]   Name:            train/frame_0364.jpg
I20261008 10:19:46.203366   718 feature_extraction.cc:271]   Dimensions:      1600 x 900
I20261008 10:19:46.204761   718 feature_extraction.cc:274]   Camera:          #2 - OPENCV
I20261008 10:19:46.205793   718 feature_extraction.cc:277]   Focal Length:    1920.00px
I20261008 10:19:46.206581   718 feature_extraction.cc:281]   Features:        242
I20261008 10:19:46.585579   718 feature_extraction.cc:259] Processed file [371/405]
I20261008 10:19:46.587147   718 feature_extraction.cc:262]   Name:            train/frame_0365.jpg
I20261008 10:19:46.588117   718 feature_extraction.cc:271]   Dimensions:      1600 x 900
I20261008 10:19:46.588837   718 feature_extraction.cc:274]   Camera:          #2 - OPENCV
I20261008 10:19:46.589327   718 feature_extraction.cc:277]   Focal Length:    1920.00px
I20261008 10:19:46.589864   718 feature_extraction.cc:281]   Features:        250
I20261008 10:19:46.723917   718 feature_extraction.cc:259] Processed file [372/405]
I20261008 10:19:46.726257   718 feature_extraction.cc:262]   Name:            train/frame_0366.jpg
I20261008 10:19:46.727779   718 feature_extraction.cc:271]   Dimensions:      1600 x 900
I20261008 10:19:46.728509   718 feature_extraction.cc:274]   Camera:          #2 - OPENCV
I20261008 10:19:46.729233   718 feature_extraction.cc:277]   Focal Length:    1920.00px
I20261008 10:19:46.729799   718 feature_extraction.cc:281]   Features:        225
I20261008 10:19:46.767701   718 feature_extraction.cc:259] Processed file [373/405]
I20261008 10:19:46.769469   718 feature_extraction.cc:262]   Name:            train/frame_0367.jpg
I20261008 10:19:46.770438   718 feature_extraction.cc:271]   Dimensions:      1600 x 900
I20261008 10:19:46.771234   718 feature_extraction.cc:274]   Camera:          #2 - OPENCV
I20261008 10:19:46.772188   718 feature_extraction.cc:277]   Focal Length:    1920.00px
I20261008 10:19:46.773057   718 feature_extraction.cc:281]   Features:        277
I20261008 10:19:46.786684   718 feature_extraction.cc:259] Processed file [374/405]
I20261008 10:19:46.788331   718 feature_extraction.cc:262]   Name:            train/frame_0368.jpg
I20261008 10:19:46.789700   718 feature_extraction.cc:271]   Dimensions:      1600 x 900
I20261008 10:19:46.790647   718 feature_extraction.cc:274]   Camera:          #2 - OPENCV
I20261008 10:19:46.791332   718 feature_extraction.cc:277]   Focal Length:    1920.00px
I20261008 10:19:46.792167   718 feature_extraction.cc:281]   Features:        186
I20261008 10:19:46.810384   718 feature_extraction.cc:259] Processed file [375/405]
I20261008 10:19:46.812161   718 feature_extraction.cc:262]   Name:            train/frame_0369.jpg
I20261008 10:19:46.813696   718 feature_extraction.cc:271]   Dimensions:      1600 x 900
I20261008 10:19:46.815903   718 feature_extraction.cc:274]   Camera:          #2 - OPENCV
I20261008 10:19:46.816763   718 feature_extraction.cc:277]   Focal Length:    1920.00px
I20261008 10:19:46.817592   718 feature_extraction.cc:281]   Features:        252
I20261008 10:19:46.835758   718 feature_extraction.cc:259] Processed file [376/405]
I20261008 10:19:46.837160   718 feature_extraction.cc:262]   Name:            train/frame_0370.jpg
I20261008 10:19:46.838570   718 feature_extraction.cc:271]   Dimensions:      1600 x 900
I20261008 10:19:46.839385   718 feature_extraction.cc:274]   Camera:          #2 - OPENCV
I20261008 10:19:46.839882   718 feature_extraction.cc:277]   Focal Length:    1920.00px
I20261008 10:19:46.840586   718 feature_extraction.cc:281]   Features:        196
I20261008 10:19:47.107086   718 feature_extraction.cc:259] Processed file [377/405]
I20261008 10:19:47.109285   718 feature_extraction.cc:262]   Name:            train/frame_0371.jpg
I20261008 10:19:47.114712   718 feature_extraction.cc:271]   Dimensions:      1600 x 900
I20261008 10:19:47.115481   718 feature_extraction.cc:274]   Camera:          #2 - OPENCV
I20261008 10:19:47.116345   718 feature_extraction.cc:277]   Focal Length:    1920.00px
I20261008 10:19:47.117095   718 feature_extraction.cc:281]   Features:        495
I20261008 10:19:47.374534   718 feature_extraction.cc:259] Processed file [378/405]
I20261008 10:19:47.378741   718 feature_extraction.cc:262]   Name:            train/frame_0372.jpg
I20261008 10:19:47.381296   718 feature_extraction.cc:271]   Dimensions:      1600 x 900
I20261008 10:19:47.382295   718 feature_extraction.cc:274]   Camera:          #2 - OPENCV
I20261008 10:19:47.383144   718 feature_extraction.cc:277]   Focal Length:    1920.00px
I20261008 10:19:47.383764   718 feature_extraction.cc:281]   Features:        454
I20261008 10:19:47.654742   718 feature_extraction.cc:259] Processed file [379/405]
I20261008 10:19:47.656785   718 feature_extraction.cc:262]   Name:            train/frame_0373.jpg
I20261008 10:19:47.658897   718 feature_extraction.cc:271]   Dimensions:      1600 x 900
I20261008 10:19:47.659911   718 feature_extraction.cc:274]   Camera:          #2 - OPENCV
I20261008 10:19:47.660748   718 feature_extraction.cc:277]   Focal Length:    1920.00px
I20261008 10:19:47.661648   718 feature_extraction.cc:281]   Features:        396
I20261008 10:19:48.003260   718 feature_extraction.cc:259] Processed file [380/405]
I20261008 10:19:48.005662   718 feature_extraction.cc:262]   Name:            train/frame_0374.jpg
I20261008 10:19:48.006747   718 feature_extraction.cc:271]   Dimensions:      1600 x 900
I20261008 10:19:48.008355   718 feature_extraction.cc:274]   Camera:          #2 - OPENCV
I20261008 10:19:48.009692   718 feature_extraction.cc:277]   Focal Length:    1920.00px
I20261008 10:19:48.010728   718 feature_extraction.cc:281]   Features:        365
I20261008 10:19:48.263648   718 feature_extraction.cc:259] Processed file [381/405]
I20261008 10:19:48.264873   718 feature_extraction.cc:262]   Name:            train/frame_0376.jpg
I20261008 10:19:48.266417   718 feature_extraction.cc:271]   Dimensions:      1600 x 900
I20261008 10:19:48.267350   718 feature_extraction.cc:274]   Camera:          #2 - OPENCV
I20261008 10:19:48.268252   718 feature_extraction.cc:277]   Focal Length:    1920.00px
I20261008 10:19:48.273066   718 feature_extraction.cc:281]   Features:        470
I20261008 10:19:48.281250   718 feature_extraction.cc:259] Processed file [382/405]
I20261008 10:19:48.282840   718 feature_extraction.cc:262]   Name:            train/frame_0375.jpg
I20261008 10:19:48.284171   718 feature_extraction.cc:271]   Dimensions:      1600 x 900
I20261008 10:19:48.285317   718 feature_extraction.cc:274]   Camera:          #2 - OPENCV
I20261008 10:19:48.285907   718 feature_extraction.cc:277]   Focal Length:    1920.00px
I20261008 10:19:48.286604   718 feature_extraction.cc:281]   Features:        247
I20261008 10:19:48.814338   718 feature_extraction.cc:259] Processed file [383/405]
I20261008 10:19:48.817427   718 feature_extraction.cc:262]   Name:            train/frame_0377.jpg
I20261008 10:19:48.818748   718 feature_extraction.cc:271]   Dimensions:      1600 x 900
I20261008 10:19:48.819562   718 feature_extraction.cc:274]   Camera:          #2 - OPENCV
I20261008 10:19:48.820691   718 feature_extraction.cc:277]   Focal Length:    1920.00px
I20261008 10:19:48.821494   718 feature_extraction.cc:281]   Features:        638
I20261008 10:19:48.945966   718 feature_extraction.cc:259] Processed file [384/405]
I20261008 10:19:48.947858   718 feature_extraction.cc:262]   Name:            train/frame_0379.jpg
I20261008 10:19:48.949272   718 feature_extraction.cc:271]   Dimensions:      1600 x 900
I20261008 10:19:48.950634   718 feature_extraction.cc:274]   Camera:          #2 - OPENCV
I20261008 10:19:48.951407   718 feature_extraction.cc:277]   Focal Length:    1920.00px
I20261008 10:19:48.952113   718 feature_extraction.cc:281]   Features:        1152
I20261008 10:19:48.976562   718 feature_extraction.cc:259] Processed file [385/405]
I20261008 10:19:48.978153   718 feature_extraction.cc:262]   Name:            train/frame_0378.jpg
I20261008 10:19:48.978753   718 feature_extraction.cc:271]   Dimensions:      1600 x 900
I20261008 10:19:48.979143   718 feature_extraction.cc:274]   Camera:          #2 - OPENCV
I20261008 10:19:48.979502   718 feature_extraction.cc:277]   Focal Length:    1920.00px
I20261008 10:19:48.979851   718 feature_extraction.cc:281]   Features:        919
I20261008 10:19:48.992316   718 feature_extraction.cc:259] Processed file [386/405]
I20261008 10:19:48.994097   718 feature_extraction.cc:262]   Name:            train/frame_0380.jpg
I20261008 10:19:48.995575   718 feature_extraction.cc:271]   Dimensions:      1600 x 900
I20261008 10:19:48.996423   718 feature_extraction.cc:274]   Camera:          #2 - OPENCV
I20261008 10:19:48.997211   718 feature_extraction.cc:277]   Focal Length:    1920.00px
I20261008 10:19:48.998013   718 feature_extraction.cc:281]   Features:        855
I20261008 10:19:49.056846   718 feature_extraction.cc:259] Processed file [387/405]
I20261008 10:19:49.059813   718 feature_extraction.cc:262]   Name:            train/frame_0382.jpg
I20261008 10:19:49.060690   718 feature_extraction.cc:271]   Dimensions:      1600 x 900
I20261008 10:19:49.061606   718 feature_extraction.cc:274]   Camera:          #2 - OPENCV
I20261008 10:19:49.062429   718 feature_extraction.cc:277]   Focal Length:    1920.00px
I20261008 10:19:49.063189   718 feature_extraction.cc:281]   Features:        1064
I20261008 10:19:49.064409   718 feature_extraction.cc:259] Processed file [388/405]
I20261008 10:19:49.065069   718 feature_extraction.cc:262]   Name:            train/frame_0381.jpg
I20261008 10:19:49.065666   718 feature_extraction.cc:271]   Dimensions:      1600 x 900
I20261008 10:19:49.066562   718 feature_extraction.cc:274]   Camera:          #2 - OPENCV
I20261008 10:19:49.067214   718 feature_extraction.cc:277]   Focal Length:    1920.00px
I20261008 10:19:49.067780   718 feature_extraction.cc:281]   Features:        925
I20261008 10:19:49.530808   718 feature_extraction.cc:259] Processed file [389/405]
I20261008 10:19:49.533705   718 feature_extraction.cc:262]   Name:            train/frame_0383.jpg
I20261008 10:19:49.534941   718 feature_extraction.cc:271]   Dimensions:      1600 x 900
I20261008 10:19:49.537117   718 feature_extraction.cc:274]   Camera:          #2 - OPENCV
I20261008 10:19:49.537917   718 feature_extraction.cc:277]   Focal Length:    1920.00px
I20261008 10:19:49.538450   718 feature_extraction.cc:281]   Features:        1697
I20261008 10:19:49.753343   718 feature_extraction.cc:259] Processed file [390/405]
I20261008 10:19:49.755630   718 feature_extraction.cc:262]   Name:            train/frame_0384.jpg
I20261008 10:19:49.756399   718 feature_extraction.cc:271]   Dimensions:      1600 x 900
I20261008 10:19:49.757997   718 feature_extraction.cc:274]   Camera:          #2 - OPENCV
I20261008 10:19:49.759084   718 feature_extraction.cc:277]   Focal Length:    1920.00px
I20261008 10:19:49.759809   718 feature_extraction.cc:281]   Features:        1609
I20261008 10:19:49.887167   718 feature_extraction.cc:259] Processed file [391/405]
I20261008 10:19:49.888283   718 feature_extraction.cc:262]   Name:            train/frame_0385.jpg
I20261008 10:19:49.888859   718 feature_extraction.cc:271]   Dimensions:      1600 x 900
I20261008 10:19:49.889384   718 feature_extraction.cc:274]   Camera:          #2 - OPENCV
I20261008 10:19:49.890751   718 feature_extraction.cc:277]   Focal Length:    1920.00px
I20261008 10:19:49.891505   718 feature_extraction.cc:281]   Features:        1424
I20261008 10:19:50.147032   718 feature_extraction.cc:259] Processed file [392/405]
I20261008 10:19:50.148625   718 feature_extraction.cc:262]   Name:            train/frame_0386.jpg
I20261008 10:19:50.149855   718 feature_extraction.cc:271]   Dimensions:      1600 x 900
I20261008 10:19:50.150475   718 feature_extraction.cc:274]   Camera:          #2 - OPENCV
I20261008 10:19:50.150995   718 feature_extraction.cc:277]   Focal Length:    1920.00px
I20261008 10:19:50.151539   718 feature_extraction.cc:281]   Features:        1727
I20261008 10:19:50.388475   718 feature_extraction.cc:259] Processed file [393/405]
I20261008 10:19:50.390549   718 feature_extraction.cc:262]   Name:            train/frame_0388.jpg
I20261008 10:19:50.392549   718 feature_extraction.cc:271]   Dimensions:      1600 x 900
I20261008 10:19:50.393852   718 feature_extraction.cc:274]   Camera:          #2 - OPENCV
I20261008 10:19:50.395049   718 feature_extraction.cc:277]   Focal Length:    1920.00px
I20261008 10:19:50.395759   718 feature_extraction.cc:281]   Features:        2140
I20261008 10:19:50.426137   718 feature_extraction.cc:259] Processed file [394/405]
I20261008 10:19:50.427872   718 feature_extraction.cc:262]   Name:            train/frame_0387.jpg
I20261008 10:19:50.429105   718 feature_extraction.cc:271]   Dimensions:      1600 x 900
I20261008 10:19:50.429677   718 feature_extraction.cc:274]   Camera:          #2 - OPENCV
I20261008 10:19:50.430220   718 feature_extraction.cc:277]   Focal Length:    1920.00px
I20261008 10:19:50.430655   718 feature_extraction.cc:281]   Features:        2158
I20261008 10:19:50.645939   718 feature_extraction.cc:259] Processed file [395/405]
I20261008 10:19:50.647503   718 feature_extraction.cc:262]   Name:            train/frame_0389.jpg
I20261008 10:19:50.648828   718 feature_extraction.cc:271]   Dimensions:      1600 x 900
I20261008 10:19:50.649569   718 feature_extraction.cc:274]   Camera:          #2 - OPENCV
I20261008 10:19:50.650497   718 feature_extraction.cc:277]   Focal Length:    1920.00px
I20261008 10:19:50.651262   718 feature_extraction.cc:281]   Features:        1800
I20261008 10:19:50.799476   718 feature_extraction.cc:259] Processed file [396/405]
I20261008 10:19:50.801326   718 feature_extraction.cc:262]   Name:            train/frame_0390.jpg
I20261008 10:19:50.802035   718 feature_extraction.cc:271]   Dimensions:      1600 x 900
I20261008 10:19:50.803311   718 feature_extraction.cc:274]   Camera:          #2 - OPENCV
I20261008 10:19:50.804176   718 feature_extraction.cc:277]   Focal Length:    1920.00px
I20261008 10:19:50.805014   718 feature_extraction.cc:281]   Features:        1302
I20261008 10:19:50.831161   718 feature_extraction.cc:259] Processed file [397/405]
I20261008 10:19:50.833549   718 feature_extraction.cc:262]   Name:            train/frame_0391.jpg
I20261008 10:19:50.834534   718 feature_extraction.cc:271]   Dimensions:      1600 x 900
I20261008 10:19:50.835222   718 feature_extraction.cc:274]   Camera:          #2 - OPENCV
I20261008 10:19:50.835814   718 feature_extraction.cc:277]   Focal Length:    1920.00px
I20261008 10:19:50.836331   718 feature_extraction.cc:281]   Features:        1439
I20261008 10:19:50.837507   718 feature_extraction.cc:259] Processed file [398/405]
I20261008 10:19:50.837893   718 feature_extraction.cc:262]   Name:            train/frame_0392.jpg
I20261008 10:19:50.838264   718 feature_extraction.cc:271]   Dimensions:      1600 x 900
I20261008 10:19:50.838631   718 feature_extraction.cc:274]   Camera:          #2 - OPENCV
I20261008 10:19:50.839077   718 feature_extraction.cc:277]   Focal Length:    1920.00px
I20261008 10:19:50.839522   718 feature_extraction.cc:281]   Features:        1222
I20261008 10:19:50.884302   718 feature_extraction.cc:259] Processed file [399/405]
I20261008 10:19:50.885044   718 feature_extraction.cc:262]   Name:            train/frame_0393.jpg
I20261008 10:19:50.885874   718 feature_extraction.cc:271]   Dimensions:      1600 x 900
I20261008 10:19:50.886447   718 feature_extraction.cc:274]   Camera:          #2 - OPENCV
I20261008 10:19:50.886873   718 feature_extraction.cc:277]   Focal Length:    1920.00px
I20261008 10:19:50.887226   718 feature_extraction.cc:281]   Features:        1670
I20261008 10:19:50.945120   718 feature_extraction.cc:259] Processed file [400/405]
I20261008 10:19:50.946487   718 feature_extraction.cc:262]   Name:            train/frame_0394.jpg
I20261008 10:19:50.946946   718 feature_extraction.cc:271]   Dimensions:      1600 x 900
I20261008 10:19:50.947330   718 feature_extraction.cc:274]   Camera:          #2 - OPENCV
I20261008 10:19:50.947762   718 feature_extraction.cc:277]   Focal Length:    1920.00px
I20261008 10:19:50.948378   718 feature_extraction.cc:281]   Features:        2091
I20261008 10:19:51.242790   718 feature_extraction.cc:259] Processed file [401/405]
I20261008 10:19:51.243527   718 feature_extraction.cc:262]   Name:            train/frame_0395.jpg
I20261008 10:19:51.244297   718 feature_extraction.cc:271]   Dimensions:      1600 x 900
I20261008 10:19:51.244880   718 feature_extraction.cc:274]   Camera:          #2 - OPENCV
I20261008 10:19:51.245348   718 feature_extraction.cc:277]   Focal Length:    1920.00px
I20261008 10:19:51.245766   718 feature_extraction.cc:281]   Features:        2552
I20261008 10:19:51.461063   718 feature_extraction.cc:259] Processed file [402/405]
I20261008 10:19:51.462440   718 feature_extraction.cc:262]   Name:            train/frame_0396.jpg
I20261008 10:19:51.463534   718 feature_extraction.cc:271]   Dimensions:      1600 x 900
I20261008 10:19:51.463982   718 feature_extraction.cc:274]   Camera:          #2 - OPENCV
I20261008 10:19:51.464699   718 feature_extraction.cc:277]   Focal Length:    1920.00px
I20261008 10:19:51.465323   718 feature_extraction.cc:281]   Features:        2779
I20261008 10:19:51.545049   718 feature_extraction.cc:259] Processed file [403/405]
I20261008 10:19:51.546314   718 feature_extraction.cc:262]   Name:            train/frame_0397.jpg
I20261008 10:19:51.546780   718 feature_extraction.cc:271]   Dimensions:      1600 x 900
I20261008 10:19:51.547081   718 feature_extraction.cc:274]   Camera:          #2 - OPENCV
I20261008 10:19:51.547521   718 feature_extraction.cc:277]   Focal Length:    1920.00px
I20261008 10:19:51.547941   718 feature_extraction.cc:281]   Features:        2914
I20261008 10:19:51.631369   718 feature_extraction.cc:259] Processed file [404/405]
I20261008 10:19:51.632740   718 feature_extraction.cc:262]   Name:            train/frame_0398.jpg
I20261008 10:19:51.633410   718 feature_extraction.cc:271]   Dimensions:      1600 x 900
I20261008 10:19:51.633831   718 feature_extraction.cc:274]   Camera:          #2 - OPENCV
I20261008 10:19:51.634389   718 feature_extraction.cc:277]   Focal Length:    1920.00px
I20261008 10:19:51.634910   718 feature_extraction.cc:281]   Features:        2605
I20261008 10:19:51.761818   718 feature_extraction.cc:259] Processed file [405/405]
I20261008 10:19:51.762481   718 feature_extraction.cc:262]   Name:            train/frame_0399.jpg
I20261008 10:19:51.762857   718 feature_extraction.cc:271]   Dimensions:      1600 x 900
I20261008 10:19:51.763167   718 feature_extraction.cc:274]   Camera:          #2 - OPENCV
I20261008 10:19:51.763451   718 feature_extraction.cc:277]   Focal Length:    1920.00px
I20261008 10:19:51.763753   718 feature_extraction.cc:281]   Features:        2646
I20261008 10:19:51.777217   693 timer.cc:91] Elapsed time: 1.347 [minutes]
pairs=11816 train=400 heldout=5
+ colmap matches_importer --database_path /home/kiranriya0990/hn3d_work/room/colmap/database.db --match_list_path /home/kiranriya0990/hn3d_work/room/colmap/pairs.txt --match_type pairs --SiftMatching.num_threads 12 --SiftMatching.guided_matching 1 --SiftMatching.use_gpu 0
I20261008 10:19:52.119369   817 misc.cc:44] 
==============================================================================
Feature matching
==============================================================================
I20261008 10:19:52.130532   818 sift.cc:1434] Creating SIFT CPU feature matcher
I20261008 10:19:52.131181   819 sift.cc:1434] Creating SIFT CPU feature matcher
I20261008 10:19:52.132130   820 sift.cc:1434] Creating SIFT CPU feature matcher
I20261008 10:19:52.132522   821 sift.cc:1434] Creating SIFT CPU feature matcher
I20261008 10:19:52.132927   822 sift.cc:1434] Creating SIFT CPU feature matcher
I20261008 10:19:52.133351   823 sift.cc:1434] Creating SIFT CPU feature matcher
I20261008 10:19:52.133992   824 sift.cc:1434] Creating SIFT CPU feature matcher
I20261008 10:19:52.134290   825 sift.cc:1434] Creating SIFT CPU feature matcher
I20261008 10:19:52.137727   846 sift.cc:1434] Creating SIFT CPU feature matcher
I20261008 10:19:52.135067   827 sift.cc:1434] Creating SIFT CPU feature matcher
I20261008 10:19:52.135500   828 sift.cc:1434] Creating SIFT CPU feature matcher
I20261008 10:19:52.135614   829 sift.cc:1434] Creating SIFT CPU feature matcher
I20261008 10:19:52.136893   842 sift.cc:1434] Creating SIFT CPU feature matcher
I20261008 10:19:52.137127   843 sift.cc:1434] Creating SIFT CPU feature matcher
I20261008 10:19:52.137243   844 sift.cc:1434] Creating SIFT CPU feature matcher
I20261008 10:19:52.137550   845 sift.cc:1434] Creating SIFT CPU feature matcher
I20261008 10:19:52.134707   826 sift.cc:1434] Creating SIFT CPU feature matcher
I20261008 10:19:52.138010   847 sift.cc:1434] Creating SIFT CPU feature matcher
I20261008 10:19:52.138293   848 sift.cc:1434] Creating SIFT CPU feature matcher
I20261008 10:19:52.138386   849 sift.cc:1434] Creating SIFT CPU feature matcher
I20261008 10:19:52.138490   850 sift.cc:1434] Creating SIFT CPU feature matcher
I20261008 10:19:52.138626   851 sift.cc:1434] Creating SIFT CPU feature matcher
I20261008 10:19:52.138708   852 sift.cc:1434] Creating SIFT CPU feature matcher
I20261008 10:19:52.138916   853 sift.cc:1434] Creating SIFT CPU feature matcher
I20261008 10:19:52.146912   817 pairing.cc:795] Importing image pairs...
I20261008 10:19:52.152395   817 pairing.cc:828] Matching block [1/10]
I20261008 10:20:20.977286   817 feature_matching.cc:47] in 28.825s
I20261008 10:20:20.979686   817 pairing.cc:828] Matching block [2/10]
I20261008 10:20:46.715647   817 feature_matching.cc:47] in 25.736s
I20261008 10:20:46.717509   817 pairing.cc:828] Matching block [3/10]
I20261008 10:21:04.437031   817 feature_matching.cc:47] in 17.720s
I20261008 10:21:04.438068   817 pairing.cc:828] Matching block [4/10]
I20261008 10:21:34.907553   817 feature_matching.cc:47] in 30.470s
I20261008 10:21:34.908810   817 pairing.cc:828] Matching block [5/10]
I20261008 10:21:57.768123   817 feature_matching.cc:47] in 22.859s
I20261008 10:21:57.770031   817 pairing.cc:828] Matching block [6/10]
I20261008 10:22:17.266526   817 feature_matching.cc:47] in 19.497s
I20261008 10:22:17.267834   817 pairing.cc:828] Matching block [7/10]
I20261008 10:22:22.979940   817 feature_matching.cc:47] in 5.712s
I20261008 10:22:22.982539   817 pairing.cc:828] Matching block [8/10]
I20261008 10:22:45.775627   817 feature_matching.cc:47] in 22.793s
I20261008 10:22:45.778867   817 pairing.cc:828] Matching block [9/10]
I20261008 10:22:58.766827   817 feature_matching.cc:47] in 12.988s
I20261008 10:22:58.768903   817 pairing.cc:828] Matching block [10/10]
I20261008 10:23:02.742527   817 feature_matching.cc:47] in 3.974s
I20261008 10:23:02.744310   817 timer.cc:91] Elapsed time: 3.177 [minutes]
+ colmap mapper --database_path /home/kiranriya0990/hn3d_work/room/colmap/database.db --image_path /home/kiranriya0990/hn3d_work/room/images --output_path /home/kiranriya0990/hn3d_work/room/colmap/sparse --Mapper.num_threads 12 --Mapper.init_min_num_inliers 60 --Mapper.abs_pose_min_num_inliers 15 --Mapper.abs_pose_min_inlier_ratio 0.15 --Mapper.ba_global_function_tolerance 0.000001
I20261008 10:23:03.417435   941 incremental_pipeline.cc:254] Loading database
I20261008 10:23:03.425136   941 database_cache.cc:66] Loading rigs...
I20261008 10:23:03.426566   941 database_cache.cc:76]  2 in 0.001s
I20261008 10:23:03.426956   941 database_cache.cc:84] Loading cameras...
I20261008 10:23:03.427286   941 database_cache.cc:102]  2 in 0.000s
I20261008 10:23:03.427531   941 database_cache.cc:110] Loading frames...
I20261008 10:23:03.428424   941 database_cache.cc:127]  405 in 0.001s
I20261008 10:23:03.428993   941 database_cache.cc:135] Loading matches...
I20261008 10:23:03.535418   941 database_cache.cc:140]  7958 in 0.106s
I20261008 10:23:03.536013   941 database_cache.cc:156] Loading images...
I20261008 10:23:03.833103   941 database_cache.cc:241]  405 in 0.297s (connected 405)
I20261008 10:23:03.834818   941 database_cache.cc:252] Building correspondence graph...
I20261008 10:23:04.526347   941 database_cache.cc:279]  in 0.692s (ignored 0)
I20261008 10:23:04.528453   941 timer.cc:91] Elapsed time: 0.018 [minutes]
I20261008 10:23:04.542281   941 incremental_pipeline.cc:300] Finding good initial image pair
I20261008 10:23:04.754361   941 incremental_pipeline.cc:324] Registering initial image pair #66 and #11
I20261008 10:23:04.758553   941 incremental_pipeline.cc:338] Global bundle adjustment
I20261008 10:23:04.841181   941 incremental_pipeline.cc:428] Registering image #75 (num_reg_frames=2)
I20261008 10:23:04.841971   941 incremental_pipeline.cc:431] => Image sees 36 / 2893 points
I20261008 10:23:04.919708   941 incremental_pipeline.cc:43] Retriangulation and Global bundle adjustment
I20261008 10:23:05.255724   941 incremental_pipeline.cc:428] Registering image #72 (num_reg_frames=3)
I20261008 10:23:05.256997   941 incremental_pipeline.cc:431] => Image sees 112 / 2852 points
I20261008 10:23:05.257963   941 incremental_pipeline.cc:442] => Could not register, trying another image.
I20261008 10:23:05.258543   941 incremental_pipeline.cc:428] Registering image #73 (num_reg_frames=3)
I20261008 10:23:05.259174   941 incremental_pipeline.cc:431] => Image sees 111 / 2853 points
I20261008 10:23:05.259899   941 incremental_pipeline.cc:442] => Could not register, trying another image.
I20261008 10:23:05.260349   941 incremental_pipeline.cc:428] Registering image #67 (num_reg_frames=3)
I20261008 10:23:05.260767   941 incremental_pipeline.cc:431] => Image sees 109 / 2791 points
I20261008 10:23:05.261443   941 incremental_pipeline.cc:442] => Could not register, trying another image.
I20261008 10:23:05.261982   941 incremental_pipeline.cc:428] Registering image #65 (num_reg_frames=3)
I20261008 10:23:05.262367   941 incremental_pipeline.cc:431] => Image sees 101 / 2635 points
I20261008 10:23:05.262949   941 incremental_pipeline.cc:442] => Could not register, trying another image.
I20261008 10:23:05.263396   941 incremental_pipeline.cc:428] Registering image #62 (num_reg_frames=3)
I20261008 10:23:05.263897   941 incremental_pipeline.cc:431] => Image sees 102 / 2781 points
I20261008 10:23:05.264474   941 incremental_pipeline.cc:442] => Could not register, trying another image.
I20261008 10:23:05.264853   941 incremental_pipeline.cc:428] Registering image #70 (num_reg_frames=3)
I20261008 10:23:05.265196   941 incremental_pipeline.cc:431] => Image sees 105 / 2574 points
I20261008 10:23:05.265666   941 incremental_pipeline.cc:442] => Could not register, trying another image.
I20261008 10:23:05.266049   941 incremental_pipeline.cc:428] Registering image #63 (num_reg_frames=3)
I20261008 10:23:05.266396   941 incremental_pipeline.cc:431] => Image sees 95 / 2458 points
I20261008 10:23:05.267293   941 incremental_pipeline.cc:442] => Could not register, trying another image.
I20261008 10:23:05.267601   941 incremental_pipeline.cc:428] Registering image #61 (num_reg_frames=3)
I20261008 10:23:05.267871   941 incremental_pipeline.cc:431] => Image sees 99 / 2810 points
I20261008 10:23:05.268311   941 incremental_pipeline.cc:442] => Could not register, trying another image.
I20261008 10:23:05.268611   941 incremental_pipeline.cc:428] Registering image #71 (num_reg_frames=3)
I20261008 10:23:05.268903   941 incremental_pipeline.cc:431] => Image sees 98 / 2426 points
I20261008 10:23:05.269368   941 incremental_pipeline.cc:442] => Could not register, trying another image.
I20261008 10:23:05.269759   941 incremental_pipeline.cc:428] Registering image #69 (num_reg_frames=3)
I20261008 10:23:05.270105   941 incremental_pipeline.cc:431] => Image sees 101 / 2729 points
I20261008 10:23:05.270644   941 incremental_pipeline.cc:442] => Could not register, trying another image.
I20261008 10:23:05.270922   941 incremental_pipeline.cc:428] Registering image #74 (num_reg_frames=3)
I20261008 10:23:05.271219   941 incremental_pipeline.cc:431] => Image sees 85 / 2323 points
I20261008 10:23:05.271731   941 incremental_pipeline.cc:442] => Could not register, trying another image.
I20261008 10:23:05.272113   941 incremental_pipeline.cc:428] Registering image #64 (num_reg_frames=3)
I20261008 10:23:05.272692   941 incremental_pipeline.cc:431] => Image sees 103 / 2775 points
I20261008 10:23:05.273162   941 incremental_pipeline.cc:442] => Could not register, trying another image.
I20261008 10:23:05.273419   941 incremental_pipeline.cc:428] Registering image #60 (num_reg_frames=3)
I20261008 10:23:05.273663   941 incremental_pipeline.cc:431] => Image sees 95 / 2783 points
I20261008 10:23:05.274080   941 incremental_pipeline.cc:442] => Could not register, trying another image.
I20261008 10:23:05.274941   941 incremental_pipeline.cc:428] Registering image #68 (num_reg_frames=3)
I20261008 10:23:05.275240   941 incremental_pipeline.cc:431] => Image sees 90 / 2502 points
I20261008 10:23:05.275668   941 incremental_pipeline.cc:442] => Could not register, trying another image.
I20261008 10:23:05.275888   941 incremental_pipeline.cc:428] Registering image #59 (num_reg_frames=3)
I20261008 10:23:05.276119   941 incremental_pipeline.cc:431] => Image sees 89 / 2726 points
I20261008 10:23:05.276505   941 incremental_pipeline.cc:442] => Could not register, trying another image.
I20261008 10:23:05.276767   941 incremental_pipeline.cc:428] Registering image #77 (num_reg_frames=3)
I20261008 10:23:05.277010   941 incremental_pipeline.cc:431] => Image sees 79 / 2631 points
I20261008 10:23:05.277374   941 incremental_pipeline.cc:442] => Could not register, trying another image.
I20261008 10:23:05.277683   941 incremental_pipeline.cc:428] Registering image #57 (num_reg_frames=3)
I20261008 10:23:05.278036   941 incremental_pipeline.cc:431] => Image sees 82 / 2410 points
I20261008 10:23:05.278542   941 incremental_pipeline.cc:442] => Could not register, trying another image.
I20261008 10:23:05.278944   941 incremental_pipeline.cc:428] Registering image #54 (num_reg_frames=3)
I20261008 10:23:05.279237   941 incremental_pipeline.cc:431] => Image sees 78 / 2369 points
I20261008 10:23:05.279668   941 incremental_pipeline.cc:442] => Could not register, trying another image.
I20261008 10:23:05.279901   941 incremental_pipeline.cc:428] Registering image #78 (num_reg_frames=3)
I20261008 10:23:05.280123   941 incremental_pipeline.cc:431] => Image sees 73 / 2654 points
I20261008 10:23:05.280562   941 incremental_pipeline.cc:442] => Could not register, trying another image.
I20261008 10:23:05.280794   941 incremental_pipeline.cc:428] Registering image #56 (num_reg_frames=3)
I20261008 10:23:05.281044   941 incremental_pipeline.cc:431] => Image sees 77 / 1918 points
I20261008 10:23:05.281379   941 incremental_pipeline.cc:442] => Could not register, trying another image.
I20261008 10:23:05.281599   941 incremental_pipeline.cc:428] Registering image #53 (num_reg_frames=3)
I20261008 10:23:05.281810   941 incremental_pipeline.cc:431] => Image sees 68 / 2258 points
I20261008 10:23:05.282106   941 incremental_pipeline.cc:442] => Could not register, trying another image.
I20261008 10:23:05.282418   941 incremental_pipeline.cc:428] Registering image #76 (num_reg_frames=3)
I20261008 10:23:05.282686   941 incremental_pipeline.cc:431] => Image sees 77 / 2311 points
I20261008 10:23:05.283038   941 incremental_pipeline.cc:442] => Could not register, trying another image.
I20261008 10:23:05.283241   941 incremental_pipeline.cc:428] Registering image #58 (num_reg_frames=3)
I20261008 10:23:05.283464   941 incremental_pipeline.cc:431] => Image sees 69 / 2063 points
I20261008 10:23:05.283772   941 incremental_pipeline.cc:442] => Could not register, trying another image.
I20261008 10:23:05.283969   941 incremental_pipeline.cc:428] Registering image #80 (num_reg_frames=3)
I20261008 10:23:05.284191   941 incremental_pipeline.cc:431] => Image sees 68 / 2877 points
I20261008 10:23:05.284567   941 incremental_pipeline.cc:442] => Could not register, trying another image.
I20261008 10:23:05.284757   941 incremental_pipeline.cc:428] Registering image #55 (num_reg_frames=3)
I20261008 10:23:05.284976   941 incremental_pipeline.cc:431] => Image sees 71 / 2140 points
I20261008 10:23:05.285296   941 incremental_pipeline.cc:442] => Could not register, trying another image.
I20261008 10:23:05.285483   941 incremental_pipeline.cc:428] Registering image #79 (num_reg_frames=3)
I20261008 10:23:05.285840   941 incremental_pipeline.cc:431] => Image sees 61 / 2486 points
I20261008 10:23:05.286194   941 incremental_pipeline.cc:442] => Could not register, trying another image.
I20261008 10:23:05.286460   941 incremental_pipeline.cc:428] Registering image #81 (num_reg_frames=3)
I20261008 10:23:05.286809   941 incremental_pipeline.cc:431] => Image sees 58 / 2611 points
I20261008 10:23:05.287178   941 incremental_pipeline.cc:442] => Could not register, trying another image.
I20261008 10:23:05.287448   941 incremental_pipeline.cc:428] Registering image #82 (num_reg_frames=3)
I20261008 10:23:05.287657   941 incremental_pipeline.cc:431] => Image sees 53 / 2890 points
I20261008 10:23:05.288036   941 incremental_pipeline.cc:442] => Could not register, trying another image.
I20261008 10:23:05.288252   941 incremental_pipeline.cc:428] Registering image #50 (num_reg_frames=3)
I20261008 10:23:05.288453   941 incremental_pipeline.cc:431] => Image sees 51 / 1812 points
I20261008 10:23:05.288724   941 incremental_pipeline.cc:442] => Could not register, trying another image.
I20261008 10:23:05.288969   941 incremental_pipeline.cc:428] Registering image #52 (num_reg_frames=3)
I20261008 10:23:05.289585   941 incremental_pipeline.cc:431] => Image sees 58 / 2326 points
I20261008 10:23:05.290573   941 incremental_pipeline.cc:442] => Could not register, trying another image.
I20261008 10:23:05.290877   941 incremental_pipeline.cc:428] Registering image #84 (num_reg_frames=3)
I20261008 10:23:05.291105   941 incremental_pipeline.cc:431] => Image sees 48 / 2887 points
I20261008 10:23:05.291591   941 incremental_pipeline.cc:442] => Could not register, trying another image.
I20261008 10:23:05.291813   941 incremental_pipeline.cc:43] Retriangulation and Global bundle adjustment
I20261008 10:23:05.460636   941 incremental_pipeline.cc:428] Registering image #86 (num_reg_frames=3)
I20261008 10:23:05.462404   941 incremental_pipeline.cc:431] => Image sees 28 / 2672 points
I20261008 10:23:05.478680   941 incremental_pipeline.cc:43] Retriangulation and Global bundle adjustment
I20261008 10:23:05.497790   941 incremental_pipeline.cc:584] Keeping successful reconstruction
I20261008 10:23:05.513962   941 incremental_pipeline.cc:300] Finding good initial image pair
I20261008 10:23:05.974150   941 incremental_pipeline.cc:324] Registering initial image pair #72 and #172
I20261008 10:23:05.976562   941 incremental_pipeline.cc:338] Global bundle adjustment
W20261008 10:23:05.977545   941 bundle_adjustment.cc:566] Failed to fix Gauge with two cameras. Falling back to fixing Gauge with three points.
W20261008 10:23:05.978188   941 bundle_adjustment.cc:472] Failed to fix Gauge due to insufficient number of fixed points: 0
I20261008 10:23:05.979826   941 incremental_pipeline.cc:557] Discarding reconstruction due to bad initial pair
I20261008 10:23:05.993803   941 incremental_pipeline.cc:300] Finding good initial image pair
I20261008 10:23:06.005326   941 incremental_pipeline.cc:324] Registering initial image pair #72 and #162
I20261008 10:23:06.007558   941 incremental_pipeline.cc:338] Global bundle adjustment
W20261008 10:23:06.008460   941 bundle_adjustment.cc:566] Failed to fix Gauge with two cameras. Falling back to fixing Gauge with three points.
W20261008 10:23:06.008831   941 bundle_adjustment.cc:472] Failed to fix Gauge due to insufficient number of fixed points: 0
I20261008 10:23:06.009865   941 incremental_pipeline.cc:557] Discarding reconstruction due to bad initial pair
I20261008 10:23:06.022271   941 incremental_pipeline.cc:300] Finding good initial image pair
I20261008 10:23:06.432806   941 incremental_pipeline.cc:324] Registering initial image pair #84 and #156
I20261008 10:23:06.435621   941 incremental_pipeline.cc:338] Global bundle adjustment
I20261008 10:23:06.488364   941 incremental_pipeline.cc:428] Registering image #85 (num_reg_frames=2)
I20261008 10:23:06.489423   941 incremental_pipeline.cc:431] => Image sees 58 / 2526 points
I20261008 10:23:06.489919   941 incremental_pipeline.cc:442] => Could not register, trying another image.
I20261008 10:23:06.490398   941 incremental_pipeline.cc:428] Registering image #154 (num_reg_frames=2)
I20261008 10:23:06.490859   941 incremental_pipeline.cc:431] => Image sees 57 / 2163 points
I20261008 10:23:06.491387   941 incremental_pipeline.cc:442] => Could not register, trying another image.
I20261008 10:23:06.491644   941 incremental_pipeline.cc:428] Registering image #83 (num_reg_frames=2)
I20261008 10:23:06.491999   941 incremental_pipeline.cc:431] => Image sees 54 / 2660 points
I20261008 10:23:06.492645   941 incremental_pipeline.cc:442] => Could not register, trying another image.
I20261008 10:23:06.492969   941 incremental_pipeline.cc:428] Registering image #126 (num_reg_frames=2)
I20261008 10:23:06.493294   941 incremental_pipeline.cc:431] => Image sees 54 / 2170 points
I20261008 10:23:06.493647   941 incremental_pipeline.cc:442] => Could not register, trying another image.
I20261008 10:23:06.493891   941 incremental_pipeline.cc:428] Registering image #155 (num_reg_frames=2)
I20261008 10:23:06.494102   941 incremental_pipeline.cc:431] => Image sees 52 / 2296 points
I20261008 10:23:06.494545   941 incremental_pipeline.cc:442] => Could not register, trying another image.
I20261008 10:23:06.494902   941 incremental_pipeline.cc:428] Registering image #152 (num_reg_frames=2)
I20261008 10:23:06.495158   941 incremental_pipeline.cc:431] => Image sees 52 / 2182 points
I20261008 10:23:06.495550   941 incremental_pipeline.cc:442] => Could not register, trying another image.
I20261008 10:23:06.495776   941 incremental_pipeline.cc:428] Registering image #162 (num_reg_frames=2)
I20261008 10:23:06.496018   941 incremental_pipeline.cc:431] => Image sees 48 / 2213 points
I20261008 10:23:06.496606   941 incremental_pipeline.cc:442] => Could not register, trying another image.
I20261008 10:23:06.496906   941 incremental_pipeline.cc:428] Registering image #159 (num_reg_frames=2)
I20261008 10:23:06.497162   941 incremental_pipeline.cc:431] => Image sees 50 / 2328 points
I20261008 10:23:06.497488   941 incremental_pipeline.cc:442] => Could not register, trying another image.
I20261008 10:23:06.497684   941 incremental_pipeline.cc:428] Registering image #153 (num_reg_frames=2)
I20261008 10:23:06.497917   941 incremental_pipeline.cc:431] => Image sees 48 / 2343 points
I20261008 10:23:06.498600   941 incremental_pipeline.cc:442] => Could not register, trying another image.
I20261008 10:23:06.498975   941 incremental_pipeline.cc:428] Registering image #87 (num_reg_frames=2)
I20261008 10:23:06.499316   941 incremental_pipeline.cc:431] => Image sees 51 / 2774 points
I20261008 10:23:06.499894   941 incremental_pipeline.cc:442] => Could not register, trying another image.
I20261008 10:23:06.500149   941 incremental_pipeline.cc:428] Registering image #158 (num_reg_frames=2)
I20261008 10:23:06.500375   941 incremental_pipeline.cc:431] => Image sees 50 / 2300 points
I20261008 10:23:06.500792   941 incremental_pipeline.cc:442] => Could not register, trying another image.
I20261008 10:23:06.501060   941 incremental_pipeline.cc:428] Registering image #160 (num_reg_frames=2)
I20261008 10:23:06.501298   941 incremental_pipeline.cc:431] => Image sees 50 / 2246 points
I20261008 10:23:06.501667   941 incremental_pipeline.cc:442] => Could not register, trying another image.
I20261008 10:23:06.501873   941 incremental_pipeline.cc:428] Registering image #82 (num_reg_frames=2)
I20261008 10:23:06.502064   941 incremental_pipeline.cc:431] => Image sees 50 / 2890 points
I20261008 10:23:06.502486   941 incremental_pipeline.cc:442] => Could not register, trying another image.
I20261008 10:23:06.502985   941 incremental_pipeline.cc:428] Registering image #86 (num_reg_frames=2)
I20261008 10:23:06.503237   941 incremental_pipeline.cc:431] => Image sees 53 / 2672 points
I20261008 10:23:06.503747   941 incremental_pipeline.cc:442] => Could not register, trying another image.
I20261008 10:23:06.503999   941 incremental_pipeline.cc:428] Registering image #91 (num_reg_frames=2)
I20261008 10:23:06.504331   941 incremental_pipeline.cc:431] => Image sees 59 / 2402 points
I20261008 10:23:06.504895   941 incremental_pipeline.cc:442] => Could not register, trying another image.
I20261008 10:23:06.505185   941 incremental_pipeline.cc:428] Registering image #108 (num_reg_frames=2)
I20261008 10:23:06.505415   941 incremental_pipeline.cc:431] => Image sees 52 / 2173 points
I20261008 10:23:06.505805   941 incremental_pipeline.cc:442] => Could not register, trying another image.
I20261008 10:23:06.506079   941 incremental_pipeline.cc:428] Registering image #149 (num_reg_frames=2)
I20261008 10:23:06.506345   941 incremental_pipeline.cc:431] => Image sees 49 / 2242 points
I20261008 10:23:06.506664   941 incremental_pipeline.cc:442] => Could not register, trying another image.
I20261008 10:23:06.507550   941 incremental_pipeline.cc:428] Registering image #80 (num_reg_frames=2)
I20261008 10:23:06.507982   941 incremental_pipeline.cc:431] => Image sees 47 / 2877 points
I20261008 10:23:06.508701   941 incremental_pipeline.cc:442] => Could not register, trying another image.
I20261008 10:23:06.509110   941 incremental_pipeline.cc:428] Registering image #96 (num_reg_frames=2)
I20261008 10:23:06.509456   941 incremental_pipeline.cc:431] => Image sees 48 / 2569 points
I20261008 10:23:06.509941   941 incremental_pipeline.cc:442] => Could not register, trying another image.
I20261008 10:23:06.510263   941 incremental_pipeline.cc:428] Registering image #79 (num_reg_frames=2)
I20261008 10:23:06.510569   941 incremental_pipeline.cc:431] => Image sees 48 / 2486 points
I20261008 10:23:06.510973   941 incremental_pipeline.cc:442] => Could not register, trying another image.
I20261008 10:23:06.511221   941 incremental_pipeline.cc:428] Registering image #100 (num_reg_frames=2)
I20261008 10:23:06.511687   941 incremental_pipeline.cc:431] => Image sees 49 / 2357 points
I20261008 10:23:06.512279   941 incremental_pipeline.cc:442] => Could not register, trying another image.
I20261008 10:23:06.512619   941 incremental_pipeline.cc:428] Registering image #114 (num_reg_frames=2)
I20261008 10:23:06.512898   941 incremental_pipeline.cc:431] => Image sees 51 / 2548 points
I20261008 10:23:06.513387   941 incremental_pipeline.cc:442] => Could not register, trying another image.
I20261008 10:23:06.513748   941 incremental_pipeline.cc:428] Registering image #81 (num_reg_frames=2)
I20261008 10:23:06.514081   941 incremental_pipeline.cc:431] => Image sees 45 / 2611 points
I20261008 10:23:06.514578   941 incremental_pipeline.cc:442] => Could not register, trying another image.
I20261008 10:23:06.514906   941 incremental_pipeline.cc:428] Registering image #161 (num_reg_frames=2)
I20261008 10:23:06.515188   941 incremental_pipeline.cc:431] => Image sees 45 / 2217 points
I20261008 10:23:06.515743   941 incremental_pipeline.cc:442] => Could not register, trying another image.
I20261008 10:23:06.516098   941 incremental_pipeline.cc:428] Registering image #88 (num_reg_frames=2)
I20261008 10:23:06.516415   941 incremental_pipeline.cc:431] => Image sees 47 / 2694 points
I20261008 10:23:06.516852   941 incremental_pipeline.cc:442] => Could not register, trying another image.
I20261008 10:23:06.517139   941 incremental_pipeline.cc:428] Registering image #146 (num_reg_frames=2)
I20261008 10:23:06.518844   941 incremental_pipeline.cc:431] => Image sees 44 / 2206 points
I20261008 10:23:06.519316   941 incremental_pipeline.cc:442] => Could not register, trying another image.
I20261008 10:23:06.519622   941 incremental_pipeline.cc:428] Registering image #92 (num_reg_frames=2)
I20261008 10:23:06.520061   941 incremental_pipeline.cc:431] => Image sees 44 / 2588 points
I20261008 10:23:06.520650   941 incremental_pipeline.cc:442] => Could not register, trying another image.
I20261008 10:23:06.520972   941 incremental_pipeline.cc:428] Registering image #168 (num_reg_frames=2)
I20261008 10:23:06.521291   941 incremental_pipeline.cc:431] => Image sees 43 / 2138 points
I20261008 10:23:06.521838   941 incremental_pipeline.cc:442] => Could not register, trying another image.
I20261008 10:23:06.522169   941 incremental_pipeline.cc:428] Registering image #95 (num_reg_frames=2)
I20261008 10:23:06.522440   941 incremental_pipeline.cc:431] => Image sees 50 / 2519 points
I20261008 10:23:06.522827   941 incremental_pipeline.cc:442] => Could not register, trying another image.
I20261008 10:23:06.523137   941 incremental_pipeline.cc:428] Registering image #157 (num_reg_frames=2)
I20261008 10:23:06.523442   941 incremental_pipeline.cc:431] => Image sees 46 / 1963 points
I20261008 10:23:06.524001   941 incremental_pipeline.cc:442] => Could not register, trying another image.
I20261008 10:23:06.524358   941 incremental_pipeline.cc:428] Registering image #144 (num_reg_frames=2)
I20261008 10:23:06.524648   941 incremental_pipeline.cc:431] => Image sees 44 / 2260 points
I20261008 10:23:06.525104   941 incremental_pipeline.cc:442] => Could not register, trying another image.
I20261008 10:23:06.525456   941 incremental_pipeline.cc:43] Retriangulation and Global bundle adjustment
I20261008 10:23:06.559118   941 incremental_pipeline.cc:428] Registering image #72 (num_reg_frames=2)
I20261008 10:23:06.560039   941 incremental_pipeline.cc:431] => Image sees 41 / 2852 points
I20261008 10:23:06.560578   941 incremental_pipeline.cc:442] => Could not register, trying another image.
I20261008 10:23:06.560899   941 incremental_pipeline.cc:428] Registering image #151 (num_reg_frames=2)
I20261008 10:23:06.561291   941 incremental_pipeline.cc:431] => Image sees 42 / 2259 points
I20261008 10:23:06.561766   941 incremental_pipeline.cc:442] => Could not register, trying another image.
I20261008 10:23:06.562074   941 incremental_pipeline.cc:428] Registering image #89 (num_reg_frames=2)
I20261008 10:23:06.562397   941 incremental_pipeline.cc:431] => Image sees 47 / 2532 points
I20261008 10:23:06.562908   941 incremental_pipeline.cc:442] => Could not register, trying another image.
I20261008 10:23:06.563195   941 incremental_pipeline.cc:428] Registering image #105 (num_reg_frames=2)
I20261008 10:23:06.563513   941 incremental_pipeline.cc:431] => Image sees 47 / 2262 points
I20261008 10:23:06.564182   941 incremental_pipeline.cc:442] => Could not register, trying another image.
I20261008 10:23:06.564479   941 incremental_pipeline.cc:428] Registering image #172 (num_reg_frames=2)
I20261008 10:23:06.564697   941 incremental_pipeline.cc:431] => Image sees 45 / 2025 points
I20261008 10:23:06.565048   941 incremental_pipeline.cc:442] => Could not register, trying another image.
I20261008 10:23:06.565302   941 incremental_pipeline.cc:428] Registering image #163 (num_reg_frames=2)
I20261008 10:23:06.565879   941 incremental_pipeline.cc:431] => Image sees 40 / 2083 points
I20261008 10:23:06.566363   941 incremental_pipeline.cc:442] => Could not register, trying another image.
I20261008 10:23:06.566628   941 incremental_pipeline.cc:428] Registering image #77 (num_reg_frames=2)
I20261008 10:23:06.566851   941 incremental_pipeline.cc:431] => Image sees 42 / 2631 points
I20261008 10:23:06.567253   941 incremental_pipeline.cc:442] => Could not register, trying another image.
I20261008 10:23:06.567458   941 incremental_pipeline.cc:428] Registering image #164 (num_reg_frames=2)
I20261008 10:23:06.567777   941 incremental_pipeline.cc:431] => Image sees 43 / 2281 points
I20261008 10:23:06.568099   941 incremental_pipeline.cc:442] => Could not register, trying another image.
I20261008 10:23:06.568328   941 incremental_pipeline.cc:428] Registering image #101 (num_reg_frames=2)
I20261008 10:23:06.568562   941 incremental_pipeline.cc:431] => Image sees 46 / 2216 points
I20261008 10:23:06.568938   941 incremental_pipeline.cc:442] => Could not register, trying another image.
I20261008 10:23:06.569132   941 incremental_pipeline.cc:428] Registering image #169 (num_reg_frames=2)
I20261008 10:23:06.569409   941 incremental_pipeline.cc:431] => Image sees 45 / 2262 points
I20261008 10:23:06.569758   941 incremental_pipeline.cc:442] => Could not register, trying another image.
I20261008 10:23:06.570016   941 incremental_pipeline.cc:428] Registering image #141 (num_reg_frames=2)
I20261008 10:23:06.570302   941 incremental_pipeline.cc:431] => Image sees 43 / 2038 points
I20261008 10:23:06.570719   941 incremental_pipeline.cc:442] => Could not register, trying another image.
I20261008 10:23:06.570967   941 incremental_pipeline.cc:428] Registering image #143 (num_reg_frames=2)
I20261008 10:23:06.571214   941 incremental_pipeline.cc:431] => Image sees 41 / 2061 points
I20261008 10:23:06.571568   941 incremental_pipeline.cc:442] => Could not register, trying another image.
I20261008 10:23:06.571801   941 incremental_pipeline.cc:428] Registering image #73 (num_reg_frames=2)
I20261008 10:23:06.572032   941 incremental_pipeline.cc:431] => Image sees 41 / 2853 points
I20261008 10:23:06.572432   941 incremental_pipeline.cc:442] => Could not register, trying another image.
I20261008 10:23:06.572646   941 incremental_pipeline.cc:428] Registering image #150 (num_reg_frames=2)
I20261008 10:23:06.572834   941 incremental_pipeline.cc:431] => Image sees 45 / 2194 points
I20261008 10:23:06.573150   941 incremental_pipeline.cc:442] => Could not register, trying another image.
I20261008 10:23:06.573339   941 incremental_pipeline.cc:428] Registering image #102 (num_reg_frames=2)
I20261008 10:23:06.573671   941 incremental_pipeline.cc:431] => Image sees 46 / 2438 points
I20261008 10:23:06.574118   941 incremental_pipeline.cc:442] => Could not register, trying another image.
I20261008 10:23:06.574415   941 incremental_pipeline.cc:428] Registering image #75 (num_reg_frames=2)
I20261008 10:23:06.574676   941 incremental_pipeline.cc:431] => Image sees 42 / 2893 points
I20261008 10:23:06.575119   941 incremental_pipeline.cc:442] => Could not register, trying another image.
I20261008 10:23:06.575318   941 incremental_pipeline.cc:428] Registering image #94 (num_reg_frames=2)
I20261008 10:23:06.575537   941 incremental_pipeline.cc:431] => Image sees 43 / 2123 points
I20261008 10:23:06.575860   941 incremental_pipeline.cc:442] => Could not register, trying another image.
I20261008 10:23:06.576735   941 incremental_pipeline.cc:428] Registering image #148 (num_reg_frames=2)
I20261008 10:23:06.576996   941 incremental_pipeline.cc:431] => Image sees 43 / 2171 points
I20261008 10:23:06.577294   941 incremental_pipeline.cc:442] => Could not register, trying another image.
I20261008 10:23:06.577492   941 incremental_pipeline.cc:428] Registering image #177 (num_reg_frames=2)
I20261008 10:23:06.577841   941 incremental_pipeline.cc:431] => Image sees 40 / 2131 points
I20261008 10:23:06.578312   941 incremental_pipeline.cc:442] => Could not register, trying another image.
I20261008 10:23:06.578541   941 incremental_pipeline.cc:428] Registering image #98 (num_reg_frames=2)
I20261008 10:23:06.578828   941 incremental_pipeline.cc:431] => Image sees 41 / 1860 points
I20261008 10:23:06.579186   941 incremental_pipeline.cc:442] => Could not register, trying another image.
I20261008 10:23:06.579437   941 incremental_pipeline.cc:428] Registering image #99 (num_reg_frames=2)
I20261008 10:23:06.579668   941 incremental_pipeline.cc:431] => Image sees 38 / 2182 points
I20261008 10:23:06.580016   941 incremental_pipeline.cc:442] => Could not register, trying another image.
I20261008 10:23:06.580327   941 incremental_pipeline.cc:428] Registering image #147 (num_reg_frames=2)
I20261008 10:23:06.580750   941 incremental_pipeline.cc:431] => Image sees 41 / 2194 points
I20261008 10:23:06.581382   941 incremental_pipeline.cc:442] => Could not register, trying another image.
I20261008 10:23:06.581646   941 incremental_pipeline.cc:428] Registering image #138 (num_reg_frames=2)
I20261008 10:23:06.581923   941 incremental_pipeline.cc:431] => Image sees 40 / 2208 points
I20261008 10:23:06.582365   941 incremental_pipeline.cc:442] => Could not register, trying another image.
I20261008 10:23:06.582623   941 incremental_pipeline.cc:428] Registering image #93 (num_reg_frames=2)
I20261008 10:23:06.582845   941 incremental_pipeline.cc:431] => Image sees 42 / 2573 points
I20261008 10:23:06.583213   941 incremental_pipeline.cc:442] => Could not register, trying another image.
I20261008 10:23:06.583408   941 incremental_pipeline.cc:428] Registering image #70 (num_reg_frames=2)
I20261008 10:23:06.583678   941 incremental_pipeline.cc:431] => Image sees 40 / 2574 points
I20261008 10:23:06.584065   941 incremental_pipeline.cc:442] => Could not register, trying another image.
I20261008 10:23:06.584287   941 incremental_pipeline.cc:428] Registering image #166 (num_reg_frames=2)
I20261008 10:23:06.584493   941 incremental_pipeline.cc:431] => Image sees 40 / 2213 points
I20261008 10:23:06.584786   941 incremental_pipeline.cc:442] => Could not register, trying another image.
I20261008 10:23:06.584971   941 incremental_pipeline.cc:428] Registering image #181 (num_reg_frames=2)
I20261008 10:23:06.585210   941 incremental_pipeline.cc:431] => Image sees 41 / 1936 points
I20261008 10:23:06.585538   941 incremental_pipeline.cc:442] => Could not register, trying another image.
I20261008 10:23:06.585788   941 incremental_pipeline.cc:428] Registering image #120 (num_reg_frames=2)
I20261008 10:23:06.586212   941 incremental_pipeline.cc:431] => Image sees 41 / 2001 points
I20261008 10:23:06.586637   941 incremental_pipeline.cc:442] => Could not register, trying another image.
I20261008 10:23:06.586886   941 incremental_pipeline.cc:428] Registering image #165 (num_reg_frames=2)
I20261008 10:23:06.587105   941 incremental_pipeline.cc:431] => Image sees 43 / 2356 points
I20261008 10:23:06.587528   941 incremental_pipeline.cc:442] => Could not register, trying another image.
I20261008 10:23:06.587733   941 incremental_pipeline.cc:428] Registering image #171 (num_reg_frames=2)
I20261008 10:23:06.587952   941 incremental_pipeline.cc:431] => Image sees 38 / 2216 points
I20261008 10:23:06.588364   941 incremental_pipeline.cc:442] => Could not register, trying another image.
I20261008 10:23:06.588650   941 incremental_pipeline.cc:428] Registering image #145 (num_reg_frames=2)
I20261008 10:23:06.588888   941 incremental_pipeline.cc:431] => Image sees 38 / 1919 points
I20261008 10:23:06.589174   941 incremental_pipeline.cc:442] => Could not register, trying another image.
I20261008 10:23:06.589385   941 incremental_pipeline.cc:580] Discarding reconstruction due to insufficient size
I20261008 10:23:06.604043   941 incremental_pipeline.cc:300] Finding good initial image pair
I20261008 10:23:06.618290   941 incremental_pipeline.cc:324] Registering initial image pair #84 and #162
I20261008 10:23:06.620393   941 incremental_pipeline.cc:338] Global bundle adjustment
I20261008 10:23:06.659267   941 incremental_pipeline.cc:428] Registering image #83 (num_reg_frames=2)
I20261008 10:23:06.660498   941 incremental_pipeline.cc:431] => Image sees 44 / 2660 points
I20261008 10:23:06.685923   941 incremental_pipeline.cc:43] Retriangulation and Global bundle adjustment
I20261008 10:23:06.728286   941 incremental_pipeline.cc:428] Registering image #161 (num_reg_frames=3)
I20261008 10:23:06.729578   941 incremental_pipeline.cc:431] => Image sees 42 / 2217 points
I20261008 10:23:06.757716   941 incremental_pipeline.cc:43] Retriangulation and Global bundle adjustment
I20261008 10:23:06.805338   941 incremental_pipeline.cc:428] Registering image #158 (num_reg_frames=4)
I20261008 10:23:06.806258   941 incremental_pipeline.cc:431] => Image sees 44 / 2300 points
I20261008 10:23:06.884292   941 incremental_pipeline.cc:43] Retriangulation and Global bundle adjustment
I20261008 10:23:07.295090   941 incremental_pipeline.cc:428] Registering image #159 (num_reg_frames=5)
I20261008 10:23:07.296500   941 incremental_pipeline.cc:431] => Image sees 224 / 2328 points
I20261008 10:23:07.535794   941 incremental_pipeline.cc:43] Retriangulation and Global bundle adjustment
I20261008 10:23:08.618902   941 incremental_pipeline.cc:428] Registering image #160 (num_reg_frames=6)
I20261008 10:23:08.619774   941 incremental_pipeline.cc:431] => Image sees 676 / 2246 points
I20261008 10:23:08.830976   941 incremental_pipeline.cc:43] Retriangulation and Global bundle adjustment
I20261008 10:23:09.624114   941 incremental_pipeline.cc:428] Registering image #163 (num_reg_frames=7)
I20261008 10:23:09.625631   941 incremental_pipeline.cc:431] => Image sees 734 / 2083 points
I20261008 10:23:10.031839   941 incremental_pipeline.cc:43] Retriangulation and Global bundle adjustment
I20261008 10:23:12.075455   941 incremental_pipeline.cc:428] Registering image #165 (num_reg_frames=8)
I20261008 10:23:12.076831   941 incremental_pipeline.cc:431] => Image sees 1144 / 2356 points
I20261008 10:23:12.641074   941 incremental_pipeline.cc:43] Retriangulation and Global bundle adjustment
I20261008 10:23:17.045349   941 incremental_pipeline.cc:428] Registering image #164 (num_reg_frames=9)
I20261008 10:23:17.047186   941 incremental_pipeline.cc:431] => Image sees 1329 / 2281 points
I20261008 10:23:17.673691   941 incremental_pipeline.cc:43] Retriangulation and Global bundle adjustment
I20261008 10:23:18.031852   941 incremental_pipeline.cc:428] Registering image #166 (num_reg_frames=10)
I20261008 10:23:18.033167   941 incremental_pipeline.cc:431] => Image sees 1357 / 2213 points
I20261008 10:23:18.648284   941 incremental_pipeline.cc:43] Retriangulation and Global bundle adjustment
I20261008 10:23:19.423207   941 incremental_pipeline.cc:428] Registering image #167 (num_reg_frames=11)
I20261008 10:23:19.423907   941 incremental_pipeline.cc:431] => Image sees 1422 / 2159 points
I20261008 10:23:20.176448   941 incremental_pipeline.cc:428] Registering image #169 (num_reg_frames=12)
I20261008 10:23:20.177049   941 incremental_pipeline.cc:431] => Image sees 1375 / 2262 points
I20261008 10:23:20.874675   941 incremental_pipeline.cc:43] Retriangulation and Global bundle adjustment
I20261008 10:23:21.727624   941 incremental_pipeline.cc:428] Registering image #170 (num_reg_frames=13)
I20261008 10:23:21.728579   941 incremental_pipeline.cc:431] => Image sees 1323 / 2178 points
I20261008 10:23:22.452428   941 incremental_pipeline.cc:428] Registering image #177 (num_reg_frames=14)
I20261008 10:23:22.454030   941 incremental_pipeline.cc:431] => Image sees 1276 / 2131 points
I20261008 10:23:23.171876   941 incremental_pipeline.cc:43] Retriangulation and Global bundle adjustment
I20261008 10:23:23.930858   941 incremental_pipeline.cc:428] Registering image #178 (num_reg_frames=15)
I20261008 10:23:23.931695   941 incremental_pipeline.cc:431] => Image sees 1374 / 2293 points
I20261008 10:23:24.718051   941 incremental_pipeline.cc:428] Registering image #171 (num_reg_frames=16)
I20261008 10:23:24.719134   941 incremental_pipeline.cc:431] => Image sees 1460 / 2216 points
I20261008 10:23:25.606156   941 incremental_pipeline.cc:43] Retriangulation and Global bundle adjustment
I20261008 10:23:29.128773   941 incremental_pipeline.cc:428] Registering image #168 (num_reg_frames=17)
I20261008 10:23:29.129652   941 incremental_pipeline.cc:431] => Image sees 1583 / 2138 points
I20261008 10:23:30.120822   941 incremental_pipeline.cc:428] Registering image #157 (num_reg_frames=18)
I20261008 10:23:30.121630   941 incremental_pipeline.cc:431] => Image sees 1289 / 1963 points
I20261008 10:23:30.994799   941 incremental_pipeline.cc:43] Retriangulation and Global bundle adjustment
I20261008 10:23:36.132877   941 incremental_pipeline.cc:428] Registering image #156 (num_reg_frames=19)
I20261008 10:23:36.134192   941 incremental_pipeline.cc:431] => Image sees 1430 / 2052 points
I20261008 10:23:36.969036   941 incremental_pipeline.cc:428] Registering image #155 (num_reg_frames=20)
I20261008 10:23:36.969686   941 incremental_pipeline.cc:431] => Image sees 1513 / 2296 points
I20261008 10:23:37.778378   941 incremental_pipeline.cc:43] Retriangulation and Global bundle adjustment
I20261008 10:23:41.835388   941 incremental_pipeline.cc:428] Registering image #153 (num_reg_frames=21)
I20261008 10:23:41.836318   941 incremental_pipeline.cc:431] => Image sees 1586 / 2343 points
I20261008 10:23:42.590421   941 incremental_pipeline.cc:428] Registering image #154 (num_reg_frames=22)
I20261008 10:23:42.591647   941 incremental_pipeline.cc:431] => Image sees 1656 / 2163 points
I20261008 10:23:43.103598   941 incremental_pipeline.cc:428] Registering image #152 (num_reg_frames=23)
I20261008 10:23:43.104516   941 incremental_pipeline.cc:431] => Image sees 1612 / 2182 points
I20261008 10:23:43.730993   941 incremental_pipeline.cc:43] Retriangulation and Global bundle adjustment
I20261008 10:23:46.104841   941 incremental_pipeline.cc:428] Registering image #151 (num_reg_frames=24)
I20261008 10:23:46.106513   941 incremental_pipeline.cc:431] => Image sees 1694 / 2259 points
I20261008 10:23:46.742561   941 incremental_pipeline.cc:428] Registering image #150 (num_reg_frames=25)
I20261008 10:23:46.743640   941 incremental_pipeline.cc:431] => Image sees 1594 / 2194 points
I20261008 10:23:47.325551   941 incremental_pipeline.cc:428] Registering image #149 (num_reg_frames=26)
I20261008 10:23:47.326843   941 incremental_pipeline.cc:431] => Image sees 1687 / 2242 points
I20261008 10:23:47.946674   941 incremental_pipeline.cc:43] Retriangulation and Global bundle adjustment
I20261008 10:23:48.815570   941 incremental_pipeline.cc:428] Registering image #148 (num_reg_frames=27)
I20261008 10:23:48.816991   941 incremental_pipeline.cc:431] => Image sees 1624 / 2171 points
I20261008 10:23:49.460572   941 incremental_pipeline.cc:428] Registering image #146 (num_reg_frames=28)
I20261008 10:23:49.461827   941 incremental_pipeline.cc:431] => Image sees 1517 / 2206 points
I20261008 10:23:50.058199   941 incremental_pipeline.cc:428] Registering image #147 (num_reg_frames=29)
I20261008 10:23:50.059543   941 incremental_pipeline.cc:431] => Image sees 1670 / 2194 points
I20261008 10:23:50.688228   941 incremental_pipeline.cc:43] Retriangulation and Global bundle adjustment
I20261008 10:23:54.214712   941 incremental_pipeline.cc:428] Registering image #144 (num_reg_frames=30)
I20261008 10:23:54.216059   941 incremental_pipeline.cc:431] => Image sees 1573 / 2260 points
I20261008 10:23:54.857667   941 incremental_pipeline.cc:428] Registering image #142 (num_reg_frames=31)
I20261008 10:23:54.859076   941 incremental_pipeline.cc:431] => Image sees 1501 / 2308 points
I20261008 10:23:55.406804   941 incremental_pipeline.cc:428] Registering image #143 (num_reg_frames=32)
I20261008 10:23:55.407517   941 incremental_pipeline.cc:431] => Image sees 1416 / 2061 points
I20261008 10:23:55.929013   941 incremental_pipeline.cc:43] Retriangulation and Global bundle adjustment
I20261008 10:23:57.658964   941 incremental_pipeline.cc:428] Registering image #145 (num_reg_frames=33)
I20261008 10:23:57.660001   941 incremental_pipeline.cc:431] => Image sees 1538 / 1919 points
I20261008 10:23:58.239471   941 incremental_pipeline.cc:428] Registering image #141 (num_reg_frames=34)
I20261008 10:23:58.241295   941 incremental_pipeline.cc:431] => Image sees 1472 / 2038 points
I20261008 10:23:58.774151   941 incremental_pipeline.cc:428] Registering image #140 (num_reg_frames=35)
I20261008 10:23:58.774883   941 incremental_pipeline.cc:431] => Image sees 1578 / 2237 points
I20261008 10:23:59.330876   941 incremental_pipeline.cc:428] Registering image #139 (num_reg_frames=36)
I20261008 10:23:59.332259   941 incremental_pipeline.cc:431] => Image sees 1304 / 1995 points
I20261008 10:23:59.792891   941 incremental_pipeline.cc:43] Retriangulation and Global bundle adjustment
I20261008 10:24:01.183531   941 incremental_pipeline.cc:428] Registering image #137 (num_reg_frames=37)
I20261008 10:24:01.185048   941 incremental_pipeline.cc:431] => Image sees 1505 / 2301 points
I20261008 10:24:01.742704   941 incremental_pipeline.cc:428] Registering image #138 (num_reg_frames=38)
I20261008 10:24:01.744251   941 incremental_pipeline.cc:431] => Image sees 1714 / 2208 points
I20261008 10:24:02.381664   941 incremental_pipeline.cc:428] Registering image #135 (num_reg_frames=39)
I20261008 10:24:02.382629   941 incremental_pipeline.cc:431] => Image sees 1568 / 2337 points
I20261008 10:24:03.076378   941 incremental_pipeline.cc:43] Retriangulation and Global bundle adjustment
I20261008 10:24:04.658341   941 incremental_pipeline.cc:428] Registering image #136 (num_reg_frames=40)
I20261008 10:24:04.659190   941 incremental_pipeline.cc:431] => Image sees 1526 / 2065 points
I20261008 10:24:05.251945   941 incremental_pipeline.cc:428] Registering image #133 (num_reg_frames=41)
I20261008 10:24:05.253367   941 incremental_pipeline.cc:431] => Image sees 1443 / 2084 points
I20261008 10:24:05.915359   941 incremental_pipeline.cc:428] Registering image #134 (num_reg_frames=42)
I20261008 10:24:05.916424   941 incremental_pipeline.cc:431] => Image sees 1462 / 1899 points
I20261008 10:24:06.721510   941 incremental_pipeline.cc:428] Registering image #131 (num_reg_frames=43)
I20261008 10:24:06.722615   941 incremental_pipeline.cc:431] => Image sees 1513 / 2182 points
I20261008 10:24:07.505592   941 incremental_pipeline.cc:43] Retriangulation and Global bundle adjustment
I20261008 10:24:09.374152   941 incremental_pipeline.cc:428] Registering image #130 (num_reg_frames=44)
I20261008 10:24:09.375272   941 incremental_pipeline.cc:431] => Image sees 1619 / 2327 points
I20261008 10:24:10.181227   941 incremental_pipeline.cc:428] Registering image #129 (num_reg_frames=45)
I20261008 10:24:10.181902   941 incremental_pipeline.cc:431] => Image sees 1617 / 2432 points
I20261008 10:24:10.856554   941 incremental_pipeline.cc:428] Registering image #128 (num_reg_frames=46)
I20261008 10:24:10.857517   941 incremental_pipeline.cc:431] => Image sees 1626 / 2226 points
I20261008 10:24:11.552264   941 incremental_pipeline.cc:428] Registering image #127 (num_reg_frames=47)
I20261008 10:24:11.552911   941 incremental_pipeline.cc:431] => Image sees 1693 / 2331 points
I20261008 10:24:12.289427   941 incremental_pipeline.cc:428] Registering image #126 (num_reg_frames=48)
I20261008 10:24:12.290001   941 incremental_pipeline.cc:431] => Image sees 1531 / 2170 points
I20261008 10:24:12.999061   941 incremental_pipeline.cc:43] Retriangulation and Global bundle adjustment
I20261008 10:24:14.914417   941 incremental_pipeline.cc:428] Registering image #132 (num_reg_frames=49)
I20261008 10:24:14.915876   941 incremental_pipeline.cc:431] => Image sees 1616 / 1866 points
I20261008 10:24:15.447938   941 incremental_pipeline.cc:428] Registering image #123 (num_reg_frames=50)
I20261008 10:24:15.448642   941 incremental_pipeline.cc:431] => Image sees 1438 / 2325 points
I20261008 10:24:16.051194   941 incremental_pipeline.cc:428] Registering image #124 (num_reg_frames=51)
I20261008 10:24:16.051779   941 incremental_pipeline.cc:431] => Image sees 1589 / 2145 points
I20261008 10:24:16.685497   941 incremental_pipeline.cc:428] Registering image #125 (num_reg_frames=52)
I20261008 10:24:16.686266   941 incremental_pipeline.cc:431] => Image sees 1598 / 1961 points
I20261008 10:24:17.347028   941 incremental_pipeline.cc:428] Registering image #122 (num_reg_frames=53)
I20261008 10:24:17.347836   941 incremental_pipeline.cc:431] => Image sees 1617 / 2211 points
I20261008 10:24:18.033164   941 incremental_pipeline.cc:43] Retriangulation and Global bundle adjustment
I20261008 10:24:22.195555   941 incremental_pipeline.cc:428] Registering image #119 (num_reg_frames=54)
I20261008 10:24:22.197365   941 incremental_pipeline.cc:431] => Image sees 1491 / 2187 points
I20261008 10:24:22.851198   941 incremental_pipeline.cc:428] Registering image #120 (num_reg_frames=55)
I20261008 10:24:22.852597   941 incremental_pipeline.cc:431] => Image sees 1555 / 2001 points
I20261008 10:24:23.609959   941 incremental_pipeline.cc:428] Registering image #118 (num_reg_frames=56)
I20261008 10:24:23.611299   941 incremental_pipeline.cc:431] => Image sees 1584 / 2293 points
I20261008 10:24:24.425365   941 incremental_pipeline.cc:428] Registering image #117 (num_reg_frames=57)
I20261008 10:24:24.426086   941 incremental_pipeline.cc:431] => Image sees 1466 / 2092 points
I20261008 10:24:25.072115   941 incremental_pipeline.cc:428] Registering image #114 (num_reg_frames=58)
I20261008 10:24:25.073294   941 incremental_pipeline.cc:431] => Image sees 1574 / 2548 points
I20261008 10:24:25.807578   941 incremental_pipeline.cc:43] Retriangulation and Global bundle adjustment
I20261008 10:24:28.427157   941 incremental_pipeline.cc:428] Registering image #116 (num_reg_frames=59)
I20261008 10:24:28.428079   941 incremental_pipeline.cc:431] => Image sees 1678 / 2281 points
I20261008 10:24:28.997385   941 incremental_pipeline.cc:428] Registering image #115 (num_reg_frames=60)
I20261008 10:24:28.998730   941 incremental_pipeline.cc:431] => Image sees 1643 / 1966 points
I20261008 10:24:29.623493   941 incremental_pipeline.cc:428] Registering image #112 (num_reg_frames=61)
I20261008 10:24:29.624274   941 incremental_pipeline.cc:431] => Image sees 1711 / 2467 points
I20261008 10:24:30.280323   941 incremental_pipeline.cc:428] Registering image #113 (num_reg_frames=62)
I20261008 10:24:30.281162   941 incremental_pipeline.cc:431] => Image sees 1716 / 2459 points
I20261008 10:24:30.950740   941 incremental_pipeline.cc:428] Registering image #121 (num_reg_frames=63)
I20261008 10:24:30.952021   941 incremental_pipeline.cc:431] => Image sees 1387 / 1580 points
I20261008 10:24:31.614212   941 incremental_pipeline.cc:428] Registering image #111 (num_reg_frames=64)
I20261008 10:24:31.615339   941 incremental_pipeline.cc:431] => Image sees 1632 / 2402 points
I20261008 10:24:32.206554   941 incremental_pipeline.cc:43] Retriangulation and Global bundle adjustment
I20261008 10:24:35.370000   941 incremental_pipeline.cc:428] Registering image #110 (num_reg_frames=65)
I20261008 10:24:35.377496   941 incremental_pipeline.cc:431] => Image sees 1684 / 2380 points
I20261008 10:24:36.187610   941 incremental_pipeline.cc:428] Registering image #109 (num_reg_frames=66)
I20261008 10:24:36.188668   941 incremental_pipeline.cc:431] => Image sees 1578 / 2182 points
I20261008 10:24:36.830495   941 incremental_pipeline.cc:428] Registering image #11 (num_reg_frames=67)
I20261008 10:24:36.831657   941 incremental_pipeline.cc:431] => Image sees 1435 / 3211 points
I20261008 10:24:37.329083   941 incremental_pipeline.cc:428] Registering image #108 (num_reg_frames=68)
I20261008 10:24:37.329594   941 incremental_pipeline.cc:431] => Image sees 1614 / 2173 points
I20261008 10:24:38.050828   941 incremental_pipeline.cc:428] Registering image #107 (num_reg_frames=69)
I20261008 10:24:38.051671   941 incremental_pipeline.cc:431] => Image sees 1670 / 2284 points
I20261008 10:24:38.938783   941 incremental_pipeline.cc:428] Registering image #104 (num_reg_frames=70)
I20261008 10:24:38.940253   941 incremental_pipeline.cc:431] => Image sees 1575 / 2306 points
I20261008 10:24:39.723678   941 incremental_pipeline.cc:428] Registering image #106 (num_reg_frames=71)
I20261008 10:24:39.724299   941 incremental_pipeline.cc:431] => Image sees 1500 / 1978 points
I20261008 10:24:40.528167   941 incremental_pipeline.cc:43] Retriangulation and Global bundle adjustment
I20261008 10:24:54.683898   941 incremental_pipeline.cc:428] Registering image #10 (num_reg_frames=72)
I20261008 10:24:54.686524   941 incremental_pipeline.cc:431] => Image sees 1415 / 2084 points
I20261008 10:24:55.517802   941 incremental_pipeline.cc:428] Registering image #105 (num_reg_frames=73)
I20261008 10:24:55.519277   941 incremental_pipeline.cc:431] => Image sees 1615 / 2262 points
I20261008 10:24:56.323240   941 incremental_pipeline.cc:428] Registering image #101 (num_reg_frames=74)
I20261008 10:24:56.323952   941 incremental_pipeline.cc:431] => Image sees 1494 / 2216 points
I20261008 10:24:56.953143   941 incremental_pipeline.cc:428] Registering image #102 (num_reg_frames=75)
I20261008 10:24:56.953888   941 incremental_pipeline.cc:431] => Image sees 1686 / 2438 points
I20261008 10:24:57.853135   941 incremental_pipeline.cc:428] Registering image #100 (num_reg_frames=76)
I20261008 10:24:57.853982   941 incremental_pipeline.cc:431] => Image sees 1672 / 2357 points
I20261008 10:24:58.656054   941 incremental_pipeline.cc:428] Registering image #103 (num_reg_frames=77)
I20261008 10:24:58.656669   941 incremental_pipeline.cc:431] => Image sees 1366 / 1705 points
I20261008 10:24:59.369658   941 incremental_pipeline.cc:428] Registering image #95 (num_reg_frames=78)
I20261008 10:24:59.370311   941 incremental_pipeline.cc:431] => Image sees 1528 / 2519 points
I20261008 10:25:00.120455   941 incremental_pipeline.cc:43] Retriangulation and Global bundle adjustment
I20261008 10:25:07.055554   941 incremental_pipeline.cc:428] Registering image #99 (num_reg_frames=79)
I20261008 10:25:07.056795   941 incremental_pipeline.cc:431] => Image sees 1579 / 2182 points
I20261008 10:25:07.859158   941 incremental_pipeline.cc:428] Registering image #96 (num_reg_frames=80)
I20261008 10:25:07.859760   941 incremental_pipeline.cc:431] => Image sees 1612 / 2569 points
I20261008 10:25:08.712280   941 incremental_pipeline.cc:428] Registering image #93 (num_reg_frames=81)
I20261008 10:25:08.713419   941 incremental_pipeline.cc:431] => Image sees 1641 / 2573 points
I20261008 10:25:09.512238   941 incremental_pipeline.cc:428] Registering image #94 (num_reg_frames=82)
I20261008 10:25:09.512938   941 incremental_pipeline.cc:431] => Image sees 1556 / 2123 points
I20261008 10:25:10.266366   941 incremental_pipeline.cc:428] Registering image #92 (num_reg_frames=83)
I20261008 10:25:10.267726   941 incremental_pipeline.cc:431] => Image sees 1599 / 2588 points
I20261008 10:25:10.961591   941 incremental_pipeline.cc:428] Registering image #89 (num_reg_frames=84)
I20261008 10:25:10.962589   941 incremental_pipeline.cc:431] => Image sees 1572 / 2532 points
I20261008 10:25:11.707474   941 incremental_pipeline.cc:43] Retriangulation and Global bundle adjustment
I20261008 10:25:17.623678   941 incremental_pipeline.cc:428] Registering image #91 (num_reg_frames=85)
I20261008 10:25:17.624629   941 incremental_pipeline.cc:431] => Image sees 1829 / 2402 points
I20261008 10:25:18.430408   941 incremental_pipeline.cc:428] Registering image #88 (num_reg_frames=86)
I20261008 10:25:18.431295   941 incremental_pipeline.cc:431] => Image sees 1817 / 2694 points
I20261008 10:25:19.281396   941 incremental_pipeline.cc:428] Registering image #87 (num_reg_frames=87)
I20261008 10:25:19.282177   941 incremental_pipeline.cc:431] => Image sees 1889 / 2774 points
I20261008 10:25:20.150828   941 incremental_pipeline.cc:428] Registering image #86 (num_reg_frames=88)
I20261008 10:25:20.151510   941 incremental_pipeline.cc:431] => Image sees 1928 / 2672 points
I20261008 10:25:21.026432   941 incremental_pipeline.cc:428] Registering image #85 (num_reg_frames=89)
I20261008 10:25:21.027302   941 incremental_pipeline.cc:431] => Image sees 1886 / 2526 points
I20261008 10:25:21.998343   941 incremental_pipeline.cc:428] Registering image #82 (num_reg_frames=90)
I20261008 10:25:21.999177   941 incremental_pipeline.cc:431] => Image sees 1845 / 2890 points
I20261008 10:25:22.976151   941 incremental_pipeline.cc:428] Registering image #81 (num_reg_frames=91)
I20261008 10:25:22.977555   941 incremental_pipeline.cc:431] => Image sees 1764 / 2611 points
I20261008 10:25:23.728627   941 incremental_pipeline.cc:43] Retriangulation and Global bundle adjustment
I20261008 10:25:29.629528   941 incremental_pipeline.cc:428] Registering image #80 (num_reg_frames=92)
I20261008 10:25:29.630791   941 incremental_pipeline.cc:431] => Image sees 1867 / 2877 points
I20261008 10:25:30.419251   941 incremental_pipeline.cc:428] Registering image #98 (num_reg_frames=93)
I20261008 10:25:30.420077   941 incremental_pipeline.cc:431] => Image sees 1623 / 1860 points
I20261008 10:25:31.127908   941 incremental_pipeline.cc:428] Registering image #78 (num_reg_frames=94)
I20261008 10:25:31.128607   941 incremental_pipeline.cc:431] => Image sees 1715 / 2654 points
I20261008 10:25:31.735627   941 incremental_pipeline.cc:428] Registering image #79 (num_reg_frames=95)
I20261008 10:25:31.736479   941 incremental_pipeline.cc:431] => Image sees 1846 / 2486 points
I20261008 10:25:32.483420   941 incremental_pipeline.cc:428] Registering image #77 (num_reg_frames=96)
I20261008 10:25:32.485082   941 incremental_pipeline.cc:431] => Image sees 1798 / 2631 points
I20261008 10:25:33.290742   941 incremental_pipeline.cc:428] Registering image #90 (num_reg_frames=97)
I20261008 10:25:33.291404   941 incremental_pipeline.cc:431] => Image sees 1623 / 1846 points
I20261008 10:25:34.075160   941 incremental_pipeline.cc:428] Registering image #76 (num_reg_frames=98)
I20261008 10:25:34.076853   941 incremental_pipeline.cc:431] => Image sees 1605 / 2311 points
I20261008 10:25:34.800995   941 incremental_pipeline.cc:428] Registering image #72 (num_reg_frames=99)
I20261008 10:25:34.802052   941 incremental_pipeline.cc:431] => Image sees 1754 / 2852 points
I20261008 10:25:35.429522   941 incremental_pipeline.cc:428] Registering image #75 (num_reg_frames=100)
I20261008 10:25:35.430578   941 incremental_pipeline.cc:431] => Image sees 1885 / 2893 points
I20261008 10:25:36.294873   941 incremental_pipeline.cc:43] Retriangulation and Global bundle adjustment
I20261008 10:25:43.270381   941 incremental_pipeline.cc:428] Registering image #73 (num_reg_frames=101)
I20261008 10:25:43.272660   941 incremental_pipeline.cc:431] => Image sees 2010 / 2853 points
I20261008 10:25:44.036754   941 incremental_pipeline.cc:428] Registering image #74 (num_reg_frames=102)
I20261008 10:25:44.037853   941 incremental_pipeline.cc:431] => Image sees 1801 / 2323 points
I20261008 10:25:45.006520   941 incremental_pipeline.cc:428] Registering image #69 (num_reg_frames=103)
I20261008 10:25:45.007642   941 incremental_pipeline.cc:431] => Image sees 1635 / 2729 points
I20261008 10:25:45.882841   941 incremental_pipeline.cc:428] Registering image #71 (num_reg_frames=104)
I20261008 10:25:45.883713   941 incremental_pipeline.cc:431] => Image sees 1863 / 2426 points
I20261008 10:25:46.766063   941 incremental_pipeline.cc:428] Registering image #66 (num_reg_frames=105)
I20261008 10:25:46.766940   941 incremental_pipeline.cc:431] => Image sees 1812 / 2858 points
I20261008 10:25:47.527987   941 incremental_pipeline.cc:428] Registering image #70 (num_reg_frames=106)
I20261008 10:25:47.528703   941 incremental_pipeline.cc:431] => Image sees 2033 / 2574 points
I20261008 10:25:48.515902   941 incremental_pipeline.cc:428] Registering image #68 (num_reg_frames=107)
I20261008 10:25:48.516891   941 incremental_pipeline.cc:431] => Image sees 1900 / 2502 points
I20261008 10:25:49.460695   941 incremental_pipeline.cc:428] Registering image #67 (num_reg_frames=108)
I20261008 10:25:49.461508   941 incremental_pipeline.cc:431] => Image sees 2117 / 2791 points
I20261008 10:25:50.298202   941 incremental_pipeline.cc:428] Registering image #63 (num_reg_frames=109)
I20261008 10:25:50.298944   941 incremental_pipeline.cc:431] => Image sees 1772 / 2458 points
I20261008 10:25:51.127805   941 incremental_pipeline.cc:428] Registering image #64 (num_reg_frames=110)
I20261008 10:25:51.128605   941 incremental_pipeline.cc:431] => Image sees 1861 / 2775 points
I20261008 10:25:51.964192   941 incremental_pipeline.cc:43] Retriangulation and Global bundle adjustment
I20261008 10:25:59.655707   941 incremental_pipeline.cc:428] Registering image #65 (num_reg_frames=111)
I20261008 10:25:59.657344   941 incremental_pipeline.cc:431] => Image sees 1863 / 2635 points
I20261008 10:26:00.642311   941 incremental_pipeline.cc:428] Registering image #60 (num_reg_frames=112)
I20261008 10:26:00.643029   941 incremental_pipeline.cc:431] => Image sees 1945 / 2783 points
I20261008 10:26:01.690245   941 incremental_pipeline.cc:428] Registering image #62 (num_reg_frames=113)
I20261008 10:26:01.690837   941 incremental_pipeline.cc:431] => Image sees 2068 / 2781 points
I20261008 10:26:02.658429   941 incremental_pipeline.cc:428] Registering image #61 (num_reg_frames=114)
I20261008 10:26:02.659029   941 incremental_pipeline.cc:431] => Image sees 2127 / 2810 points
I20261008 10:26:03.703905   941 incremental_pipeline.cc:428] Registering image #59 (num_reg_frames=115)
I20261008 10:26:03.705163   941 incremental_pipeline.cc:431] => Image sees 1920 / 2726 points
I20261008 10:26:04.643536   941 incremental_pipeline.cc:428] Registering image #57 (num_reg_frames=116)
I20261008 10:26:04.644099   941 incremental_pipeline.cc:431] => Image sees 1726 / 2410 points
I20261008 10:26:05.620030   941 incremental_pipeline.cc:428] Registering image #97 (num_reg_frames=117)
I20261008 10:26:05.621023   941 incremental_pipeline.cc:431] => Image sees 1724 / 1896 points
I20261008 10:26:06.548589   941 incremental_pipeline.cc:428] Registering image #58 (num_reg_frames=118)
I20261008 10:26:06.549429   941 incremental_pipeline.cc:431] => Image sees 1523 / 2063 points
I20261008 10:26:07.553804   941 incremental_pipeline.cc:428] Registering image #54 (num_reg_frames=119)
I20261008 10:26:07.554536   941 incremental_pipeline.cc:431] => Image sees 1651 / 2369 points
I20261008 10:26:08.284395   941 incremental_pipeline.cc:428] Registering image #172 (num_reg_frames=120)
I20261008 10:26:08.285666   941 incremental_pipeline.cc:431] => Image sees 1584 / 2025 points
I20261008 10:26:08.966522   941 incremental_pipeline.cc:428] Registering image #55 (num_reg_frames=121)
I20261008 10:26:08.967588   941 incremental_pipeline.cc:431] => Image sees 1554 / 2140 points
I20261008 10:26:09.812764   941 incremental_pipeline.cc:428] Registering image #56 (num_reg_frames=122)
I20261008 10:26:09.813570   941 incremental_pipeline.cc:431] => Image sees 1455 / 1918 points
I20261008 10:26:10.744321   941 incremental_pipeline.cc:43] Retriangulation and Global bundle adjustment
I20261008 10:26:21.371093   941 incremental_pipeline.cc:428] Registering image #53 (num_reg_frames=123)
I20261008 10:26:21.372462   941 incremental_pipeline.cc:431] => Image sees 1664 / 2258 points
I20261008 10:26:22.177724   941 incremental_pipeline.cc:428] Registering image #173 (num_reg_frames=124)
I20261008 10:26:22.178449   941 incremental_pipeline.cc:431] => Image sees 1422 / 2039 points
I20261008 10:26:22.809371   941 incremental_pipeline.cc:428] Registering image #174 (num_reg_frames=125)
I20261008 10:26:22.810087   941 incremental_pipeline.cc:431] => Image sees 1357 / 1975 points
I20261008 10:26:23.417232   941 incremental_pipeline.cc:428] Registering image #181 (num_reg_frames=126)
I20261008 10:26:23.418864   941 incremental_pipeline.cc:431] => Image sees 1315 / 1936 points
I20261008 10:26:24.038580   941 incremental_pipeline.cc:428] Registering image #175 (num_reg_frames=127)
I20261008 10:26:24.039798   941 incremental_pipeline.cc:431] => Image sees 1383 / 1911 points
I20261008 10:26:24.691138   941 incremental_pipeline.cc:428] Registering image #179 (num_reg_frames=128)
I20261008 10:26:24.692142   941 incremental_pipeline.cc:431] => Image sees 1320 / 1787 points
I20261008 10:26:25.385509   941 incremental_pipeline.cc:428] Registering image #50 (num_reg_frames=129)
I20261008 10:26:25.386068   941 incremental_pipeline.cc:431] => Image sees 1249 / 1812 points
I20261008 10:26:26.151497   941 incremental_pipeline.cc:428] Registering image #51 (num_reg_frames=130)
I20261008 10:26:26.152655   941 incremental_pipeline.cc:431] => Image sees 1284 / 1980 points
I20261008 10:26:26.811350   941 incremental_pipeline.cc:428] Registering image #52 (num_reg_frames=131)
I20261008 10:26:26.812904   941 incremental_pipeline.cc:431] => Image sees 1542 / 2326 points
I20261008 10:26:27.747695   941 incremental_pipeline.cc:428] Registering image #176 (num_reg_frames=132)
I20261008 10:26:27.748369   941 incremental_pipeline.cc:431] => Image sees 1239 / 1673 points
I20261008 10:26:28.197679   941 incremental_pipeline.cc:428] Registering image #13 (num_reg_frames=133)
I20261008 10:26:28.198992   941 incremental_pipeline.cc:431] => Image sees 918 / 1421 points
I20261008 10:26:28.791818   941 incremental_pipeline.cc:428] Registering image #185 (num_reg_frames=134)
I20261008 10:26:28.793102   941 incremental_pipeline.cc:431] => Image sees 1217 / 1846 points
I20261008 10:26:29.245926   941 incremental_pipeline.cc:428] Registering image #191 (num_reg_frames=135)
I20261008 10:26:29.246482   941 incremental_pipeline.cc:431] => Image sees 1033 / 1983 points
I20261008 10:26:29.601039   941 incremental_pipeline.cc:43] Retriangulation and Global bundle adjustment
I20261008 10:26:40.453338   941 incremental_pipeline.cc:428] Registering image #182 (num_reg_frames=136)
I20261008 10:26:40.454970   941 incremental_pipeline.cc:431] => Image sees 1260 / 1823 points
I20261008 10:26:40.961721   941 incremental_pipeline.cc:428] Registering image #186 (num_reg_frames=137)
I20261008 10:26:40.962742   941 incremental_pipeline.cc:431] => Image sees 1093 / 1670 points
I20261008 10:26:41.339743   941 incremental_pipeline.cc:428] Registering image #180 (num_reg_frames=138)
I20261008 10:26:41.341078   941 incremental_pipeline.cc:431] => Image sees 1267 / 1728 points
I20261008 10:26:41.893747   941 incremental_pipeline.cc:428] Registering image #190 (num_reg_frames=139)
I20261008 10:26:41.895153   941 incremental_pipeline.cc:431] => Image sees 1084 / 2159 points
I20261008 10:26:42.289994   941 incremental_pipeline.cc:428] Registering image #189 (num_reg_frames=140)
I20261008 10:26:42.290854   941 incremental_pipeline.cc:431] => Image sees 1218 / 2101 points
I20261008 10:26:42.690171   941 incremental_pipeline.cc:428] Registering image #187 (num_reg_frames=141)
I20261008 10:26:42.691404   941 incremental_pipeline.cc:431] => Image sees 1283 / 1952 points
I20261008 10:26:43.240754   941 incremental_pipeline.cc:428] Registering image #193 (num_reg_frames=142)
I20261008 10:26:43.241870   941 incremental_pipeline.cc:431] => Image sees 1281 / 2027 points
I20261008 10:26:43.776366   941 incremental_pipeline.cc:428] Registering image #188 (num_reg_frames=143)
I20261008 10:26:43.777241   941 incremental_pipeline.cc:431] => Image sees 1395 / 1891 points
I20261008 10:26:44.276357   941 incremental_pipeline.cc:428] Registering image #184 (num_reg_frames=144)
I20261008 10:26:44.277068   941 incremental_pipeline.cc:431] => Image sees 1461 / 1799 points
I20261008 10:26:44.861394   941 incremental_pipeline.cc:428] Registering image #196 (num_reg_frames=145)
I20261008 10:26:44.862635   941 incremental_pipeline.cc:431] => Image sees 1263 / 1914 points
I20261008 10:26:45.325126   941 incremental_pipeline.cc:428] Registering image #183 (num_reg_frames=146)
I20261008 10:26:45.325937   941 incremental_pipeline.cc:431] => Image sees 1412 / 1671 points
I20261008 10:26:45.900600   941 incremental_pipeline.cc:428] Registering image #198 (num_reg_frames=147)
I20261008 10:26:45.901153   941 incremental_pipeline.cc:431] => Image sees 1235 / 1840 points
I20261008 10:26:46.409615   941 incremental_pipeline.cc:428] Registering image #195 (num_reg_frames=148)
I20261008 10:26:46.410447   941 incremental_pipeline.cc:431] => Image sees 1211 / 1947 points
I20261008 10:26:46.867075   941 incremental_pipeline.cc:428] Registering image #194 (num_reg_frames=149)
I20261008 10:26:46.867807   941 incremental_pipeline.cc:431] => Image sees 1216 / 1673 points
I20261008 10:26:47.435460   941 incremental_pipeline.cc:43] Retriangulation and Global bundle adjustment
I20261008 10:26:59.369669   941 incremental_pipeline.cc:428] Registering image #199 (num_reg_frames=150)
I20261008 10:26:59.370532   941 incremental_pipeline.cc:431] => Image sees 1300 / 1875 points
I20261008 10:27:00.095269   941 incremental_pipeline.cc:428] Registering image #192 (num_reg_frames=151)
I20261008 10:27:00.096606   941 incremental_pipeline.cc:431] => Image sees 1053 / 1326 points
I20261008 10:27:00.670178   941 incremental_pipeline.cc:428] Registering image #197 (num_reg_frames=152)
I20261008 10:27:00.671216   941 incremental_pipeline.cc:431] => Image sees 1160 / 1752 points
I20261008 10:27:01.254688   941 incremental_pipeline.cc:428] Registering image #201 (num_reg_frames=153)
I20261008 10:27:01.255396   941 incremental_pipeline.cc:431] => Image sees 1130 / 1751 points
I20261008 10:27:01.767437   941 incremental_pipeline.cc:428] Registering image #200 (num_reg_frames=154)
I20261008 10:27:01.768370   941 incremental_pipeline.cc:431] => Image sees 1268 / 1778 points
I20261008 10:27:02.345804   941 incremental_pipeline.cc:428] Registering image #202 (num_reg_frames=155)
I20261008 10:27:02.346568   941 incremental_pipeline.cc:431] => Image sees 1083 / 1563 points
I20261008 10:27:02.901053   941 incremental_pipeline.cc:428] Registering image #48 (num_reg_frames=156)
I20261008 10:27:02.901724   941 incremental_pipeline.cc:431] => Image sees 1251 / 2018 points
I20261008 10:27:03.858150   941 incremental_pipeline.cc:428] Registering image #205 (num_reg_frames=157)
I20261008 10:27:03.858788   941 incremental_pipeline.cc:431] => Image sees 1010 / 1371 points
I20261008 10:27:04.421885   941 incremental_pipeline.cc:428] Registering image #203 (num_reg_frames=158)
I20261008 10:27:04.422848   941 incremental_pipeline.cc:431] => Image sees 1064 / 1442 points
I20261008 10:27:05.041882   941 incremental_pipeline.cc:428] Registering image #204 (num_reg_frames=159)
I20261008 10:27:05.042492   941 incremental_pipeline.cc:431] => Image sees 955 / 1352 points
I20261008 10:27:05.666548   941 incremental_pipeline.cc:428] Registering image #208 (num_reg_frames=160)
I20261008 10:27:05.667318   941 incremental_pipeline.cc:431] => Image sees 943 / 1477 points
I20261008 10:27:06.075429   941 incremental_pipeline.cc:428] Registering image #206 (num_reg_frames=161)
I20261008 10:27:06.076088   941 incremental_pipeline.cc:431] => Image sees 1091 / 1480 points
I20261008 10:27:06.525704   941 incremental_pipeline.cc:428] Registering image #207 (num_reg_frames=162)
I20261008 10:27:06.526466   941 incremental_pipeline.cc:431] => Image sees 956 / 1324 points
I20261008 10:27:06.873210   941 incremental_pipeline.cc:428] Registering image #49 (num_reg_frames=163)
I20261008 10:27:06.874449   941 incremental_pipeline.cc:431] => Image sees 1347 / 2054 points
I20261008 10:27:07.600296   941 incremental_pipeline.cc:428] Registering image #210 (num_reg_frames=164)
I20261008 10:27:07.601090   941 incremental_pipeline.cc:431] => Image sees 999 / 1342 points
I20261008 10:27:07.962381   941 incremental_pipeline.cc:43] Retriangulation and Global bundle adjustment
I20261008 10:27:27.486816   941 incremental_pipeline.cc:428] Registering image #209 (num_reg_frames=165)
I20261008 10:27:27.488709   941 incremental_pipeline.cc:431] => Image sees 1010 / 1308 points
I20261008 10:27:27.898514   941 incremental_pipeline.cc:428] Registering image #212 (num_reg_frames=166)
I20261008 10:27:27.899586   941 incremental_pipeline.cc:431] => Image sees 917 / 1251 points
I20261008 10:27:28.258168   941 incremental_pipeline.cc:428] Registering image #211 (num_reg_frames=167)
I20261008 10:27:28.259370   941 incremental_pipeline.cc:431] => Image sees 928 / 1237 points
I20261008 10:27:28.711917   941 incremental_pipeline.cc:428] Registering image #213 (num_reg_frames=168)
I20261008 10:27:28.714268   941 incremental_pipeline.cc:431] => Image sees 1005 / 1348 points
I20261008 10:27:29.218644   941 incremental_pipeline.cc:428] Registering image #47 (num_reg_frames=169)
I20261008 10:27:29.219336   941 incremental_pipeline.cc:431] => Image sees 1099 / 1881 points
I20261008 10:27:29.902177   941 incremental_pipeline.cc:428] Registering image #217 (num_reg_frames=170)
I20261008 10:27:29.904402   941 incremental_pipeline.cc:431] => Image sees 935 / 1315 points
I20261008 10:27:30.304494   941 incremental_pipeline.cc:428] Registering image #214 (num_reg_frames=171)
I20261008 10:27:30.305857   941 incremental_pipeline.cc:431] => Image sees 866 / 1168 points
I20261008 10:27:30.745065   941 incremental_pipeline.cc:428] Registering image #215 (num_reg_frames=172)
I20261008 10:27:30.745874   941 incremental_pipeline.cc:431] => Image sees 943 / 1212 points
I20261008 10:27:31.261664   941 incremental_pipeline.cc:428] Registering image #216 (num_reg_frames=173)
I20261008 10:27:31.262732   941 incremental_pipeline.cc:431] => Image sees 889 / 1208 points
I20261008 10:27:31.695118   941 incremental_pipeline.cc:428] Registering image #223 (num_reg_frames=174)
I20261008 10:27:31.696318   941 incremental_pipeline.cc:431] => Image sees 770 / 1154 points
I20261008 10:27:32.139281   941 incremental_pipeline.cc:428] Registering image #221 (num_reg_frames=175)
I20261008 10:27:32.140353   941 incremental_pipeline.cc:431] => Image sees 770 / 1259 points
I20261008 10:27:32.476992   941 incremental_pipeline.cc:428] Registering image #220 (num_reg_frames=176)
I20261008 10:27:32.477653   941 incremental_pipeline.cc:431] => Image sees 842 / 1207 points
I20261008 10:27:32.797106   941 incremental_pipeline.cc:428] Registering image #218 (num_reg_frames=177)
I20261008 10:27:32.798060   941 incremental_pipeline.cc:431] => Image sees 942 / 1179 points
I20261008 10:27:33.164765   941 incremental_pipeline.cc:428] Registering image #219 (num_reg_frames=178)
I20261008 10:27:33.165565   941 incremental_pipeline.cc:431] => Image sees 980 / 1201 points
I20261008 10:27:33.585544   941 incremental_pipeline.cc:428] Registering image #224 (num_reg_frames=179)
I20261008 10:27:33.588131   941 incremental_pipeline.cc:431] => Image sees 804 / 1127 points
I20261008 10:27:33.925297   941 incremental_pipeline.cc:428] Registering image #46 (num_reg_frames=180)
I20261008 10:27:33.926056   941 incremental_pipeline.cc:431] => Image sees 707 / 1362 points
I20261008 10:27:34.528555   941 incremental_pipeline.cc:428] Registering image #14 (num_reg_frames=181)
I20261008 10:27:34.529211   941 incremental_pipeline.cc:431] => Image sees 553 / 1019 points
I20261008 10:27:34.970780   941 incremental_pipeline.cc:43] Retriangulation and Global bundle adjustment
I20261008 10:27:53.328552   941 incremental_pipeline.cc:428] Registering image #222 (num_reg_frames=182)
I20261008 10:27:53.329830   941 incremental_pipeline.cc:431] => Image sees 631 / 849 points
I20261008 10:27:53.647411   941 incremental_pipeline.cc:428] Registering image #226 (num_reg_frames=183)
I20261008 10:27:53.648438   941 incremental_pipeline.cc:431] => Image sees 632 / 901 points
I20261008 10:27:53.927573   941 incremental_pipeline.cc:428] Registering image #225 (num_reg_frames=184)
I20261008 10:27:53.928427   941 incremental_pipeline.cc:431] => Image sees 599 / 780 points
I20261008 10:27:54.259848   941 incremental_pipeline.cc:428] Registering image #230 (num_reg_frames=185)
I20261008 10:27:54.260553   941 incremental_pipeline.cc:431] => Image sees 687 / 915 points
I20261008 10:27:54.609053   941 incremental_pipeline.cc:428] Registering image #45 (num_reg_frames=186)
I20261008 10:27:54.609753   941 incremental_pipeline.cc:431] => Image sees 644 / 1325 points
I20261008 10:27:55.152405   941 incremental_pipeline.cc:428] Registering image #228 (num_reg_frames=187)
I20261008 10:27:55.153514   941 incremental_pipeline.cc:431] => Image sees 603 / 749 points
I20261008 10:27:55.463179   941 incremental_pipeline.cc:428] Registering image #43 (num_reg_frames=188)
I20261008 10:27:55.464222   941 incremental_pipeline.cc:431] => Image sees 515 / 1261 points
I20261008 10:27:56.047293   941 incremental_pipeline.cc:428] Registering image #42 (num_reg_frames=189)
I20261008 10:27:56.048373   941 incremental_pipeline.cc:431] => Image sees 571 / 1249 points
I20261008 10:27:56.500653   941 incremental_pipeline.cc:428] Registering image #44 (num_reg_frames=190)
I20261008 10:27:56.501791   941 incremental_pipeline.cc:431] => Image sees 478 / 1038 points
I20261008 10:27:56.984875   941 incremental_pipeline.cc:428] Registering image #227 (num_reg_frames=191)
I20261008 10:27:56.986244   941 incremental_pipeline.cc:431] => Image sees 457 / 603 points
I20261008 10:27:57.249818   941 incremental_pipeline.cc:428] Registering image #41 (num_reg_frames=192)
I20261008 10:27:57.250762   941 incremental_pipeline.cc:431] => Image sees 503 / 1302 points
I20261008 10:27:57.721920   941 incremental_pipeline.cc:428] Registering image #40 (num_reg_frames=193)
I20261008 10:27:57.723182   941 incremental_pipeline.cc:431] => Image sees 522 / 1325 points
I20261008 10:27:58.237226   941 incremental_pipeline.cc:428] Registering image #38 (num_reg_frames=194)
I20261008 10:27:58.238021   941 incremental_pipeline.cc:431] => Image sees 547 / 1521 points
I20261008 10:27:58.697557   941 incremental_pipeline.cc:428] Registering image #39 (num_reg_frames=195)
I20261008 10:27:58.698820   941 incremental_pipeline.cc:431] => Image sees 606 / 1552 points
I20261008 10:27:59.136127   941 incremental_pipeline.cc:428] Registering image #37 (num_reg_frames=196)
I20261008 10:27:59.136966   941 incremental_pipeline.cc:431] => Image sees 587 / 1588 points
I20261008 10:27:59.531128   941 incremental_pipeline.cc:428] Registering image #229 (num_reg_frames=197)
I20261008 10:27:59.531663   941 incremental_pipeline.cc:431] => Image sees 475 / 605 points
I20261008 10:27:59.815322   941 incremental_pipeline.cc:428] Registering image #36 (num_reg_frames=198)
I20261008 10:27:59.815894   941 incremental_pipeline.cc:431] => Image sees 455 / 1248 points
I20261008 10:28:00.254882   941 incremental_pipeline.cc:428] Registering image #231 (num_reg_frames=199)
I20261008 10:28:00.256482   941 incremental_pipeline.cc:431] => Image sees 435 / 571 points
I20261008 10:28:00.482057   941 incremental_pipeline.cc:428] Registering image #35 (num_reg_frames=200)
I20261008 10:28:00.482578   941 incremental_pipeline.cc:431] => Image sees 549 / 1475 points
I20261008 10:28:00.903590   941 incremental_pipeline.cc:43] Retriangulation and Global bundle adjustment
I20261008 10:28:15.367038   941 incremental_pipeline.cc:428] Registering image #233 (num_reg_frames=201)
I20261008 10:28:15.368499   941 incremental_pipeline.cc:431] => Image sees 439 / 584 points
I20261008 10:28:15.666975   941 incremental_pipeline.cc:428] Registering image #34 (num_reg_frames=202)
I20261008 10:28:15.668187   941 incremental_pipeline.cc:431] => Image sees 402 / 1091 points
I20261008 10:28:16.150259   941 incremental_pipeline.cc:428] Registering image #234 (num_reg_frames=203)
I20261008 10:28:16.151469   941 incremental_pipeline.cc:431] => Image sees 396 / 521 points
I20261008 10:28:16.391894   941 incremental_pipeline.cc:428] Registering image #236 (num_reg_frames=204)
I20261008 10:28:16.393174   941 incremental_pipeline.cc:431] => Image sees 369 / 487 points
I20261008 10:28:16.604647   941 incremental_pipeline.cc:428] Registering image #28 (num_reg_frames=205)
I20261008 10:28:16.605865   941 incremental_pipeline.cc:431] => Image sees 414 / 1355 points
I20261008 10:28:17.370857   941 incremental_pipeline.cc:428] Registering image #29 (num_reg_frames=206)
I20261008 10:28:17.371809   941 incremental_pipeline.cc:431] => Image sees 386 / 944 points
I20261008 10:28:17.761737   941 incremental_pipeline.cc:428] Registering image #26 (num_reg_frames=207)
I20261008 10:28:17.762681   941 incremental_pipeline.cc:431] => Image sees 514 / 1277 points
I20261008 10:28:18.411171   941 incremental_pipeline.cc:428] Registering image #27 (num_reg_frames=208)
I20261008 10:28:18.411849   941 incremental_pipeline.cc:431] => Image sees 522 / 1420 points
I20261008 10:28:18.848807   941 incremental_pipeline.cc:428] Registering image #24 (num_reg_frames=209)
I20261008 10:28:18.849472   941 incremental_pipeline.cc:431] => Image sees 524 / 1407 points
I20261008 10:28:19.161880   941 incremental_pipeline.cc:428] Registering image #23 (num_reg_frames=210)
I20261008 10:28:19.163067   941 incremental_pipeline.cc:431] => Image sees 558 / 1414 points
I20261008 10:28:19.515137   941 incremental_pipeline.cc:428] Registering image #22 (num_reg_frames=211)
I20261008 10:28:19.515944   941 incremental_pipeline.cc:431] => Image sees 515 / 1317 points
I20261008 10:28:19.896445   941 incremental_pipeline.cc:428] Registering image #32 (num_reg_frames=212)
I20261008 10:28:19.897531   941 incremental_pipeline.cc:431] => Image sees 560 / 1445 points
I20261008 10:28:20.245271   941 incremental_pipeline.cc:428] Registering image #33 (num_reg_frames=213)
I20261008 10:28:20.246147   941 incremental_pipeline.cc:431] => Image sees 559 / 1348 points
I20261008 10:28:20.596917   941 incremental_pipeline.cc:428] Registering image #31 (num_reg_frames=214)
I20261008 10:28:20.598655   941 incremental_pipeline.cc:431] => Image sees 554 / 1348 points
I20261008 10:28:20.950531   941 incremental_pipeline.cc:428] Registering image #18 (num_reg_frames=215)
I20261008 10:28:20.952787   941 incremental_pipeline.cc:431] => Image sees 516 / 1576 points
I20261008 10:28:21.268908   941 incremental_pipeline.cc:428] Registering image #21 (num_reg_frames=216)
I20261008 10:28:21.269502   941 incremental_pipeline.cc:431] => Image sees 675 / 1797 points
I20261008 10:28:21.631572   941 incremental_pipeline.cc:428] Registering image #20 (num_reg_frames=217)
I20261008 10:28:21.632457   941 incremental_pipeline.cc:431] => Image sees 745 / 1482 points
I20261008 10:28:22.010905   941 incremental_pipeline.cc:428] Registering image #19 (num_reg_frames=218)
I20261008 10:28:22.012060   941 incremental_pipeline.cc:431] => Image sees 866 / 1767 points
I20261008 10:28:22.498116   941 incremental_pipeline.cc:428] Registering image #25 (num_reg_frames=219)
I20261008 10:28:22.498842   941 incremental_pipeline.cc:431] => Image sees 753 / 1230 points
I20261008 10:28:22.955430   941 incremental_pipeline.cc:428] Registering image #30 (num_reg_frames=220)
I20261008 10:28:22.956480   941 incremental_pipeline.cc:431] => Image sees 774 / 1095 points
I20261008 10:28:23.323494   941 incremental_pipeline.cc:428] Registering image #17 (num_reg_frames=221)
I20261008 10:28:23.324393   941 incremental_pipeline.cc:431] => Image sees 803 / 1495 points
I20261008 10:28:23.706903   941 incremental_pipeline.cc:43] Retriangulation and Global bundle adjustment
I20261008 10:28:36.632191   941 incremental_pipeline.cc:428] Registering image #15 (num_reg_frames=222)
I20261008 10:28:36.633730   941 incremental_pipeline.cc:431] => Image sees 742 / 1489 points
I20261008 10:28:36.945430   941 incremental_pipeline.cc:428] Registering image #16 (num_reg_frames=223)
I20261008 10:28:36.946889   941 incremental_pipeline.cc:431] => Image sees 759 / 1499 points
I20261008 10:28:37.277446   941 incremental_pipeline.cc:428] Registering image #4 (num_reg_frames=224)
I20261008 10:28:37.278448   941 incremental_pipeline.cc:431] => Image sees 764 / 1452 points
I20261008 10:28:37.626641   941 incremental_pipeline.cc:428] Registering image #3 (num_reg_frames=225)
I20261008 10:28:37.628304   941 incremental_pipeline.cc:431] => Image sees 797 / 1538 points
I20261008 10:28:37.996425   941 incremental_pipeline.cc:428] Registering image #8 (num_reg_frames=226)
I20261008 10:28:37.997668   941 incremental_pipeline.cc:431] => Image sees 737 / 1351 points
I20261008 10:28:38.345853   941 incremental_pipeline.cc:428] Registering image #9 (num_reg_frames=227)
I20261008 10:28:38.346647   941 incremental_pipeline.cc:431] => Image sees 716 / 1332 points
I20261008 10:28:38.664427   941 incremental_pipeline.cc:428] Registering image #6 (num_reg_frames=228)
I20261008 10:28:38.665037   941 incremental_pipeline.cc:431] => Image sees 791 / 1473 points
I20261008 10:28:39.036497   941 incremental_pipeline.cc:428] Registering image #5 (num_reg_frames=229)
I20261008 10:28:39.037482   941 incremental_pipeline.cc:431] => Image sees 656 / 1224 points
I20261008 10:28:39.415164   941 incremental_pipeline.cc:428] Registering image #7 (num_reg_frames=230)
I20261008 10:28:39.416149   941 incremental_pipeline.cc:431] => Image sees 720 / 1370 points
I20261008 10:28:39.893759   941 incremental_pipeline.cc:428] Registering image #2 (num_reg_frames=231)
I20261008 10:28:39.894639   941 incremental_pipeline.cc:431] => Image sees 719 / 1164 points
I20261008 10:28:40.197240   941 incremental_pipeline.cc:428] Registering image #1 (num_reg_frames=232)
I20261008 10:28:40.197963   941 incremental_pipeline.cc:431] => Image sees 837 / 1360 points
I20261008 10:28:40.577477   941 incremental_pipeline.cc:428] Registering image #300 (num_reg_frames=233)
I20261008 10:28:40.578948   941 incremental_pipeline.cc:431] => Image sees 241 / 2310 points
I20261008 10:28:40.969707   941 incremental_pipeline.cc:428] Registering image #232 (num_reg_frames=234)
I20261008 10:28:40.970674   941 incremental_pipeline.cc:431] => Image sees 243 / 319 points
I20261008 10:28:41.120398   941 incremental_pipeline.cc:428] Registering image #235 (num_reg_frames=235)
I20261008 10:28:41.121395   941 incremental_pipeline.cc:431] => Image sees 239 / 316 points
I20261008 10:28:41.242419   941 incremental_pipeline.cc:428] Registering image #306 (num_reg_frames=236)
I20261008 10:28:41.243251   941 incremental_pipeline.cc:431] => Image sees 143 / 2334 points
I20261008 10:28:41.271476   941 incremental_pipeline.cc:442] => Could not register, trying another image.
I20261008 10:28:41.272529   941 incremental_pipeline.cc:428] Registering image #237 (num_reg_frames=236)
I20261008 10:28:41.273303   941 incremental_pipeline.cc:431] => Image sees 188 / 250 points
I20261008 10:28:41.381985   941 incremental_pipeline.cc:428] Registering image #243 (num_reg_frames=237)
I20261008 10:28:41.383024   941 incremental_pipeline.cc:431] => Image sees 160 / 216 points
I20261008 10:28:41.488588   941 incremental_pipeline.cc:428] Registering image #240 (num_reg_frames=238)
I20261008 10:28:41.489737   941 incremental_pipeline.cc:431] => Image sees 143 / 178 points
I20261008 10:28:41.614856   941 incremental_pipeline.cc:428] Registering image #239 (num_reg_frames=239)
I20261008 10:28:41.615547   941 incremental_pipeline.cc:431] => Image sees 171 / 217 points
I20261008 10:28:41.747798   941 incremental_pipeline.cc:428] Registering image #246 (num_reg_frames=240)
I20261008 10:28:41.748680   941 incremental_pipeline.cc:431] => Image sees 160 / 238 points
I20261008 10:28:41.818174   941 incremental_pipeline.cc:428] Registering image #244 (num_reg_frames=241)
I20261008 10:28:41.819002   941 incremental_pipeline.cc:431] => Image sees 167 / 272 points
I20261008 10:28:41.906415   941 incremental_pipeline.cc:428] Registering image #238 (num_reg_frames=242)
I20261008 10:28:41.907898   941 incremental_pipeline.cc:431] => Image sees 188 / 215 points
I20261008 10:28:42.021971   941 incremental_pipeline.cc:428] Registering image #242 (num_reg_frames=243)
I20261008 10:28:42.022756   941 incremental_pipeline.cc:431] => Image sees 181 / 228 points
I20261008 10:28:42.117159   941 incremental_pipeline.cc:428] Registering image #247 (num_reg_frames=244)
I20261008 10:28:42.117940   941 incremental_pipeline.cc:431] => Image sees 158 / 248 points
I20261008 10:28:42.198727   941 incremental_pipeline.cc:43] Retriangulation and Global bundle adjustment
I20261008 10:29:01.339645   941 incremental_pipeline.cc:428] Registering image #249 (num_reg_frames=245)
I20261008 10:29:01.342064   941 incremental_pipeline.cc:431] => Image sees 141 / 308 points
I20261008 10:29:01.405624   941 incremental_pipeline.cc:428] Registering image #248 (num_reg_frames=246)
I20261008 10:29:01.407049   941 incremental_pipeline.cc:431] => Image sees 159 / 263 points
I20261008 10:29:01.461231   941 incremental_pipeline.cc:428] Registering image #250 (num_reg_frames=247)
I20261008 10:29:01.462343   941 incremental_pipeline.cc:431] => Image sees 141 / 340 points
I20261008 10:29:01.513666   941 incremental_pipeline.cc:428] Registering image #253 (num_reg_frames=248)
I20261008 10:29:01.514899   941 incremental_pipeline.cc:431] => Image sees 166 / 429 points
I20261008 10:29:01.577380   941 incremental_pipeline.cc:428] Registering image #251 (num_reg_frames=249)
I20261008 10:29:01.578430   941 incremental_pipeline.cc:431] => Image sees 158 / 318 points
I20261008 10:29:01.632850   941 incremental_pipeline.cc:428] Registering image #241 (num_reg_frames=250)
I20261008 10:29:01.633802   941 incremental_pipeline.cc:431] => Image sees 177 / 207 points
I20261008 10:29:01.715725   941 incremental_pipeline.cc:428] Registering image #245 (num_reg_frames=251)
I20261008 10:29:01.717034   941 incremental_pipeline.cc:431] => Image sees 154 / 201 points
I20261008 10:29:01.813169   941 incremental_pipeline.cc:428] Registering image #252 (num_reg_frames=252)
I20261008 10:29:01.814334   941 incremental_pipeline.cc:431] => Image sees 127 / 331 points
I20261008 10:29:01.873659   941 incremental_pipeline.cc:428] Registering image #254 (num_reg_frames=253)
I20261008 10:29:01.874836   941 incremental_pipeline.cc:431] => Image sees 132 / 345 points
I20261008 10:29:01.934196   941 incremental_pipeline.cc:428] Registering image #276 (num_reg_frames=254)
I20261008 10:29:01.935243   941 incremental_pipeline.cc:431] => Image sees 110 / 2239 points
I20261008 10:29:01.959932   941 incremental_pipeline.cc:442] => Could not register, trying another image.
I20261008 10:29:01.960840   941 incremental_pipeline.cc:428] Registering image #294 (num_reg_frames=254)
I20261008 10:29:01.961596   941 incremental_pipeline.cc:431] => Image sees 103 / 2240 points
I20261008 10:29:01.987874   941 incremental_pipeline.cc:442] => Could not register, trying another image.
I20261008 10:29:01.988971   941 incremental_pipeline.cc:428] Registering image #256 (num_reg_frames=254)
I20261008 10:29:01.989818   941 incremental_pipeline.cc:431] => Image sees 94 / 302 points
I20261008 10:29:02.035396   941 incremental_pipeline.cc:428] Registering image #255 (num_reg_frames=255)
I20261008 10:29:02.048717   941 incremental_pipeline.cc:431] => Image sees 92 / 501 points
I20261008 10:29:02.113179   941 incremental_pipeline.cc:428] Registering image #259 (num_reg_frames=256)
I20261008 10:29:02.114163   941 incremental_pipeline.cc:431] => Image sees 133 / 847 points
I20261008 10:29:02.187809   941 incremental_pipeline.cc:428] Registering image #257 (num_reg_frames=257)
I20261008 10:29:02.188695   941 incremental_pipeline.cc:431] => Image sees 158 / 487 points
I20261008 10:29:02.262344   941 incremental_pipeline.cc:428] Registering image #258 (num_reg_frames=258)
I20261008 10:29:02.263047   941 incremental_pipeline.cc:431] => Image sees 186 / 796 points
I20261008 10:29:02.335923   941 incremental_pipeline.cc:428] Registering image #260 (num_reg_frames=259)
I20261008 10:29:02.336876   941 incremental_pipeline.cc:431] => Image sees 188 / 1165 points
I20261008 10:29:02.418215   941 incremental_pipeline.cc:428] Registering image #262 (num_reg_frames=260)
I20261008 10:29:02.418933   941 incremental_pipeline.cc:431] => Image sees 203 / 1483 points
I20261008 10:29:02.514048   941 incremental_pipeline.cc:428] Registering image #261 (num_reg_frames=261)
I20261008 10:29:02.514863   941 incremental_pipeline.cc:431] => Image sees 307 / 1048 points
I20261008 10:29:02.614782   941 incremental_pipeline.cc:428] Registering image #263 (num_reg_frames=262)
I20261008 10:29:02.615746   941 incremental_pipeline.cc:431] => Image sees 327 / 1501 points
I20261008 10:29:02.744478   941 incremental_pipeline.cc:428] Registering image #264 (num_reg_frames=263)
I20261008 10:29:02.745613   941 incremental_pipeline.cc:431] => Image sees 354 / 1268 points
I20261008 10:29:02.889240   941 incremental_pipeline.cc:428] Registering image #266 (num_reg_frames=264)
I20261008 10:29:02.889954   941 incremental_pipeline.cc:431] => Image sees 318 / 1032 points
I20261008 10:29:03.035857   941 incremental_pipeline.cc:428] Registering image #267 (num_reg_frames=265)
I20261008 10:29:03.037060   941 incremental_pipeline.cc:431] => Image sees 370 / 1581 points
I20261008 10:29:03.232872   941 incremental_pipeline.cc:428] Registering image #269 (num_reg_frames=266)
I20261008 10:29:03.234452   941 incremental_pipeline.cc:431] => Image sees 515 / 1923 points
I20261008 10:29:03.444926   941 incremental_pipeline.cc:428] Registering image #270 (num_reg_frames=267)
I20261008 10:29:03.445995   941 incremental_pipeline.cc:431] => Image sees 643 / 2000 points
I20261008 10:29:03.662911   941 incremental_pipeline.cc:428] Registering image #268 (num_reg_frames=268)
I20261008 10:29:03.663911   941 incremental_pipeline.cc:431] => Image sees 659 / 1427 points
I20261008 10:29:03.904585   941 incremental_pipeline.cc:428] Registering image #271 (num_reg_frames=269)
I20261008 10:29:03.905822   941 incremental_pipeline.cc:431] => Image sees 713 / 1890 points
I20261008 10:29:04.175112   941 incremental_pipeline.cc:43] Retriangulation and Global bundle adjustment
I20261008 10:29:14.885704   941 incremental_pipeline.cc:428] Registering image #272 (num_reg_frames=270)
I20261008 10:29:14.888480   941 incremental_pipeline.cc:431] => Image sees 810 / 2036 points
I20261008 10:29:15.177074   941 incremental_pipeline.cc:428] Registering image #273 (num_reg_frames=271)
I20261008 10:29:15.209543   941 incremental_pipeline.cc:431] => Image sees 799 / 1721 points
I20261008 10:29:15.522979   941 incremental_pipeline.cc:428] Registering image #274 (num_reg_frames=272)
I20261008 10:29:15.533739   941 incremental_pipeline.cc:431] => Image sees 811 / 1688 points
I20261008 10:29:15.853008   941 incremental_pipeline.cc:428] Registering image #265 (num_reg_frames=273)
I20261008 10:29:15.853737   941 incremental_pipeline.cc:431] => Image sees 710 / 1071 points
I20261008 10:29:16.156376   941 incremental_pipeline.cc:428] Registering image #12 (num_reg_frames=274)
I20261008 10:29:16.157317   941 incremental_pipeline.cc:431] => Image sees 201 / 785 points
I20261008 10:29:16.370944   941 incremental_pipeline.cc:428] Registering image #282 (num_reg_frames=275)
I20261008 10:29:16.371780   941 incremental_pipeline.cc:431] => Image sees 69 / 2091 points
I20261008 10:29:16.389729   941 incremental_pipeline.cc:442] => Could not register, trying another image.
I20261008 10:29:16.390949   941 incremental_pipeline.cc:428] Registering image #290 (num_reg_frames=275)
I20261008 10:29:16.391655   941 incremental_pipeline.cc:431] => Image sees 73 / 2150 points
I20261008 10:29:16.411458   941 incremental_pipeline.cc:442] => Could not register, trying another image.
I20261008 10:29:16.412497   941 incremental_pipeline.cc:428] Registering image #312 (num_reg_frames=275)
I20261008 10:29:16.413307   941 incremental_pipeline.cc:431] => Image sees 36 / 1859 points
I20261008 10:29:16.423322   941 incremental_pipeline.cc:442] => Could not register, trying another image.
I20261008 10:29:16.424295   941 incremental_pipeline.cc:428] Registering image #302 (num_reg_frames=275)
I20261008 10:29:16.425100   941 incremental_pipeline.cc:431] => Image sees 25 / 2337 points
I20261008 10:29:16.740352   941 incremental_pipeline.cc:428] Registering image #301 (num_reg_frames=276)
I20261008 10:29:16.741115   941 incremental_pipeline.cc:431] => Image sees 194 / 2186 points
I20261008 10:29:17.124639   941 incremental_pipeline.cc:428] Registering image #303 (num_reg_frames=277)
I20261008 10:29:17.125449   941 incremental_pipeline.cc:431] => Image sees 499 / 2093 points
I20261008 10:29:17.470866   941 incremental_pipeline.cc:428] Registering image #305 (num_reg_frames=278)
I20261008 10:29:17.471494   941 incremental_pipeline.cc:431] => Image sees 542 / 2246 points
I20261008 10:29:17.825559   941 incremental_pipeline.cc:428] Registering image #304 (num_reg_frames=279)
I20261008 10:29:17.826202   941 incremental_pipeline.cc:431] => Image sees 652 / 2279 points
I20261008 10:29:18.086751   941 incremental_pipeline.cc:428] Registering image #299 (num_reg_frames=280)
I20261008 10:29:18.088171   941 incremental_pipeline.cc:431] => Image sees 697 / 2536 points
I20261008 10:29:18.408934   941 incremental_pipeline.cc:428] Registering image #298 (num_reg_frames=281)
I20261008 10:29:18.421015   941 incremental_pipeline.cc:431] => Image sees 699 / 2261 points
I20261008 10:29:18.736406   941 incremental_pipeline.cc:428] Registering image #297 (num_reg_frames=282)
I20261008 10:29:18.736992   941 incremental_pipeline.cc:431] => Image sees 792 / 2484 points
I20261008 10:29:19.051244   941 incremental_pipeline.cc:428] Registering image #296 (num_reg_frames=283)
I20261008 10:29:19.051900   941 incremental_pipeline.cc:431] => Image sees 856 / 2372 points
I20261008 10:29:19.399816   941 incremental_pipeline.cc:428] Registering image #295 (num_reg_frames=284)
I20261008 10:29:19.400557   941 incremental_pipeline.cc:431] => Image sees 805 / 2295 points
I20261008 10:29:19.716945   941 incremental_pipeline.cc:428] Registering image #307 (num_reg_frames=285)
I20261008 10:29:19.717684   941 incremental_pipeline.cc:431] => Image sees 872 / 2136 points
I20261008 10:29:20.027107   941 incremental_pipeline.cc:43] Retriangulation and Global bundle adjustment
I20261008 10:29:35.774029   941 incremental_pipeline.cc:428] Registering image #308 (num_reg_frames=286)
I20261008 10:29:35.775535   941 incremental_pipeline.cc:431] => Image sees 786 / 1941 points
I20261008 10:29:36.222899   941 incremental_pipeline.cc:428] Registering image #309 (num_reg_frames=287)
I20261008 10:29:36.223914   941 incremental_pipeline.cc:431] => Image sees 913 / 1941 points
I20261008 10:29:36.621963   941 incremental_pipeline.cc:428] Registering image #310 (num_reg_frames=288)
I20261008 10:29:36.622798   941 incremental_pipeline.cc:431] => Image sees 983 / 1966 points
I20261008 10:29:37.184085   941 incremental_pipeline.cc:428] Registering image #293 (num_reg_frames=289)
I20261008 10:29:37.185571   941 incremental_pipeline.cc:431] => Image sees 877 / 2143 points
I20261008 10:29:37.730811   941 incremental_pipeline.cc:428] Registering image #292 (num_reg_frames=290)
I20261008 10:29:37.731652   941 incremental_pipeline.cc:431] => Image sees 928 / 2142 points
I20261008 10:29:38.209690   941 incremental_pipeline.cc:428] Registering image #291 (num_reg_frames=291)
I20261008 10:29:38.210480   941 incremental_pipeline.cc:431] => Image sees 976 / 2162 points
I20261008 10:29:38.756902   941 incremental_pipeline.cc:428] Registering image #288 (num_reg_frames=292)
I20261008 10:29:38.758139   941 incremental_pipeline.cc:431] => Image sees 845 / 1823 points
I20261008 10:29:39.249795   941 incremental_pipeline.cc:428] Registering image #289 (num_reg_frames=293)
I20261008 10:29:39.250523   941 incremental_pipeline.cc:431] => Image sees 947 / 1967 points
I20261008 10:29:39.657312   941 incremental_pipeline.cc:428] Registering image #284 (num_reg_frames=294)
I20261008 10:29:39.658278   941 incremental_pipeline.cc:431] => Image sees 868 / 2222 points
I20261008 10:29:40.036814   941 incremental_pipeline.cc:428] Registering image #287 (num_reg_frames=295)
I20261008 10:29:40.037858   941 incremental_pipeline.cc:431] => Image sees 943 / 2037 points
I20261008 10:29:40.502079   941 incremental_pipeline.cc:428] Registering image #283 (num_reg_frames=296)
I20261008 10:29:40.503311   941 incremental_pipeline.cc:431] => Image sees 1015 / 2204 points
I20261008 10:29:41.085084   941 incremental_pipeline.cc:428] Registering image #285 (num_reg_frames=297)
I20261008 10:29:41.086051   941 incremental_pipeline.cc:431] => Image sees 1134 / 2241 points
I20261008 10:29:41.622663   941 incremental_pipeline.cc:428] Registering image #286 (num_reg_frames=298)
I20261008 10:29:41.624447   941 incremental_pipeline.cc:431] => Image sees 1300 / 2172 points
I20261008 10:29:42.026021   941 incremental_pipeline.cc:428] Registering image #281 (num_reg_frames=299)
I20261008 10:29:42.027123   941 incremental_pipeline.cc:431] => Image sees 1058 / 2125 points
I20261008 10:29:42.487179   941 incremental_pipeline.cc:428] Registering image #280 (num_reg_frames=300)
I20261008 10:29:42.487881   941 incremental_pipeline.cc:431] => Image sees 1204 / 2197 points
I20261008 10:29:42.996848   941 incremental_pipeline.cc:428] Registering image #279 (num_reg_frames=301)
I20261008 10:29:42.997722   941 incremental_pipeline.cc:431] => Image sees 1130 / 2116 points
I20261008 10:29:43.546778   941 incremental_pipeline.cc:43] Retriangulation and Global bundle adjustment
I20261008 10:30:09.832885   941 incremental_pipeline.cc:428] Registering image #277 (num_reg_frames=302)
I20261008 10:30:09.833725   941 incremental_pipeline.cc:431] => Image sees 1139 / 2083 points
I20261008 10:30:10.425958   941 incremental_pipeline.cc:428] Registering image #278 (num_reg_frames=303)
I20261008 10:30:10.426589   941 incremental_pipeline.cc:431] => Image sees 1160 / 2154 points
I20261008 10:30:10.941821   941 incremental_pipeline.cc:428] Registering image #275 (num_reg_frames=304)
I20261008 10:30:10.942437   941 incremental_pipeline.cc:431] => Image sees 1220 / 2071 points
I20261008 10:30:11.509398   941 incremental_pipeline.cc:428] Registering image #311 (num_reg_frames=305)
I20261008 10:30:11.510202   941 incremental_pipeline.cc:431] => Image sees 924 / 1762 points
I20261008 10:30:12.050863   941 incremental_pipeline.cc:428] Registering image #314 (num_reg_frames=306)
I20261008 10:30:12.051621   941 incremental_pipeline.cc:431] => Image sees 953 / 1894 points
I20261008 10:30:12.496523   941 incremental_pipeline.cc:428] Registering image #315 (num_reg_frames=307)
I20261008 10:30:12.497414   941 incremental_pipeline.cc:431] => Image sees 1043 / 1784 points
I20261008 10:30:12.906803   941 incremental_pipeline.cc:428] Registering image #313 (num_reg_frames=308)
I20261008 10:30:12.907687   941 incremental_pipeline.cc:431] => Image sees 1184 / 1846 points
I20261008 10:30:13.412356   941 incremental_pipeline.cc:428] Registering image #318 (num_reg_frames=309)
I20261008 10:30:13.413003   941 incremental_pipeline.cc:431] => Image sees 845 / 2149 points
I20261008 10:30:13.787149   941 incremental_pipeline.cc:428] Registering image #319 (num_reg_frames=310)
I20261008 10:30:13.788168   941 incremental_pipeline.cc:431] => Image sees 931 / 2319 points
I20261008 10:30:14.174255   941 incremental_pipeline.cc:428] Registering image #320 (num_reg_frames=311)
I20261008 10:30:14.175191   941 incremental_pipeline.cc:431] => Image sees 906 / 2405 points
I20261008 10:30:14.601145   941 incremental_pipeline.cc:428] Registering image #317 (num_reg_frames=312)
I20261008 10:30:14.602317   941 incremental_pipeline.cc:431] => Image sees 880 / 1675 points
I20261008 10:30:15.033686   941 incremental_pipeline.cc:428] Registering image #316 (num_reg_frames=313)
I20261008 10:30:15.034993   941 incremental_pipeline.cc:431] => Image sees 991 / 1621 points
I20261008 10:30:15.439013   941 incremental_pipeline.cc:428] Registering image #321 (num_reg_frames=314)
I20261008 10:30:15.440126   941 incremental_pipeline.cc:431] => Image sees 1004 / 2224 points
I20261008 10:30:15.855868   941 incremental_pipeline.cc:428] Registering image #322 (num_reg_frames=315)
I20261008 10:30:15.856683   941 incremental_pipeline.cc:431] => Image sees 954 / 2054 points
I20261008 10:30:16.323196   941 incremental_pipeline.cc:428] Registering image #323 (num_reg_frames=316)
I20261008 10:30:16.324410   941 incremental_pipeline.cc:431] => Image sees 679 / 1681 points
I20261008 10:30:16.733458   941 incremental_pipeline.cc:428] Registering image #324 (num_reg_frames=317)
I20261008 10:30:16.734743   941 incremental_pipeline.cc:431] => Image sees 685 / 1507 points
I20261008 10:30:17.175316   941 incremental_pipeline.cc:428] Registering image #326 (num_reg_frames=318)
I20261008 10:30:17.176519   941 incremental_pipeline.cc:431] => Image sees 641 / 1562 points
I20261008 10:30:17.601979   941 incremental_pipeline.cc:428] Registering image #325 (num_reg_frames=319)
I20261008 10:30:17.603153   941 incremental_pipeline.cc:431] => Image sees 487 / 1384 points
I20261008 10:30:17.989887   941 incremental_pipeline.cc:428] Registering image #329 (num_reg_frames=320)
I20261008 10:30:17.990823   941 incremental_pipeline.cc:431] => Image sees 467 / 1082 points
I20261008 10:30:18.327422   941 incremental_pipeline.cc:428] Registering image #328 (num_reg_frames=321)
I20261008 10:30:18.328126   941 incremental_pipeline.cc:431] => Image sees 382 / 829 points
I20261008 10:30:18.656153   941 incremental_pipeline.cc:428] Registering image #331 (num_reg_frames=322)
I20261008 10:30:18.657379   941 incremental_pipeline.cc:431] => Image sees 419 / 900 points
I20261008 10:30:18.927326   941 incremental_pipeline.cc:428] Registering image #330 (num_reg_frames=323)
I20261008 10:30:18.928190   941 incremental_pipeline.cc:431] => Image sees 500 / 899 points
I20261008 10:30:19.222769   941 incremental_pipeline.cc:428] Registering image #327 (num_reg_frames=324)
I20261008 10:30:19.224044   941 incremental_pipeline.cc:431] => Image sees 454 / 735 points
I20261008 10:30:19.558369   941 incremental_pipeline.cc:428] Registering image #332 (num_reg_frames=325)
I20261008 10:30:19.559345   941 incremental_pipeline.cc:431] => Image sees 415 / 723 points
I20261008 10:30:19.815382   941 incremental_pipeline.cc:428] Registering image #333 (num_reg_frames=326)
I20261008 10:30:19.816493   941 incremental_pipeline.cc:431] => Image sees 487 / 1200 points
I20261008 10:30:20.094362   941 incremental_pipeline.cc:428] Registering image #334 (num_reg_frames=327)
I20261008 10:30:20.095295   941 incremental_pipeline.cc:431] => Image sees 432 / 667 points
I20261008 10:30:20.334200   941 incremental_pipeline.cc:428] Registering image #335 (num_reg_frames=328)
I20261008 10:30:20.335109   941 incremental_pipeline.cc:431] => Image sees 375 / 621 points
I20261008 10:30:20.562013   941 incremental_pipeline.cc:428] Registering image #337 (num_reg_frames=329)
I20261008 10:30:20.563199   941 incremental_pipeline.cc:431] => Image sees 323 / 530 points
I20261008 10:30:20.823800   941 incremental_pipeline.cc:43] Retriangulation and Global bundle adjustment
I20261008 10:31:02.283588   941 incremental_pipeline.cc:428] Registering image #344 (num_reg_frames=330)
I20261008 10:31:02.285198   941 incremental_pipeline.cc:431] => Image sees 357 / 746 points
I20261008 10:31:02.487474   941 incremental_pipeline.cc:428] Registering image #345 (num_reg_frames=331)
I20261008 10:31:02.488960   941 incremental_pipeline.cc:431] => Image sees 472 / 817 points
I20261008 10:31:02.672706   941 incremental_pipeline.cc:428] Registering image #340 (num_reg_frames=332)
I20261008 10:31:02.673810   941 incremental_pipeline.cc:431] => Image sees 291 / 413 points
I20261008 10:31:02.822364   941 incremental_pipeline.cc:428] Registering image #350 (num_reg_frames=333)
I20261008 10:31:02.823433   941 incremental_pipeline.cc:431] => Image sees 360 / 565 points
I20261008 10:31:02.986898   941 incremental_pipeline.cc:428] Registering image #349 (num_reg_frames=334)
I20261008 10:31:02.987668   941 incremental_pipeline.cc:431] => Image sees 383 / 605 points
I20261008 10:31:03.141455   941 incremental_pipeline.cc:428] Registering image #343 (num_reg_frames=335)
I20261008 10:31:03.142508   941 incremental_pipeline.cc:431] => Image sees 335 / 458 points
I20261008 10:31:03.247427   941 incremental_pipeline.cc:428] Registering image #348 (num_reg_frames=336)
I20261008 10:31:03.248750   941 incremental_pipeline.cc:431] => Image sees 365 / 472 points
I20261008 10:31:03.419600   941 incremental_pipeline.cc:428] Registering image #341 (num_reg_frames=337)
I20261008 10:31:03.420125   941 incremental_pipeline.cc:431] => Image sees 295 / 357 points
I20261008 10:31:03.575206   941 incremental_pipeline.cc:428] Registering image #342 (num_reg_frames=338)
I20261008 10:31:03.576536   941 incremental_pipeline.cc:431] => Image sees 357 / 475 points
I20261008 10:31:03.711941   941 incremental_pipeline.cc:428] Registering image #347 (num_reg_frames=339)
I20261008 10:31:03.712805   941 incremental_pipeline.cc:431] => Image sees 339 / 422 points
I20261008 10:31:03.855206   941 incremental_pipeline.cc:428] Registering image #336 (num_reg_frames=340)
I20261008 10:31:03.856290   941 incremental_pipeline.cc:431] => Image sees 294 / 329 points
I20261008 10:31:04.035688   941 incremental_pipeline.cc:428] Registering image #356 (num_reg_frames=341)
I20261008 10:31:04.036537   941 incremental_pipeline.cc:431] => Image sees 390 / 590 points
I20261008 10:31:04.154008   941 incremental_pipeline.cc:428] Registering image #355 (num_reg_frames=342)
I20261008 10:31:04.155123   941 incremental_pipeline.cc:431] => Image sees 369 / 482 points
I20261008 10:31:04.320458   941 incremental_pipeline.cc:428] Registering image #338 (num_reg_frames=343)
I20261008 10:31:04.321450   941 incremental_pipeline.cc:431] => Image sees 337 / 386 points
I20261008 10:31:04.487375   941 incremental_pipeline.cc:428] Registering image #346 (num_reg_frames=344)
I20261008 10:31:04.488656   941 incremental_pipeline.cc:431] => Image sees 339 / 424 points
I20261008 10:31:04.632531   941 incremental_pipeline.cc:428] Registering image #339 (num_reg_frames=345)
I20261008 10:31:04.633514   941 incremental_pipeline.cc:431] => Image sees 288 / 315 points
I20261008 10:31:04.781895   941 incremental_pipeline.cc:428] Registering image #361 (num_reg_frames=346)
I20261008 10:31:04.783069   941 incremental_pipeline.cc:431] => Image sees 357 / 521 points
I20261008 10:31:04.927980   941 incremental_pipeline.cc:428] Registering image #358 (num_reg_frames=347)
I20261008 10:31:04.929284   941 incremental_pipeline.cc:431] => Image sees 391 / 539 points
I20261008 10:31:05.098084   941 incremental_pipeline.cc:428] Registering image #357 (num_reg_frames=348)
I20261008 10:31:05.099643   941 incremental_pipeline.cc:431] => Image sees 367 / 459 points
I20261008 10:31:05.209894   941 incremental_pipeline.cc:428] Registering image #359 (num_reg_frames=349)
I20261008 10:31:05.211196   941 incremental_pipeline.cc:431] => Image sees 336 / 427 points
I20261008 10:31:05.358712   941 incremental_pipeline.cc:428] Registering image #351 (num_reg_frames=350)
I20261008 10:31:05.359747   941 incremental_pipeline.cc:431] => Image sees 301 / 351 points
I20261008 10:31:05.508186   941 incremental_pipeline.cc:428] Registering image #354 (num_reg_frames=351)
I20261008 10:31:05.509109   941 incremental_pipeline.cc:431] => Image sees 295 / 327 points
I20261008 10:31:05.610733   941 incremental_pipeline.cc:428] Registering image #360 (num_reg_frames=352)
I20261008 10:31:05.611843   941 incremental_pipeline.cc:431] => Image sees 240 / 329 points
I20261008 10:31:05.737862   941 incremental_pipeline.cc:428] Registering image #363 (num_reg_frames=353)
I20261008 10:31:05.739275   941 incremental_pipeline.cc:431] => Image sees 220 / 317 points
I20261008 10:31:05.875180   941 incremental_pipeline.cc:428] Registering image #353 (num_reg_frames=354)
I20261008 10:31:05.876575   941 incremental_pipeline.cc:431] => Image sees 172 / 186 points
I20261008 10:31:05.991166   941 incremental_pipeline.cc:428] Registering image #352 (num_reg_frames=355)
I20261008 10:31:05.992695   941 incremental_pipeline.cc:431] => Image sees 171 / 195 points
I20261008 10:31:06.117895   941 incremental_pipeline.cc:428] Registering image #366 (num_reg_frames=356)
I20261008 10:31:06.118868   941 incremental_pipeline.cc:431] => Image sees 158 / 289 points
I20261008 10:31:06.221122   941 incremental_pipeline.cc:428] Registering image #367 (num_reg_frames=357)
I20261008 10:31:06.222465   941 incremental_pipeline.cc:431] => Image sees 149 / 295 points
I20261008 10:31:06.297667   941 incremental_pipeline.cc:428] Registering image #368 (num_reg_frames=358)
I20261008 10:31:06.298839   941 incremental_pipeline.cc:431] => Image sees 192 / 364 points
I20261008 10:31:06.379594   941 incremental_pipeline.cc:428] Registering image #369 (num_reg_frames=359)
I20261008 10:31:06.380977   941 incremental_pipeline.cc:431] => Image sees 176 / 285 points
I20261008 10:31:06.468722   941 incremental_pipeline.cc:428] Registering image #364 (num_reg_frames=360)
I20261008 10:31:06.470098   941 incremental_pipeline.cc:431] => Image sees 174 / 249 points
I20261008 10:31:06.554661   941 incremental_pipeline.cc:428] Registering image #378 (num_reg_frames=361)
I20261008 10:31:06.555896   941 incremental_pipeline.cc:431] => Image sees 181 / 415 points
I20261008 10:31:06.625312   941 incremental_pipeline.cc:428] Registering image #379 (num_reg_frames=362)
I20261008 10:31:06.626346   941 incremental_pipeline.cc:431] => Image sees 188 / 369 points
I20261008 10:31:06.687602   941 incremental_pipeline.cc:428] Registering image #377 (num_reg_frames=363)
I20261008 10:31:06.688786   941 incremental_pipeline.cc:431] => Image sees 244 / 423 points
I20261008 10:31:06.761307   941 incremental_pipeline.cc:43] Retriangulation and Global bundle adjustment
I20261008 10:31:18.365661   941 incremental_pipeline.cc:428] Registering image #362 (num_reg_frames=364)
I20261008 10:31:18.366904   941 incremental_pipeline.cc:431] => Image sees 169 / 198 points
I20261008 10:31:18.472584   941 incremental_pipeline.cc:428] Registering image #372 (num_reg_frames=365)
I20261008 10:31:18.473923   941 incremental_pipeline.cc:431] => Image sees 182 / 219 points
I20261008 10:31:18.542688   941 incremental_pipeline.cc:428] Registering image #373 (num_reg_frames=366)
I20261008 10:31:18.544044   941 incremental_pipeline.cc:431] => Image sees 229 / 267 points
I20261008 10:31:18.628650   941 incremental_pipeline.cc:428] Registering image #385 (num_reg_frames=367)
I20261008 10:31:18.630065   941 incremental_pipeline.cc:431] => Image sees 213 / 767 points
I20261008 10:31:18.711318   941 incremental_pipeline.cc:428] Registering image #383 (num_reg_frames=368)
I20261008 10:31:18.712530   941 incremental_pipeline.cc:431] => Image sees 242 / 576 points
I20261008 10:31:18.784412   941 incremental_pipeline.cc:428] Registering image #380 (num_reg_frames=369)
I20261008 10:31:18.785557   941 incremental_pipeline.cc:431] => Image sees 220 / 325 points
I20261008 10:31:18.881186   941 incremental_pipeline.cc:428] Registering image #389 (num_reg_frames=370)
I20261008 10:31:18.881970   941 incremental_pipeline.cc:431] => Image sees 242 / 1251 points
I20261008 10:31:18.964636   941 incremental_pipeline.cc:428] Registering image #381 (num_reg_frames=371)
I20261008 10:31:18.965230   941 incremental_pipeline.cc:431] => Image sees 252 / 438 points
I20261008 10:31:19.049062   941 incremental_pipeline.cc:428] Registering image #384 (num_reg_frames=372)
I20261008 10:31:19.049898   941 incremental_pipeline.cc:431] => Image sees 242 / 909 points
I20261008 10:31:19.163024   941 incremental_pipeline.cc:428] Registering image #391 (num_reg_frames=373)
I20261008 10:31:19.163937   941 incremental_pipeline.cc:431] => Image sees 219 / 1209 points
I20261008 10:31:19.250551   941 incremental_pipeline.cc:428] Registering image #393 (num_reg_frames=374)
I20261008 10:31:19.251292   941 incremental_pipeline.cc:431] => Image sees 298 / 1795 points
I20261008 10:31:19.382081   941 incremental_pipeline.cc:428] Registering image #395 (num_reg_frames=375)
I20261008 10:31:19.383212   941 incremental_pipeline.cc:431] => Image sees 311 / 1559 points
I20261008 10:31:19.518519   941 incremental_pipeline.cc:428] Registering image #394 (num_reg_frames=376)
I20261008 10:31:19.519376   941 incremental_pipeline.cc:431] => Image sees 375 / 1609 points
I20261008 10:31:19.669291   941 incremental_pipeline.cc:428] Registering image #390 (num_reg_frames=377)
I20261008 10:31:19.670506   941 incremental_pipeline.cc:431] => Image sees 367 / 1360 points
I20261008 10:31:19.828322   941 incremental_pipeline.cc:428] Registering image #392 (num_reg_frames=378)
I20261008 10:31:19.829288   941 incremental_pipeline.cc:431] => Image sees 342 / 1314 points
I20261008 10:31:19.992571   941 incremental_pipeline.cc:428] Registering image #402 (num_reg_frames=379)
I20261008 10:31:19.993193   941 incremental_pipeline.cc:431] => Image sees 348 / 2132 points
I20261008 10:31:20.177163   941 incremental_pipeline.cc:428] Registering image #403 (num_reg_frames=380)
I20261008 10:31:20.178252   941 incremental_pipeline.cc:431] => Image sees 463 / 2184 points
I20261008 10:31:20.382223   941 incremental_pipeline.cc:428] Registering image #401 (num_reg_frames=381)
I20261008 10:31:20.383486   941 incremental_pipeline.cc:431] => Image sees 510 / 1716 points
I20261008 10:31:20.609045   941 incremental_pipeline.cc:428] Registering image #405 (num_reg_frames=382)
I20261008 10:31:20.609762   941 incremental_pipeline.cc:431] => Image sees 578 / 1625 points
I20261008 10:31:20.861794   941 incremental_pipeline.cc:428] Registering image #404 (num_reg_frames=383)
I20261008 10:31:20.862892   941 incremental_pipeline.cc:431] => Image sees 712 / 1918 points
I20261008 10:31:21.126829   941 incremental_pipeline.cc:428] Registering image #400 (num_reg_frames=384)
I20261008 10:31:21.128005   941 incremental_pipeline.cc:431] => Image sees 632 / 1514 points
I20261008 10:31:21.392331   941 incremental_pipeline.cc:428] Registering image #399 (num_reg_frames=385)
I20261008 10:31:21.393532   941 incremental_pipeline.cc:431] => Image sees 582 / 1317 points
I20261008 10:31:21.641455   941 incremental_pipeline.cc:428] Registering image #398 (num_reg_frames=386)
I20261008 10:31:21.642577   941 incremental_pipeline.cc:431] => Image sees 510 / 993 points
I20261008 10:31:21.884838   941 incremental_pipeline.cc:428] Registering image #397 (num_reg_frames=387)
I20261008 10:31:21.885666   941 incremental_pipeline.cc:431] => Image sees 550 / 1178 points
I20261008 10:31:22.137774   941 incremental_pipeline.cc:428] Registering image #396 (num_reg_frames=388)
I20261008 10:31:22.138953   941 incremental_pipeline.cc:431] => Image sees 581 / 1119 points
I20261008 10:31:22.388232   941 incremental_pipeline.cc:428] Registering image #387 (num_reg_frames=389)
I20261008 10:31:22.389292   941 incremental_pipeline.cc:431] => Image sees 432 / 852 points
I20261008 10:31:22.603102   941 incremental_pipeline.cc:428] Registering image #388 (num_reg_frames=390)
I20261008 10:31:22.604156   941 incremental_pipeline.cc:431] => Image sees 421 / 773 points
I20261008 10:31:22.804996   941 incremental_pipeline.cc:428] Registering image #386 (num_reg_frames=391)
I20261008 10:31:22.806089   941 incremental_pipeline.cc:431] => Image sees 420 / 674 points
I20261008 10:31:23.011376   941 incremental_pipeline.cc:428] Registering image #382 (num_reg_frames=392)
I20261008 10:31:23.012049   941 incremental_pipeline.cc:431] => Image sees 216 / 233 points
I20261008 10:31:23.138005   941 incremental_pipeline.cc:428] Registering image #375 (num_reg_frames=393)
I20261008 10:31:23.139062   941 incremental_pipeline.cc:431] => Image sees 223 / 239 points
I20261008 10:31:23.238909   941 incremental_pipeline.cc:428] Registering image #376 (num_reg_frames=394)
I20261008 10:31:23.239979   941 incremental_pipeline.cc:431] => Image sees 175 / 184 points
I20261008 10:31:23.318373   941 incremental_pipeline.cc:428] Registering image #370 (num_reg_frames=395)
I20261008 10:31:23.319209   941 incremental_pipeline.cc:431] => Image sees 204 / 223 points
I20261008 10:31:23.416980   941 incremental_pipeline.cc:428] Registering image #371 (num_reg_frames=396)
I20261008 10:31:23.418148   941 incremental_pipeline.cc:431] => Image sees 226 / 236 points
I20261008 10:31:23.521023   941 incremental_pipeline.cc:428] Registering image #365 (num_reg_frames=397)
I20261008 10:31:23.521761   941 incremental_pipeline.cc:431] => Image sees 172 / 178 points
I20261008 10:31:23.607537   941 incremental_pipeline.cc:428] Registering image #374 (num_reg_frames=398)
I20261008 10:31:23.608384   941 incremental_pipeline.cc:431] => Image sees 168 / 175 points
I20261008 10:31:23.707293   941 incremental_pipeline.cc:428] Registering image #306 (num_reg_frames=399)
I20261008 10:31:23.708426   941 incremental_pipeline.cc:431] => Image sees 1771 / 2334 points
I20261008 10:31:24.326812   941 incremental_pipeline.cc:428] Registering image #282 (num_reg_frames=400)
I20261008 10:31:24.328004   941 incremental_pipeline.cc:431] => Image sees 1527 / 2091 points
I20261008 10:31:24.838599   941 incremental_pipeline.cc:43] Retriangulation and Global bundle adjustment
I20261008 10:31:43.567539   941 incremental_pipeline.cc:428] Registering image #276 (num_reg_frames=401)
I20261008 10:31:43.568779   941 incremental_pipeline.cc:431] => Image sees 1551 / 2239 points
I20261008 10:31:44.060443   941 incremental_pipeline.cc:428] Registering image #294 (num_reg_frames=402)
I20261008 10:31:44.061538   941 incremental_pipeline.cc:431] => Image sees 1531 / 2240 points
I20261008 10:31:44.614589   941 incremental_pipeline.cc:428] Registering image #290 (num_reg_frames=403)
I20261008 10:31:44.615247   941 incremental_pipeline.cc:431] => Image sees 1566 / 2150 points
I20261008 10:31:45.156322   941 incremental_pipeline.cc:428] Registering image #312 (num_reg_frames=404)
I20261008 10:31:45.157531   941 incremental_pipeline.cc:431] => Image sees 1523 / 1859 points
I20261008 10:31:45.740381   941 incremental_pipeline.cc:43] Retriangulation and Global bundle adjustment
I20261008 10:32:01.809242   941 incremental_pipeline.cc:584] Keeping successful reconstruction
I20261008 10:32:01.899447   941 timer.cc:91] Elapsed time: 8.975 [minutes]
models=2 using=1
+ colmap image_undistorter --image_path /home/kiranriya0990/hn3d_work/room/images --input_path /home/kiranriya0990/hn3d_work/room/colmap/sparse/1 --output_path /home/kiranriya0990/hn3d_work/room/dense --output_type COLMAP
I20261008 10:32:02.182607  4613 misc.cc:44] 
==============================================================================
Reading reconstruction
==============================================================================
I20261008 10:32:02.258140  4613 image.cc:361] => Reconstruction with 405 images and 64898 points
I20261008 10:32:02.259686  4613 misc.cc:44] 
==============================================================================
Image undistortion
==============================================================================
I20261008 10:32:02.269147  4613 undistortion.cc:197] Undistorting image [1/405]
I20261008 10:32:02.511111  4613 undistortion.cc:197] Undistorting image [2/405]
I20261008 10:32:02.610571  4613 undistortion.cc:197] Undistorting image [3/405]
I20261008 10:32:02.616252  4613 undistortion.cc:197] Undistorting image [4/405]
I20261008 10:32:02.616957  4613 undistortion.cc:197] Undistorting image [5/405]
I20261008 10:32:02.617408  4613 undistortion.cc:197] Undistorting image [6/405]
I20261008 10:32:02.617681  4613 undistortion.cc:197] Undistorting image [7/405]
I20261008 10:32:02.618310  4613 undistortion.cc:197] Undistorting image [8/405]
I20261008 10:32:02.618525  4613 undistortion.cc:197] Undistorting image [9/405]
I20261008 10:32:02.619110  4613 undistortion.cc:197] Undistorting image [10/405]
I20261008 10:32:02.619603  4613 undistortion.cc:197] Undistorting image [11/405]
I20261008 10:32:02.767714  4613 undistortion.cc:197] Undistorting image [12/405]
I20261008 10:32:02.768779  4613 undistortion.cc:197] Undistorting image [13/405]
I20261008 10:32:02.769519  4613 undistortion.cc:197] Undistorting image [14/405]
I20261008 10:32:02.770538  4613 undistortion.cc:197] Undistorting image [15/405]
I20261008 10:32:02.770885  4613 undistortion.cc:197] Undistorting image [16/405]
I20261008 10:32:02.771339  4613 undistortion.cc:197] Undistorting image [17/405]
I20261008 10:32:02.771648  4613 undistortion.cc:197] Undistorting image [18/405]
I20261008 10:32:02.772266  4613 undistortion.cc:197] Undistorting image [19/405]
I20261008 10:32:02.772635  4613 undistortion.cc:197] Undistorting image [20/405]
I20261008 10:32:02.773098  4613 undistortion.cc:197] Undistorting image [21/405]
I20261008 10:32:02.774372  4613 undistortion.cc:197] Undistorting image [22/405]
I20261008 10:32:02.775029  4613 undistortion.cc:197] Undistorting image [23/405]
I20261008 10:32:02.775635  4613 undistortion.cc:197] Undistorting image [24/405]
I20261008 10:32:02.777834  4613 undistortion.cc:197] Undistorting image [25/405]
I20261008 10:32:02.778738  4613 undistortion.cc:197] Undistorting image [26/405]
I20261008 10:32:02.779372  4613 undistortion.cc:197] Undistorting image [27/405]
I20261008 10:32:02.779912  4613 undistortion.cc:197] Undistorting image [28/405]
I20261008 10:32:02.780524  4613 undistortion.cc:197] Undistorting image [29/405]
I20261008 10:32:02.780825  4613 undistortion.cc:197] Undistorting image [30/405]
I20261008 10:32:02.781450  4613 undistortion.cc:197] Undistorting image [31/405]
I20261008 10:32:02.798359  4613 undistortion.cc:197] Undistorting image [32/405]
I20261008 10:32:02.799970  4613 undistortion.cc:197] Undistorting image [33/405]
I20261008 10:32:02.804301  4613 undistortion.cc:197] Undistorting image [34/405]
I20261008 10:32:02.809508  4613 undistortion.cc:197] Undistorting image [35/405]
I20261008 10:32:02.809902  4613 undistortion.cc:197] Undistorting image [36/405]
I20261008 10:32:02.810302  4613 undistortion.cc:197] Undistorting image [37/405]
I20261008 10:32:02.866288  4613 undistortion.cc:197] Undistorting image [38/405]
I20261008 10:32:02.867038  4613 undistortion.cc:197] Undistorting image [39/405]
I20261008 10:32:02.872243  4613 undistortion.cc:197] Undistorting image [40/405]
I20261008 10:32:02.878121  4613 undistortion.cc:197] Undistorting image [41/405]
I20261008 10:32:02.890753  4613 undistortion.cc:197] Undistorting image [42/405]
I20261008 10:32:02.945344  4613 undistortion.cc:197] Undistorting image [43/405]
I20261008 10:32:02.967618  4613 undistortion.cc:197] Undistorting image [44/405]
I20261008 10:32:02.968516  4613 undistortion.cc:197] Undistorting image [45/405]
I20261008 10:32:02.971771  4613 undistortion.cc:197] Undistorting image [46/405]
I20261008 10:32:02.972445  4613 undistortion.cc:197] Undistorting image [47/405]
I20261008 10:32:02.972831  4613 undistortion.cc:197] Undistorting image [48/405]
I20261008 10:32:02.979543  4613 undistortion.cc:197] Undistorting image [49/405]
I20261008 10:32:02.981035  4613 undistortion.cc:197] Undistorting image [50/405]
I20261008 10:32:03.061043  4613 undistortion.cc:197] Undistorting image [51/405]
I20261008 10:32:03.120364  4613 undistortion.cc:197] Undistorting image [52/405]
I20261008 10:32:03.125322  4613 undistortion.cc:197] Undistorting image [53/405]
I20261008 10:32:03.127279  4613 undistortion.cc:197] Undistorting image [54/405]
I20261008 10:32:03.128921  4613 undistortion.cc:197] Undistorting image [55/405]
I20261008 10:32:03.129359  4613 undistortion.cc:197] Undistorting image [56/405]
I20261008 10:32:03.129963  4613 undistortion.cc:197] Undistorting image [57/405]
I20261008 10:32:03.169492  4613 undistortion.cc:197] Undistorting image [58/405]
I20261008 10:32:03.207407  4613 undistortion.cc:197] Undistorting image [59/405]
I20261008 10:32:03.208556  4613 undistortion.cc:197] Undistorting image [60/405]
I20261008 10:32:03.209820  4613 undistortion.cc:197] Undistorting image [61/405]
I20261008 10:32:03.210196  4613 undistortion.cc:197] Undistorting image [62/405]
I20261008 10:32:03.210813  4613 undistortion.cc:197] Undistorting image [63/405]
I20261008 10:32:03.211078  4613 undistortion.cc:197] Undistorting image [64/405]
I20261008 10:32:03.232749  4613 undistortion.cc:197] Undistorting image [65/405]
I20261008 10:32:03.234158  4613 undistortion.cc:197] Undistorting image [66/405]
I20261008 10:32:03.235303  4613 undistortion.cc:197] Undistorting image [67/405]
I20261008 10:32:03.235605  4613 undistortion.cc:197] Undistorting image [68/405]
I20261008 10:32:03.236421  4613 undistortion.cc:197] Undistorting image [69/405]
I20261008 10:32:03.236807  4613 undistortion.cc:197] Undistorting image [70/405]
I20261008 10:32:03.237746  4613 undistortion.cc:197] Undistorting image [71/405]
I20261008 10:32:03.247709  4613 undistortion.cc:197] Undistorting image [72/405]
I20261008 10:32:03.249174  4613 undistortion.cc:197] Undistorting image [73/405]
I20261008 10:32:03.271552  4613 undistortion.cc:197] Undistorting image [74/405]
I20261008 10:32:03.315225  4613 undistortion.cc:197] Undistorting image [75/405]
I20261008 10:32:03.315963  4613 undistortion.cc:197] Undistorting image [76/405]
I20261008 10:32:03.316524  4613 undistortion.cc:197] Undistorting image [77/405]
I20261008 10:32:03.441694  4613 undistortion.cc:197] Undistorting image [78/405]
I20261008 10:32:03.442754  4613 undistortion.cc:197] Undistorting image [79/405]
I20261008 10:32:03.443255  4613 undistortion.cc:197] Undistorting image [80/405]
I20261008 10:32:03.443743  4613 undistortion.cc:197] Undistorting image [81/405]
I20261008 10:32:03.444594  4613 undistortion.cc:197] Undistorting image [82/405]
I20261008 10:32:03.445418  4613 undistortion.cc:197] Undistorting image [83/405]
I20261008 10:32:03.445890  4613 undistortion.cc:197] Undistorting image [84/405]
I20261008 10:32:03.446411  4613 undistortion.cc:197] Undistorting image [85/405]
I20261008 10:32:03.459373  4613 undistortion.cc:197] Undistorting image [86/405]
I20261008 10:32:03.464347  4613 undistortion.cc:197] Undistorting image [87/405]
I20261008 10:32:03.465868  4613 undistortion.cc:197] Undistorting image [88/405]
I20261008 10:32:03.476615  4613 undistortion.cc:197] Undistorting image [89/405]
I20261008 10:32:03.481520  4613 undistortion.cc:197] Undistorting image [90/405]
I20261008 10:32:03.500805  4613 undistortion.cc:197] Undistorting image [91/405]
I20261008 10:32:03.501906  4613 undistortion.cc:197] Undistorting image [92/405]
I20261008 10:32:03.504113  4613 undistortion.cc:197] Undistorting image [93/405]
I20261008 10:32:03.515647  4613 undistortion.cc:197] Undistorting image [94/405]
I20261008 10:32:03.516990  4613 undistortion.cc:197] Undistorting image [95/405]
I20261008 10:32:03.536844  4613 undistortion.cc:197] Undistorting image [96/405]
I20261008 10:32:03.622398  4613 undistortion.cc:197] Undistorting image [97/405]
I20261008 10:32:03.623917  4613 undistortion.cc:197] Undistorting image [98/405]
I20261008 10:32:03.628296  4613 undistortion.cc:197] Undistorting image [99/405]
I20261008 10:32:03.668264  4613 undistortion.cc:197] Undistorting image [100/405]
I20261008 10:32:03.674425  4613 undistortion.cc:197] Undistorting image [101/405]
I20261008 10:32:03.675117  4613 undistortion.cc:197] Undistorting image [102/405]
I20261008 10:32:03.676469  4613 undistortion.cc:197] Undistorting image [103/405]
I20261008 10:32:03.676919  4613 undistortion.cc:197] Undistorting image [104/405]
I20261008 10:32:03.677489  4613 undistortion.cc:197] Undistorting image [105/405]
I20261008 10:32:03.677943  4613 undistortion.cc:197] Undistorting image [106/405]
I20261008 10:32:03.678546  4613 undistortion.cc:197] Undistorting image [107/405]
I20261008 10:32:03.681990  4613 undistortion.cc:197] Undistorting image [108/405]
I20261008 10:32:03.683127  4613 undistortion.cc:197] Undistorting image [109/405]
I20261008 10:32:03.735445  4613 undistortion.cc:197] Undistorting image [110/405]
I20261008 10:32:03.740979  4613 undistortion.cc:197] Undistorting image [111/405]
I20261008 10:32:03.745886  4613 undistortion.cc:197] Undistorting image [112/405]
I20261008 10:32:03.747556  4613 undistortion.cc:197] Undistorting image [113/405]
I20261008 10:32:03.747965  4613 undistortion.cc:197] Undistorting image [114/405]
I20261008 10:32:03.748826  4613 undistortion.cc:197] Undistorting image [115/405]
I20261008 10:32:03.807811  4613 undistortion.cc:197] Undistorting image [116/405]
I20261008 10:32:03.808903  4613 undistortion.cc:197] Undistorting image [117/405]
I20261008 10:32:03.809327  4613 undistortion.cc:197] Undistorting image [118/405]
I20261008 10:32:03.840997  4613 undistortion.cc:197] Undistorting image [119/405]
I20261008 10:32:03.845221  4613 undistortion.cc:197] Undistorting image [120/405]
I20261008 10:32:03.845913  4613 undistortion.cc:197] Undistorting image [121/405]
I20261008 10:32:03.911331  4613 undistortion.cc:197] Undistorting image [122/405]
I20261008 10:32:03.912899  4613 undistortion.cc:197] Undistorting image [123/405]
I20261008 10:32:03.913465  4613 undistortion.cc:197] Undistorting image [124/405]
I20261008 10:32:03.914040  4613 undistortion.cc:197] Undistorting image [125/405]
I20261008 10:32:03.914376  4613 undistortion.cc:197] Undistorting image [126/405]
I20261008 10:32:03.921622  4613 undistortion.cc:197] Undistorting image [127/405]
I20261008 10:32:03.922595  4613 undistortion.cc:197] Undistorting image [128/405]
I20261008 10:32:03.960301  4613 undistortion.cc:197] Undistorting image [129/405]
I20261008 10:32:04.040025  4613 undistortion.cc:197] Undistorting image [130/405]
I20261008 10:32:04.041534  4613 undistortion.cc:197] Undistorting image [131/405]
I20261008 10:32:04.041996  4613 undistortion.cc:197] Undistorting image [132/405]
I20261008 10:32:04.042860  4613 undistortion.cc:197] Undistorting image [133/405]
I20261008 10:32:04.043706  4613 undistortion.cc:197] Undistorting image [134/405]
I20261008 10:32:04.046865  4613 undistortion.cc:197] Undistorting image [135/405]
I20261008 10:32:04.115799  4613 undistortion.cc:197] Undistorting image [136/405]
I20261008 10:32:04.122536  4613 undistortion.cc:197] Undistorting image [137/405]
I20261008 10:32:04.126924  4613 undistortion.cc:197] Undistorting image [138/405]
I20261008 10:32:04.127781  4613 undistortion.cc:197] Undistorting image [139/405]
I20261008 10:32:04.128614  4613 undistortion.cc:197] Undistorting image [140/405]
I20261008 10:32:04.129338  4613 undistortion.cc:197] Undistorting image [141/405]
I20261008 10:32:04.130198  4613 undistortion.cc:197] Undistorting image [142/405]
I20261008 10:32:04.137905  4613 undistortion.cc:197] Undistorting image [143/405]
I20261008 10:32:04.138926  4613 undistortion.cc:197] Undistorting image [144/405]
I20261008 10:32:04.139618  4613 undistortion.cc:197] Undistorting image [145/405]
I20261008 10:32:04.149149  4613 undistortion.cc:197] Undistorting image [146/405]
I20261008 10:32:04.284143  4613 undistortion.cc:197] Undistorting image [147/405]
I20261008 10:32:04.285012  4613 undistortion.cc:197] Undistorting image [148/405]
I20261008 10:32:04.285355  4613 undistortion.cc:197] Undistorting image [149/405]
I20261008 10:32:04.286486  4613 undistortion.cc:197] Undistorting image [150/405]
I20261008 10:32:04.286841  4613 undistortion.cc:197] Undistorting image [151/405]
I20261008 10:32:04.287467  4613 undistortion.cc:197] Undistorting image [152/405]
I20261008 10:32:04.287801  4613 undistortion.cc:197] Undistorting image [153/405]
I20261008 10:32:04.358016  4613 undistortion.cc:197] Undistorting image [154/405]
I20261008 10:32:04.358923  4613 undistortion.cc:197] Undistorting image [155/405]
I20261008 10:32:04.361219  4613 undistortion.cc:197] Undistorting image [156/405]
I20261008 10:32:04.362118  4613 undistortion.cc:197] Undistorting image [157/405]
I20261008 10:32:04.394433  4613 undistortion.cc:197] Undistorting image [158/405]
I20261008 10:32:04.395370  4613 undistortion.cc:197] Undistorting image [159/405]
I20261008 10:32:04.396476  4613 undistortion.cc:197] Undistorting image [160/405]
I20261008 10:32:04.396960  4613 undistortion.cc:197] Undistorting image [161/405]
I20261008 10:32:04.404237  4613 undistortion.cc:197] Undistorting image [162/405]
I20261008 10:32:04.404759  4613 undistortion.cc:197] Undistorting image [163/405]
I20261008 10:32:04.405694  4613 undistortion.cc:197] Undistorting image [164/405]
I20261008 10:32:04.407016  4613 undistortion.cc:197] Undistorting image [165/405]
I20261008 10:32:04.407579  4613 undistortion.cc:197] Undistorting image [166/405]
I20261008 10:32:04.408458  4613 undistortion.cc:197] Undistorting image [167/405]
I20261008 10:32:04.408895  4613 undistortion.cc:197] Undistorting image [168/405]
I20261008 10:32:04.422926  4613 undistortion.cc:197] Undistorting image [169/405]
I20261008 10:32:04.578495  4613 undistortion.cc:197] Undistorting image [170/405]
I20261008 10:32:04.579591  4613 undistortion.cc:197] Undistorting image [171/405]
I20261008 10:32:04.580371  4613 undistortion.cc:197] Undistorting image [172/405]
I20261008 10:32:04.581403  4613 undistortion.cc:197] Undistorting image [173/405]
I20261008 10:32:04.582046  4613 undistortion.cc:197] Undistorting image [174/405]
I20261008 10:32:04.582419  4613 undistortion.cc:197] Undistorting image [175/405]
I20261008 10:32:04.584893  4613 undistortion.cc:197] Undistorting image [176/405]
I20261008 10:32:04.585479  4613 undistortion.cc:197] Undistorting image [177/405]
I20261008 10:32:04.586295  4613 undistortion.cc:197] Undistorting image [178/405]
I20261008 10:32:04.586892  4613 undistortion.cc:197] Undistorting image [179/405]
I20261008 10:32:04.588619  4613 undistortion.cc:197] Undistorting image [180/405]
I20261008 10:32:04.588912  4613 undistortion.cc:197] Undistorting image [181/405]
I20261008 10:32:04.679582  4613 undistortion.cc:197] Undistorting image [182/405]
I20261008 10:32:04.680526  4613 undistortion.cc:197] Undistorting image [183/405]
I20261008 10:32:04.682000  4613 undistortion.cc:197] Undistorting image [184/405]
I20261008 10:32:04.683117  4613 undistortion.cc:197] Undistorting image [185/405]
I20261008 10:32:04.683786  4613 undistortion.cc:197] Undistorting image [186/405]
I20261008 10:32:04.700326  4613 undistortion.cc:197] Undistorting image [187/405]
I20261008 10:32:04.701881  4613 undistortion.cc:197] Undistorting image [188/405]
I20261008 10:32:04.702919  4613 undistortion.cc:197] Undistorting image [189/405]
I20261008 10:32:04.704660  4613 undistortion.cc:197] Undistorting image [190/405]
I20261008 10:32:04.705263  4613 undistortion.cc:197] Undistorting image [191/405]
I20261008 10:32:04.705862  4613 undistortion.cc:197] Undistorting image [192/405]
I20261008 10:32:04.713258  4613 undistortion.cc:197] Undistorting image [193/405]
I20261008 10:32:04.758586  4613 undistortion.cc:197] Undistorting image [194/405]
I20261008 10:32:04.760157  4613 undistortion.cc:197] Undistorting image [195/405]
I20261008 10:32:04.762238  4613 undistortion.cc:197] Undistorting image [196/405]
I20261008 10:32:04.795830  4613 undistortion.cc:197] Undistorting image [197/405]
I20261008 10:32:04.796955  4613 undistortion.cc:197] Undistorting image [198/405]
I20261008 10:32:04.797538  4613 undistortion.cc:197] Undistorting image [199/405]
I20261008 10:32:04.798081  4613 undistortion.cc:197] Undistorting image [200/405]
I20261008 10:32:04.798424  4613 undistortion.cc:197] Undistorting image [201/405]
I20261008 10:32:04.798898  4613 undistortion.cc:197] Undistorting image [202/405]
I20261008 10:32:04.880084  4613 undistortion.cc:197] Undistorting image [203/405]
I20261008 10:32:04.888602  4613 undistortion.cc:197] Undistorting image [204/405]
I20261008 10:32:04.889181  4613 undistortion.cc:197] Undistorting image [205/405]
I20261008 10:32:04.900770  4613 undistortion.cc:197] Undistorting image [206/405]
I20261008 10:32:04.901387  4613 undistortion.cc:197] Undistorting image [207/405]
I20261008 10:32:04.901991  4613 undistortion.cc:197] Undistorting image [208/405]
I20261008 10:32:04.950670  4613 undistortion.cc:197] Undistorting image [209/405]
I20261008 10:32:04.951938  4613 undistortion.cc:197] Undistorting image [210/405]
I20261008 10:32:04.952486  4613 undistortion.cc:197] Undistorting image [211/405]
I20261008 10:32:05.053563  4613 undistortion.cc:197] Undistorting image [212/405]
I20261008 10:32:05.054332  4613 undistortion.cc:197] Undistorting image [213/405]
I20261008 10:32:05.055583  4613 undistortion.cc:197] Undistorting image [214/405]
I20261008 10:32:05.055907  4613 undistortion.cc:197] Undistorting image [215/405]
I20261008 10:32:05.056593  4613 undistortion.cc:197] Undistorting image [216/405]
I20261008 10:32:05.056865  4613 undistortion.cc:197] Undistorting image [217/405]
I20261008 10:32:05.080574  4613 undistortion.cc:197] Undistorting image [218/405]
I20261008 10:32:05.081943  4613 undistortion.cc:197] Undistorting image [219/405]
I20261008 10:32:05.082779  4613 undistortion.cc:197] Undistorting image [220/405]
I20261008 10:32:05.083205  4613 undistortion.cc:197] Undistorting image [221/405]
I20261008 10:32:05.083660  4613 undistortion.cc:197] Undistorting image [222/405]
I20261008 10:32:05.160410  4613 undistortion.cc:197] Undistorting image [223/405]
I20261008 10:32:05.161789  4613 undistortion.cc:197] Undistorting image [224/405]
I20261008 10:32:05.162259  4613 undistortion.cc:197] Undistorting image [225/405]
I20261008 10:32:05.163630  4613 undistortion.cc:197] Undistorting image [226/405]
I20261008 10:32:05.164167  4613 undistortion.cc:197] Undistorting image [227/405]
I20261008 10:32:05.164847  4613 undistortion.cc:197] Undistorting image [228/405]
I20261008 10:32:05.275242  4613 undistortion.cc:197] Undistorting image [229/405]
I20261008 10:32:05.276149  4613 undistortion.cc:197] Undistorting image [230/405]
I20261008 10:32:05.278860  4613 undistortion.cc:197] Undistorting image [231/405]
I20261008 10:32:05.372869  4613 undistortion.cc:197] Undistorting image [232/405]
I20261008 10:32:05.373833  4613 undistortion.cc:197] Undistorting image [233/405]
I20261008 10:32:05.374491  4613 undistortion.cc:197] Undistorting image [234/405]
I20261008 10:32:05.374868  4613 undistortion.cc:197] Undistorting image [235/405]
I20261008 10:32:05.375329  4613 undistortion.cc:197] Undistorting image [236/405]
I20261008 10:32:05.375620  4613 undistortion.cc:197] Undistorting image [237/405]
I20261008 10:32:05.376066  4613 undistortion.cc:197] Undistorting image [238/405]
I20261008 10:32:05.483549  4613 undistortion.cc:197] Undistorting image [239/405]
I20261008 10:32:05.484735  4613 undistortion.cc:197] Undistorting image [240/405]
I20261008 10:32:05.526660  4613 undistortion.cc:197] Undistorting image [241/405]
I20261008 10:32:05.527801  4613 undistortion.cc:197] Undistorting image [242/405]
I20261008 10:32:05.528415  4613 undistortion.cc:197] Undistorting image [243/405]
I20261008 10:32:05.528874  4613 undistortion.cc:197] Undistorting image [244/405]
I20261008 10:32:05.529220  4613 undistortion.cc:197] Undistorting image [245/405]
I20261008 10:32:05.529734  4613 undistortion.cc:197] Undistorting image [246/405]
I20261008 10:32:05.530112  4613 undistortion.cc:197] Undistorting image [247/405]
I20261008 10:32:05.530747  4613 undistortion.cc:197] Undistorting image [248/405]
I20261008 10:32:05.531049  4613 undistortion.cc:197] Undistorting image [249/405]
I20261008 10:32:05.534878  4613 undistortion.cc:197] Undistorting image [250/405]
I20261008 10:32:05.620464  4613 undistortion.cc:197] Undistorting image [251/405]
I20261008 10:32:05.621791  4613 undistortion.cc:197] Undistorting image [252/405]
I20261008 10:32:05.622308  4613 undistortion.cc:197] Undistorting image [253/405]
I20261008 10:32:05.623176  4613 undistortion.cc:197] Undistorting image [254/405]
I20261008 10:32:05.624054  4613 undistortion.cc:197] Undistorting image [255/405]
I20261008 10:32:05.624424  4613 undistortion.cc:197] Undistorting image [256/405]
I20261008 10:32:05.670666  4613 undistortion.cc:197] Undistorting image [257/405]
I20261008 10:32:05.671420  4613 undistortion.cc:197] Undistorting image [258/405]
I20261008 10:32:05.672524  4613 undistortion.cc:197] Undistorting image [259/405]
I20261008 10:32:05.673489  4613 undistortion.cc:197] Undistorting image [260/405]
I20261008 10:32:05.673976  4613 undistortion.cc:197] Undistorting image [261/405]
I20261008 10:32:05.675262  4613 undistortion.cc:197] Undistorting image [262/405]
I20261008 10:32:05.676016  4613 undistortion.cc:197] Undistorting image [263/405]
I20261008 10:32:05.697023  4613 undistortion.cc:197] Undistorting image [264/405]
I20261008 10:32:05.799681  4613 undistortion.cc:197] Undistorting image [265/405]
I20261008 10:32:05.800990  4613 undistortion.cc:197] Undistorting image [266/405]
I20261008 10:32:05.801424  4613 undistortion.cc:197] Undistorting image [267/405]
I20261008 10:32:05.802039  4613 undistortion.cc:197] Undistorting image [268/405]
I20261008 10:32:05.802609  4613 undistortion.cc:197] Undistorting image [269/405]
I20261008 10:32:05.803455  4613 undistortion.cc:197] Undistorting image [270/405]
I20261008 10:32:05.803776  4613 undistortion.cc:197] Undistorting image [271/405]
I20261008 10:32:05.804505  4613 undistortion.cc:197] Undistorting image [272/405]
I20261008 10:32:05.804999  4613 undistortion.cc:197] Undistorting image [273/405]
I20261008 10:32:05.834034  4613 undistortion.cc:197] Undistorting image [274/405]
I20261008 10:32:05.835462  4613 undistortion.cc:197] Undistorting image [275/405]
I20261008 10:32:05.835954  4613 undistortion.cc:197] Undistorting image [276/405]
I20261008 10:32:05.836717  4613 undistortion.cc:197] Undistorting image [277/405]
I20261008 10:32:05.837095  4613 undistortion.cc:197] Undistorting image [278/405]
I20261008 10:32:05.837630  4613 undistortion.cc:197] Undistorting image [279/405]
I20261008 10:32:05.838129  4613 undistortion.cc:197] Undistorting image [280/405]
I20261008 10:32:05.838697  4613 undistortion.cc:197] Undistorting image [281/405]
I20261008 10:32:05.839131  4613 undistortion.cc:197] Undistorting image [282/405]
I20261008 10:32:05.839475  4613 undistortion.cc:197] Undistorting image [283/405]
I20261008 10:32:05.839876  4613 undistortion.cc:197] Undistorting image [284/405]
I20261008 10:32:05.908588  4613 undistortion.cc:197] Undistorting image [285/405]
I20261008 10:32:05.909601  4613 undistortion.cc:197] Undistorting image [286/405]
I20261008 10:32:05.910065  4613 undistortion.cc:197] Undistorting image [287/405]
I20261008 10:32:05.910910  4613 undistortion.cc:197] Undistorting image [288/405]
I20261008 10:32:05.911540  4613 undistortion.cc:197] Undistorting image [289/405]
I20261008 10:32:05.966539  4613 undistortion.cc:197] Undistorting image [290/405]
I20261008 10:32:05.967854  4613 undistortion.cc:197] Undistorting image [291/405]
I20261008 10:32:06.088084  4613 undistortion.cc:197] Undistorting image [292/405]
I20261008 10:32:06.090728  4613 undistortion.cc:197] Undistorting image [293/405]
I20261008 10:32:06.091277  4613 undistortion.cc:197] Undistorting image [294/405]
I20261008 10:32:06.091929  4613 undistortion.cc:197] Undistorting image [295/405]
I20261008 10:32:06.092603  4613 undistortion.cc:197] Undistorting image [296/405]
I20261008 10:32:06.092942  4613 undistortion.cc:197] Undistorting image [297/405]
I20261008 10:32:06.093495  4613 undistortion.cc:197] Undistorting image [298/405]
I20261008 10:32:06.093928  4613 undistortion.cc:197] Undistorting image [299/405]
I20261008 10:32:06.169627  4613 undistortion.cc:197] Undistorting image [300/405]
I20261008 10:32:06.170914  4613 undistortion.cc:197] Undistorting image [301/405]
I20261008 10:32:06.199047  4613 undistortion.cc:197] Undistorting image [302/405]
I20261008 10:32:06.200052  4613 undistortion.cc:197] Undistorting image [303/405]
I20261008 10:32:06.201189  4613 undistortion.cc:197] Undistorting image [304/405]
I20261008 10:32:06.228029  4613 undistortion.cc:197] Undistorting image [305/405]
I20261008 10:32:06.229264  4613 undistortion.cc:197] Undistorting image [306/405]
I20261008 10:32:06.229794  4613 undistortion.cc:197] Undistorting image [307/405]
I20261008 10:32:06.234048  4613 undistortion.cc:197] Undistorting image [308/405]
I20261008 10:32:06.234537  4613 undistortion.cc:197] Undistorting image [309/405]
I20261008 10:32:06.241079  4613 undistortion.cc:197] Undistorting image [310/405]
I20261008 10:32:06.241676  4613 undistortion.cc:197] Undistorting image [311/405]
I20261008 10:32:06.242174  4613 undistortion.cc:197] Undistorting image [312/405]
I20261008 10:32:06.242419  4613 undistortion.cc:197] Undistorting image [313/405]
I20261008 10:32:06.258396  4613 undistortion.cc:197] Undistorting image [314/405]
I20261008 10:32:06.258985  4613 undistortion.cc:197] Undistorting image [315/405]
I20261008 10:32:06.259768  4613 undistortion.cc:197] Undistorting image [316/405]
I20261008 10:32:06.260269  4613 undistortion.cc:197] Undistorting image [317/405]
I20261008 10:32:06.261271  4613 undistortion.cc:197] Undistorting image [318/405]
I20261008 10:32:06.261575  4613 undistortion.cc:197] Undistorting image [319/405]
I20261008 10:32:06.294270  4613 undistortion.cc:197] Undistorting image [320/405]
I20261008 10:32:06.295209  4613 undistortion.cc:197] Undistorting image [321/405]
I20261008 10:32:06.296097  4613 undistortion.cc:197] Undistorting image [322/405]
I20261008 10:32:06.370791  4613 undistortion.cc:197] Undistorting image [323/405]
I20261008 10:32:06.371805  4613 undistortion.cc:197] Undistorting image [324/405]
I20261008 10:32:06.481422  4613 undistortion.cc:197] Undistorting image [325/405]
I20261008 10:32:06.482415  4613 undistortion.cc:197] Undistorting image [326/405]
I20261008 10:32:06.482950  4613 undistortion.cc:197] Undistorting image [327/405]
I20261008 10:32:06.555763  4613 undistortion.cc:197] Undistorting image [328/405]
I20261008 10:32:06.557579  4613 undistortion.cc:197] Undistorting image [329/405]
I20261008 10:32:06.557932  4613 undistortion.cc:197] Undistorting image [330/405]
I20261008 10:32:06.558384  4613 undistortion.cc:197] Undistorting image [331/405]
I20261008 10:32:06.558698  4613 undistortion.cc:197] Undistorting image [332/405]
I20261008 10:32:06.559099  4613 undistortion.cc:197] Undistorting image [333/405]
I20261008 10:32:06.740065  4613 undistortion.cc:197] Undistorting image [334/405]
I20261008 10:32:06.741426  4613 undistortion.cc:197] Undistorting image [335/405]
I20261008 10:32:06.741950  4613 undistortion.cc:197] Undistorting image [336/405]
I20261008 10:32:06.743243  4613 undistortion.cc:197] Undistorting image [337/405]
I20261008 10:32:06.743677  4613 undistortion.cc:197] Undistorting image [338/405]
I20261008 10:32:06.744637  4613 undistortion.cc:197] Undistorting image [339/405]
I20261008 10:32:06.745043  4613 undistortion.cc:197] Undistorting image [340/405]
I20261008 10:32:06.745950  4613 undistortion.cc:197] Undistorting image [341/405]
I20261008 10:32:06.746922  4613 undistortion.cc:197] Undistorting image [342/405]
I20261008 10:32:06.747278  4613 undistortion.cc:197] Undistorting image [343/405]
I20261008 10:32:06.748353  4613 undistortion.cc:197] Undistorting image [344/405]
I20261008 10:32:06.748844  4613 undistortion.cc:197] Undistorting image [345/405]
I20261008 10:32:06.749533  4613 undistortion.cc:197] Undistorting image [346/405]
I20261008 10:32:06.750023  4613 undistortion.cc:197] Undistorting image [347/405]
I20261008 10:32:06.750479  4613 undistortion.cc:197] Undistorting image [348/405]
I20261008 10:32:06.750738  4613 undistortion.cc:197] Undistorting image [349/405]
I20261008 10:32:06.751421  4613 undistortion.cc:197] Undistorting image [350/405]
I20261008 10:32:06.751756  4613 undistortion.cc:197] Undistorting image [351/405]
I20261008 10:32:06.752409  4613 undistortion.cc:197] Undistorting image [352/405]
I20261008 10:32:06.752825  4613 undistortion.cc:197] Undistorting image [353/405]
I20261008 10:32:06.753260  4613 undistortion.cc:197] Undistorting image [354/405]
I20261008 10:32:06.753512  4613 undistortion.cc:197] Undistorting image [355/405]
I20261008 10:32:06.942226  4613 undistortion.cc:197] Undistorting image [356/405]
I20261008 10:32:06.943840  4613 undistortion.cc:197] Undistorting image [357/405]
I20261008 10:32:06.946192  4613 undistortion.cc:197] Undistorting image [358/405]
I20261008 10:32:06.947177  4613 undistortion.cc:197] Undistorting image [359/405]
I20261008 10:32:06.948433  4613 undistortion.cc:197] Undistorting image [360/405]
I20261008 10:32:06.948798  4613 undistortion.cc:197] Undistorting image [361/405]
I20261008 10:32:06.949723  4613 undistortion.cc:197] Undistorting image [362/405]
I20261008 10:32:06.949997  4613 undistortion.cc:197] Undistorting image [363/405]
I20261008 10:32:06.950568  4613 undistortion.cc:197] Undistorting image [364/405]
I20261008 10:32:06.956852  4613 undistortion.cc:197] Undistorting image [365/405]
I20261008 10:32:06.957376  4613 undistortion.cc:197] Undistorting image [366/405]
I20261008 10:32:06.957979  4613 undistortion.cc:197] Undistorting image [367/405]
I20261008 10:32:06.958302  4613 undistortion.cc:197] Undistorting image [368/405]
I20261008 10:32:07.005945  4613 undistortion.cc:197] Undistorting image [369/405]
I20261008 10:32:07.006951  4613 undistortion.cc:197] Undistorting image [370/405]
I20261008 10:32:07.008080  4613 undistortion.cc:197] Undistorting image [371/405]
I20261008 10:32:07.008769  4613 undistortion.cc:197] Undistorting image [372/405]
I20261008 10:32:07.009423  4613 undistortion.cc:197] Undistorting image [373/405]
I20261008 10:32:07.009799  4613 undistortion.cc:197] Undistorting image [374/405]
I20261008 10:32:07.106161  4613 undistortion.cc:197] Undistorting image [375/405]
I20261008 10:32:07.107200  4613 undistortion.cc:197] Undistorting image [376/405]
I20261008 10:32:07.107867  4613 undistortion.cc:197] Undistorting image [377/405]
I20261008 10:32:07.120425  4613 undistortion.cc:197] Undistorting image [378/405]
I20261008 10:32:07.124075  4613 undistortion.cc:197] Undistorting image [379/405]
I20261008 10:32:07.187172  4613 undistortion.cc:197] Undistorting image [380/405]
I20261008 10:32:07.188457  4613 undistortion.cc:197] Undistorting image [381/405]
I20261008 10:32:07.189380  4613 undistortion.cc:197] Undistorting image [382/405]
I20261008 10:32:07.251232  4613 undistortion.cc:197] Undistorting image [383/405]
I20261008 10:32:07.251953  4613 undistortion.cc:197] Undistorting image [384/405]
I20261008 10:32:07.252441  4613 undistortion.cc:197] Undistorting image [385/405]
I20261008 10:32:07.252734  4613 undistortion.cc:197] Undistorting image [386/405]
I20261008 10:32:07.252961  4613 undistortion.cc:197] Undistorting image [387/405]
I20261008 10:32:07.253197  4613 undistortion.cc:197] Undistorting image [388/405]
I20261008 10:32:07.253414  4613 undistortion.cc:197] Undistorting image [389/405]
I20261008 10:32:07.253605  4613 undistortion.cc:197] Undistorting image [390/405]
I20261008 10:32:07.253791  4613 undistortion.cc:197] Undistorting image [391/405]
I20261008 10:32:07.253969  4613 undistortion.cc:197] Undistorting image [392/405]
I20261008 10:32:07.254145  4613 undistortion.cc:197] Undistorting image [393/405]
I20261008 10:32:07.254331  4613 undistortion.cc:197] Undistorting image [394/405]
I20261008 10:32:07.254499  4613 undistortion.cc:197] Undistorting image [395/405]
I20261008 10:32:07.254663  4613 undistortion.cc:197] Undistorting image [396/405]
I20261008 10:32:07.274669  4613 undistortion.cc:197] Undistorting image [397/405]
I20261008 10:32:07.275638  4613 undistortion.cc:197] Undistorting image [398/405]
I20261008 10:32:07.276032  4613 undistortion.cc:197] Undistorting image [399/405]
I20261008 10:32:07.276255  4613 undistortion.cc:197] Undistorting image [400/405]
I20261008 10:32:07.276516  4613 undistortion.cc:197] Undistorting image [401/405]
I20261008 10:32:07.276749  4613 undistortion.cc:197] Undistorting image [402/405]
I20261008 10:32:07.276955  4613 undistortion.cc:197] Undistorting image [403/405]
I20261008 10:32:07.279812  4613 undistortion.cc:197] Undistorting image [404/405]
I20261008 10:32:07.314579  4613 undistortion.cc:197] Undistorting image [405/405]
I20261008 10:32:07.318661  4613 undistortion.cc:207] Writing reconstruction...
I20261008 10:32:07.543466  4613 undistortion.cc:212] Writing configuration...
I20261008 10:32:07.544757  4613 undistortion.cc:216] Writing scripts...
I20261008 10:32:07.545737  4613 timer.cc:91] Elapsed time: 0.088 [minutes]
+ colmap model_analyzer --path /home/kiranriya0990/hn3d_work/room/dense/sparse
I20261008 10:32:07.646047  4634 model.cc:444] Rigs: 2
I20261008 10:32:07.647163  4634 model.cc:445] Cameras: 2
I20261008 10:32:07.647945  4634 model.cc:446] Frames: 405
I20261008 10:32:07.648609  4634 model.cc:447] Registered frames: 405
I20261008 10:32:07.649317  4634 model.cc:449] Images: 405
I20261008 10:32:07.650151  4634 model.cc:450] Registered images: 405
I20261008 10:32:07.650897  4634 model.cc:452] Points: 64898
I20261008 10:32:07.651726  4634 model.cc:453] Observations: 472441
I20261008 10:32:07.652400  4634 model.cc:455] Mean track length: 7.279747
I20261008 10:32:07.653044  4634 model.cc:457] Mean observations per image: 1166.520988
I20261008 10:32:07.653445  4634 model.cc:460] Mean reprojection error: 1.164790px
EXIT=0
