candidates=306 kept=220 median_sharpness=45.4 p10=10.1
heldout=0
WARNING: no held-out photos found — novel-view metrics will fall back to every 8th frame
images=220
+ colmap feature_extractor --database_path /home/kiranriya0990/hn3d_work/room/colmap/database.db --image_path /home/kiranriya0990/hn3d_work/room/images --ImageReader.camera_model OPENCV --ImageReader.single_camera_per_folder 1 --SiftExtraction.num_threads 16 --SiftExtraction.use_gpu 0
I20261008 08:49:57.983697  2843 misc.cc:44] 
==============================================================================
Feature extraction
==============================================================================
I20261008 08:49:57.985579  2860 sift.cc:727] Creating SIFT CPU feature extractor
I20261008 08:49:57.986770  2874 sift.cc:727] Creating SIFT CPU feature extractor
I20261008 08:49:57.985677  2862 sift.cc:727] Creating SIFT CPU feature extractor
I20261008 08:49:57.985738  2863 sift.cc:727] Creating SIFT CPU feature extractor
I20261008 08:49:57.985800  2864 sift.cc:727] Creating SIFT CPU feature extractor
I20261008 08:49:57.985877  2865 sift.cc:727] Creating SIFT CPU feature extractor
I20261008 08:49:57.985976  2866 sift.cc:727] Creating SIFT CPU feature extractor
I20261008 08:49:57.986042  2867 sift.cc:727] Creating SIFT CPU feature extractor
I20261008 08:49:57.986155  2868 sift.cc:727] Creating SIFT CPU feature extractor
I20261008 08:49:57.986250  2869 sift.cc:727] Creating SIFT CPU feature extractor
I20261008 08:49:57.986328  2870 sift.cc:727] Creating SIFT CPU feature extractor
I20261008 08:49:57.986416  2871 sift.cc:727] Creating SIFT CPU feature extractor
I20261008 08:49:57.986579  2872 sift.cc:727] Creating SIFT CPU feature extractor
I20261008 08:49:57.986658  2873 sift.cc:727] Creating SIFT CPU feature extractor
I20261008 08:49:57.985625  2861 sift.cc:727] Creating SIFT CPU feature extractor
I20261008 08:49:57.986876  2875 sift.cc:727] Creating SIFT CPU feature extractor
I20261008 08:50:12.407756  2876 feature_extraction.cc:259] Processed file [1/220]
I20261008 08:50:12.508046  2876 feature_extraction.cc:262]   Name:            train/frame_0002.jpg
I20261008 08:50:12.510694  2876 feature_extraction.cc:271]   Dimensions:      1600 x 900
I20261008 08:50:12.514120  2876 feature_extraction.cc:274]   Camera:          #1 - OPENCV
I20261008 08:50:12.518023  2876 feature_extraction.cc:277]   Focal Length:    1920.00px
I20261008 08:50:12.613865  2876 feature_extraction.cc:281]   Features:        2108
I20261008 08:50:15.593811  2876 feature_extraction.cc:259] Processed file [2/220]
I20261008 08:50:15.597177  2876 feature_extraction.cc:262]   Name:            train/frame_0009.jpg
I20261008 08:50:15.598055  2876 feature_extraction.cc:271]   Dimensions:      1600 x 900
I20261008 08:50:15.598565  2876 feature_extraction.cc:274]   Camera:          #1 - OPENCV
I20261008 08:50:15.599009  2876 feature_extraction.cc:277]   Focal Length:    1920.00px
I20261008 08:50:15.599545  2876 feature_extraction.cc:281]   Features:        1536
I20261008 08:50:15.633278  2876 feature_extraction.cc:259] Processed file [3/220]
I20261008 08:50:15.633987  2876 feature_extraction.cc:262]   Name:            train/frame_0008.jpg
I20261008 08:50:15.634295  2876 feature_extraction.cc:271]   Dimensions:      1600 x 900
I20261008 08:50:15.634635  2876 feature_extraction.cc:274]   Camera:          #1 - OPENCV
I20261008 08:50:15.635120  2876 feature_extraction.cc:277]   Focal Length:    1920.00px
I20261008 08:50:15.635751  2876 feature_extraction.cc:281]   Features:        2100
I20261008 08:50:15.671741  2876 feature_extraction.cc:259] Processed file [4/220]
I20261008 08:50:15.672379  2876 feature_extraction.cc:262]   Name:            train/frame_0004.jpg
I20261008 08:50:15.672957  2876 feature_extraction.cc:271]   Dimensions:      1600 x 900
I20261008 08:50:15.680063  2876 feature_extraction.cc:274]   Camera:          #1 - OPENCV
I20261008 08:50:15.680738  2876 feature_extraction.cc:277]   Focal Length:    1920.00px
I20261008 08:50:15.681118  2876 feature_extraction.cc:281]   Features:        2191
I20261008 08:50:15.693281  2876 feature_extraction.cc:259] Processed file [5/220]
I20261008 08:50:15.694439  2876 feature_extraction.cc:262]   Name:            train/frame_0010.jpg
I20261008 08:50:15.694989  2876 feature_extraction.cc:271]   Dimensions:      1600 x 900
I20261008 08:50:15.695338  2876 feature_extraction.cc:274]   Camera:          #1 - OPENCV
I20261008 08:50:15.695739  2876 feature_extraction.cc:277]   Focal Length:    1920.00px
I20261008 08:50:15.696220  2876 feature_extraction.cc:281]   Features:        1659
I20261008 08:50:15.712491  2876 feature_extraction.cc:259] Processed file [6/220]
I20261008 08:50:15.713312  2876 feature_extraction.cc:262]   Name:            train/frame_0006.jpg
I20261008 08:50:15.713629  2876 feature_extraction.cc:271]   Dimensions:      1600 x 900
I20261008 08:50:15.713912  2876 feature_extraction.cc:274]   Camera:          #1 - OPENCV
I20261008 08:50:15.714260  2876 feature_extraction.cc:277]   Focal Length:    1920.00px
I20261008 08:50:15.720258  2876 feature_extraction.cc:281]   Features:        2130
I20261008 08:50:15.733084  2876 feature_extraction.cc:259] Processed file [7/220]
I20261008 08:50:15.733814  2876 feature_extraction.cc:262]   Name:            train/frame_0001.jpg
I20261008 08:50:15.734369  2876 feature_extraction.cc:271]   Dimensions:      1600 x 900
I20261008 08:50:15.734748  2876 feature_extraction.cc:274]   Camera:          #1 - OPENCV
I20261008 08:50:15.735158  2876 feature_extraction.cc:277]   Focal Length:    1920.00px
I20261008 08:50:15.735800  2876 feature_extraction.cc:281]   Features:        1829
I20261008 08:50:15.756601  2876 feature_extraction.cc:259] Processed file [8/220]
I20261008 08:50:15.758059  2876 feature_extraction.cc:262]   Name:            train/frame_0003.jpg
I20261008 08:50:15.758474  2876 feature_extraction.cc:271]   Dimensions:      1600 x 900
I20261008 08:50:15.758798  2876 feature_extraction.cc:274]   Camera:          #1 - OPENCV
I20261008 08:50:15.759143  2876 feature_extraction.cc:277]   Focal Length:    1920.00px
I20261008 08:50:15.759536  2876 feature_extraction.cc:281]   Features:        1855
I20261008 08:50:15.794638  2876 feature_extraction.cc:259] Processed file [9/220]
I20261008 08:50:15.795760  2876 feature_extraction.cc:262]   Name:            train/frame_0000.jpg
I20261008 08:50:15.796301  2876 feature_extraction.cc:271]   Dimensions:      1600 x 900
I20261008 08:50:15.796770  2876 feature_extraction.cc:274]   Camera:          #1 - OPENCV
I20261008 08:50:15.797422  2876 feature_extraction.cc:277]   Focal Length:    1920.00px
I20261008 08:50:15.798215  2876 feature_extraction.cc:281]   Features:        1848
I20261008 08:50:15.810405  2876 feature_extraction.cc:259] Processed file [10/220]
I20261008 08:50:15.811936  2876 feature_extraction.cc:262]   Name:            train/frame_0013.jpg
I20261008 08:50:15.812439  2876 feature_extraction.cc:271]   Dimensions:      1600 x 900
I20261008 08:50:15.813156  2876 feature_extraction.cc:274]   Camera:          #1 - OPENCV
I20261008 08:50:15.813830  2876 feature_extraction.cc:277]   Focal Length:    1920.00px
I20261008 08:50:15.814356  2876 feature_extraction.cc:281]   Features:        1734
I20261008 08:50:15.836097  2876 feature_extraction.cc:259] Processed file [11/220]
I20261008 08:50:15.837150  2876 feature_extraction.cc:262]   Name:            train/frame_0005.jpg
I20261008 08:50:15.837669  2876 feature_extraction.cc:271]   Dimensions:      1600 x 900
I20261008 08:50:15.838073  2876 feature_extraction.cc:274]   Camera:          #1 - OPENCV
I20261008 08:50:15.838650  2876 feature_extraction.cc:277]   Focal Length:    1920.00px
I20261008 08:50:15.840883  2876 feature_extraction.cc:281]   Features:        2022
I20261008 08:50:15.864504  2876 feature_extraction.cc:259] Processed file [12/220]
I20261008 08:50:15.866370  2876 feature_extraction.cc:262]   Name:            train/frame_0012.jpg
I20261008 08:50:15.872076  2876 feature_extraction.cc:271]   Dimensions:      1600 x 900
I20261008 08:50:15.873095  2876 feature_extraction.cc:274]   Camera:          #1 - OPENCV
I20261008 08:50:15.873713  2876 feature_extraction.cc:277]   Focal Length:    1920.00px
I20261008 08:50:15.874516  2876 feature_extraction.cc:281]   Features:        1598
I20261008 08:50:15.924608  2876 feature_extraction.cc:259] Processed file [13/220]
I20261008 08:50:15.926025  2876 feature_extraction.cc:262]   Name:            train/frame_0011.jpg
I20261008 08:50:15.926991  2876 feature_extraction.cc:271]   Dimensions:      1600 x 900
I20261008 08:50:15.928158  2876 feature_extraction.cc:274]   Camera:          #1 - OPENCV
I20261008 08:50:15.928673  2876 feature_extraction.cc:277]   Focal Length:    1920.00px
I20261008 08:50:15.929054  2876 feature_extraction.cc:281]   Features:        1748
I20261008 08:50:15.947515  2876 feature_extraction.cc:259] Processed file [14/220]
I20261008 08:50:15.949429  2876 feature_extraction.cc:262]   Name:            train/frame_0007.jpg
I20261008 08:50:15.950002  2876 feature_extraction.cc:271]   Dimensions:      1600 x 900
I20261008 08:50:15.950574  2876 feature_extraction.cc:274]   Camera:          #1 - OPENCV
I20261008 08:50:15.951464  2876 feature_extraction.cc:277]   Focal Length:    1920.00px
I20261008 08:50:15.953003  2876 feature_extraction.cc:281]   Features:        2080
I20261008 08:50:15.965960  2876 feature_extraction.cc:259] Processed file [15/220]
I20261008 08:50:15.967060  2876 feature_extraction.cc:262]   Name:            train/frame_0014.jpg
I20261008 08:50:15.967958  2876 feature_extraction.cc:271]   Dimensions:      1600 x 900
I20261008 08:50:15.972051  2876 feature_extraction.cc:274]   Camera:          #1 - OPENCV
I20261008 08:50:15.977499  2876 feature_extraction.cc:277]   Focal Length:    1920.00px
I20261008 08:50:15.978528  2876 feature_extraction.cc:281]   Features:        1462
I20261008 08:50:15.983603  2876 feature_extraction.cc:259] Processed file [16/220]
I20261008 08:50:15.986541  2876 feature_extraction.cc:262]   Name:            train/frame_0015.jpg
I20261008 08:50:15.987709  2876 feature_extraction.cc:271]   Dimensions:      1600 x 900
I20261008 08:50:15.988677  2876 feature_extraction.cc:274]   Camera:          #1 - OPENCV
I20261008 08:50:15.990335  2876 feature_extraction.cc:277]   Focal Length:    1920.00px
I20261008 08:50:15.991155  2876 feature_extraction.cc:281]   Features:        1426
I20261008 08:50:16.015689  2876 feature_extraction.cc:259] Processed file [17/220]
I20261008 08:50:16.017727  2876 feature_extraction.cc:262]   Name:            train/frame_0017.jpg
I20261008 08:50:16.018692  2876 feature_extraction.cc:271]   Dimensions:      1600 x 900
I20261008 08:50:16.019173  2876 feature_extraction.cc:274]   Camera:          #1 - OPENCV
I20261008 08:50:16.019876  2876 feature_extraction.cc:277]   Focal Length:    1920.00px
I20261008 08:50:16.020455  2876 feature_extraction.cc:281]   Features:        1767
I20261008 08:50:16.316254  2876 feature_extraction.cc:259] Processed file [18/220]
I20261008 08:50:16.317582  2876 feature_extraction.cc:262]   Name:            train/frame_0016.jpg
I20261008 08:50:16.318045  2876 feature_extraction.cc:271]   Dimensions:      1600 x 900
I20261008 08:50:16.318506  2876 feature_extraction.cc:274]   Camera:          #1 - OPENCV
I20261008 08:50:16.319268  2876 feature_extraction.cc:277]   Focal Length:    1920.00px
I20261008 08:50:16.321226  2876 feature_extraction.cc:281]   Features:        1697
I20261008 08:50:17.872654  2876 feature_extraction.cc:259] Processed file [19/220]
I20261008 08:50:17.880599  2876 feature_extraction.cc:262]   Name:            train/frame_0032.jpg
I20261008 08:50:17.882802  2876 feature_extraction.cc:271]   Dimensions:      1600 x 900
I20261008 08:50:17.884096  2876 feature_extraction.cc:274]   Camera:          #1 - OPENCV
I20261008 08:50:17.888620  2876 feature_extraction.cc:277]   Focal Length:    1920.00px
I20261008 08:50:17.889220  2876 feature_extraction.cc:281]   Features:        2727
I20261008 08:50:18.381812  2876 feature_extraction.cc:259] Processed file [20/220]
I20261008 08:50:18.385123  2876 feature_extraction.cc:262]   Name:            train/frame_0033.jpg
I20261008 08:50:18.385689  2876 feature_extraction.cc:271]   Dimensions:      1600 x 900
I20261008 08:50:18.406383  2876 feature_extraction.cc:274]   Camera:          #1 - OPENCV
I20261008 08:50:18.411991  2876 feature_extraction.cc:277]   Focal Length:    1920.00px
I20261008 08:50:18.415366  2876 feature_extraction.cc:281]   Features:        3223
I20261008 08:50:19.670342  2876 feature_extraction.cc:259] Processed file [21/220]
I20261008 08:50:19.673170  2876 feature_extraction.cc:262]   Name:            train/frame_0020.jpg
I20261008 08:50:19.673635  2876 feature_extraction.cc:271]   Dimensions:      1600 x 900
I20261008 08:50:19.673982  2876 feature_extraction.cc:274]   Camera:          #1 - OPENCV
I20261008 08:50:19.674448  2876 feature_extraction.cc:277]   Focal Length:    1920.00px
I20261008 08:50:19.674767  2876 feature_extraction.cc:281]   Features:        1447
I20261008 08:50:19.688014  2876 feature_extraction.cc:259] Processed file [22/220]
I20261008 08:50:19.693042  2876 feature_extraction.cc:262]   Name:            train/frame_0018.jpg
I20261008 08:50:19.693485  2876 feature_extraction.cc:271]   Dimensions:      1600 x 900
I20261008 08:50:19.693734  2876 feature_extraction.cc:274]   Camera:          #1 - OPENCV
I20261008 08:50:19.694098  2876 feature_extraction.cc:277]   Focal Length:    1920.00px
I20261008 08:50:19.694417  2876 feature_extraction.cc:281]   Features:        1744
I20261008 08:50:19.724009  2876 feature_extraction.cc:259] Processed file [23/220]
I20261008 08:50:19.728603  2876 feature_extraction.cc:262]   Name:            train/frame_0026.jpg
I20261008 08:50:19.736213  2876 feature_extraction.cc:271]   Dimensions:      1600 x 900
I20261008 08:50:19.736722  2876 feature_extraction.cc:274]   Camera:          #1 - OPENCV
I20261008 08:50:19.737052  2876 feature_extraction.cc:277]   Focal Length:    1920.00px
I20261008 08:50:19.737371  2876 feature_extraction.cc:281]   Features:        2791
I20261008 08:50:19.903923  2876 feature_extraction.cc:259] Processed file [24/220]
I20261008 08:50:19.908135  2876 feature_extraction.cc:262]   Name:            train/frame_0023.jpg
I20261008 08:50:19.909000  2876 feature_extraction.cc:271]   Dimensions:      1600 x 900
I20261008 08:50:19.909499  2876 feature_extraction.cc:274]   Camera:          #1 - OPENCV
I20261008 08:50:19.910004  2876 feature_extraction.cc:277]   Focal Length:    1920.00px
I20261008 08:50:19.912158  2876 feature_extraction.cc:281]   Features:        2303
I20261008 08:50:20.029660  2876 feature_extraction.cc:259] Processed file [25/220]
I20261008 08:50:20.030725  2876 feature_extraction.cc:262]   Name:            train/frame_0027.jpg
I20261008 08:50:20.031311  2876 feature_extraction.cc:271]   Dimensions:      1600 x 900
I20261008 08:50:20.031780  2876 feature_extraction.cc:274]   Camera:          #1 - OPENCV
I20261008 08:50:20.032217  2876 feature_extraction.cc:277]   Focal Length:    1920.00px
I20261008 08:50:20.032653  2876 feature_extraction.cc:281]   Features:        2372
I20261008 08:50:20.369858  2876 feature_extraction.cc:259] Processed file [26/220]
I20261008 08:50:20.370942  2876 feature_extraction.cc:262]   Name:            train/frame_0025.jpg
I20261008 08:50:20.371774  2876 feature_extraction.cc:271]   Dimensions:      1600 x 900
I20261008 08:50:20.372378  2876 feature_extraction.cc:274]   Camera:          #1 - OPENCV
I20261008 08:50:20.372985  2876 feature_extraction.cc:277]   Focal Length:    1920.00px
I20261008 08:50:20.373520  2876 feature_extraction.cc:281]   Features:        2315
I20261008 08:50:20.573863  2876 feature_extraction.cc:259] Processed file [27/220]
I20261008 08:50:20.574967  2876 feature_extraction.cc:262]   Name:            train/frame_0028.jpg
I20261008 08:50:20.575537  2876 feature_extraction.cc:271]   Dimensions:      1600 x 900
I20261008 08:50:20.576016  2876 feature_extraction.cc:274]   Camera:          #1 - OPENCV
I20261008 08:50:20.584002  2876 feature_extraction.cc:277]   Focal Length:    1920.00px
I20261008 08:50:20.589170  2876 feature_extraction.cc:281]   Features:        2470
I20261008 08:50:20.649461  2876 feature_extraction.cc:259] Processed file [28/220]
I20261008 08:50:20.650655  2876 feature_extraction.cc:262]   Name:            train/frame_0021.jpg
I20261008 08:50:20.651425  2876 feature_extraction.cc:271]   Dimensions:      1600 x 900
I20261008 08:50:20.651857  2876 feature_extraction.cc:274]   Camera:          #1 - OPENCV
I20261008 08:50:20.652405  2876 feature_extraction.cc:277]   Focal Length:    1920.00px
I20261008 08:50:20.652921  2876 feature_extraction.cc:281]   Features:        1425
I20261008 08:50:20.732009  2876 feature_extraction.cc:259] Processed file [29/220]
I20261008 08:50:20.732864  2876 feature_extraction.cc:262]   Name:            train/frame_0031.jpg
I20261008 08:50:20.733239  2876 feature_extraction.cc:271]   Dimensions:      1600 x 900
I20261008 08:50:20.733477  2876 feature_extraction.cc:274]   Camera:          #1 - OPENCV
I20261008 08:50:20.735168  2876 feature_extraction.cc:277]   Focal Length:    1920.00px
I20261008 08:50:20.735664  2876 feature_extraction.cc:281]   Features:        3052
I20261008 08:50:20.766191  2876 feature_extraction.cc:259] Processed file [30/220]
I20261008 08:50:20.767491  2876 feature_extraction.cc:262]   Name:            train/frame_0022.jpg
I20261008 08:50:20.768249  2876 feature_extraction.cc:271]   Dimensions:      1600 x 900
I20261008 08:50:20.768755  2876 feature_extraction.cc:274]   Camera:          #1 - OPENCV
I20261008 08:50:20.772010  2876 feature_extraction.cc:277]   Focal Length:    1920.00px
I20261008 08:50:20.772984  2876 feature_extraction.cc:281]   Features:        1636
I20261008 08:50:20.794128  2876 feature_extraction.cc:259] Processed file [31/220]
I20261008 08:50:20.797044  2876 feature_extraction.cc:262]   Name:            train/frame_0029.jpg
I20261008 08:50:20.797816  2876 feature_extraction.cc:271]   Dimensions:      1600 x 900
I20261008 08:50:20.798250  2876 feature_extraction.cc:274]   Camera:          #1 - OPENCV
I20261008 08:50:20.798612  2876 feature_extraction.cc:277]   Focal Length:    1920.00px
I20261008 08:50:20.798997  2876 feature_extraction.cc:281]   Features:        3163
I20261008 08:50:20.839555  2876 feature_extraction.cc:259] Processed file [32/220]
I20261008 08:50:20.844054  2876 feature_extraction.cc:262]   Name:            train/frame_0019.jpg
I20261008 08:50:20.844801  2876 feature_extraction.cc:271]   Dimensions:      1600 x 900
I20261008 08:50:20.845234  2876 feature_extraction.cc:274]   Camera:          #1 - OPENCV
I20261008 08:50:20.845551  2876 feature_extraction.cc:277]   Focal Length:    1920.00px
I20261008 08:50:20.845860  2876 feature_extraction.cc:281]   Features:        1556
I20261008 08:50:20.873973  2876 feature_extraction.cc:259] Processed file [33/220]
I20261008 08:50:20.875056  2876 feature_extraction.cc:262]   Name:            train/frame_0024.jpg
I20261008 08:50:20.875571  2876 feature_extraction.cc:271]   Dimensions:      1600 x 900
I20261008 08:50:20.875982  2876 feature_extraction.cc:274]   Camera:          #1 - OPENCV
I20261008 08:50:20.876386  2876 feature_extraction.cc:277]   Focal Length:    1920.00px
I20261008 08:50:20.876755  2876 feature_extraction.cc:281]   Features:        2567
I20261008 08:50:20.900530  2876 feature_extraction.cc:259] Processed file [34/220]
I20261008 08:50:20.904063  2876 feature_extraction.cc:262]   Name:            train/frame_0030.jpg
I20261008 08:50:20.905285  2876 feature_extraction.cc:271]   Dimensions:      1600 x 900
I20261008 08:50:20.905967  2876 feature_extraction.cc:274]   Camera:          #1 - OPENCV
I20261008 08:50:20.906654  2876 feature_extraction.cc:277]   Focal Length:    1920.00px
I20261008 08:50:20.907105  2876 feature_extraction.cc:281]   Features:        3244
I20261008 08:50:20.923765  2876 feature_extraction.cc:259] Processed file [35/220]
I20261008 08:50:20.928478  2876 feature_extraction.cc:262]   Name:            train/frame_0034.jpg
I20261008 08:50:20.929598  2876 feature_extraction.cc:271]   Dimensions:      1600 x 900
I20261008 08:50:20.930915  2876 feature_extraction.cc:274]   Camera:          #1 - OPENCV
I20261008 08:50:20.931584  2876 feature_extraction.cc:277]   Focal Length:    1920.00px
I20261008 08:50:20.932017  2876 feature_extraction.cc:281]   Features:        2925
I20261008 08:50:21.695550  2876 feature_extraction.cc:259] Processed file [36/220]
I20261008 08:50:21.698683  2876 feature_extraction.cc:262]   Name:            train/frame_0035.jpg
I20261008 08:50:21.699362  2876 feature_extraction.cc:271]   Dimensions:      1600 x 900
I20261008 08:50:21.702571  2876 feature_extraction.cc:274]   Camera:          #1 - OPENCV
I20261008 08:50:21.703498  2876 feature_extraction.cc:277]   Focal Length:    1920.00px
I20261008 08:50:21.704149  2876 feature_extraction.cc:281]   Features:        3083
I20261008 08:50:21.904171  2876 feature_extraction.cc:259] Processed file [37/220]
I20261008 08:50:21.905680  2876 feature_extraction.cc:262]   Name:            train/frame_0036.jpg
I20261008 08:50:21.906332  2876 feature_extraction.cc:271]   Dimensions:      1600 x 900
I20261008 08:50:21.906764  2876 feature_extraction.cc:274]   Camera:          #1 - OPENCV
I20261008 08:50:21.907176  2876 feature_extraction.cc:277]   Focal Length:    1920.00px
I20261008 08:50:21.907559  2876 feature_extraction.cc:281]   Features:        2960
I20261008 08:50:21.993530  2876 feature_extraction.cc:259] Processed file [38/220]
I20261008 08:50:21.994803  2876 feature_extraction.cc:262]   Name:            train/frame_0037.jpg
I20261008 08:50:21.995347  2876 feature_extraction.cc:271]   Dimensions:      1600 x 900
I20261008 08:50:21.995860  2876 feature_extraction.cc:274]   Camera:          #1 - OPENCV
I20261008 08:50:21.996335  2876 feature_extraction.cc:277]   Focal Length:    1920.00px
I20261008 08:50:21.996806  2876 feature_extraction.cc:281]   Features:        3224
I20261008 08:50:22.114542  2876 feature_extraction.cc:259] Processed file [39/220]
I20261008 08:50:22.116408  2876 feature_extraction.cc:262]   Name:            train/frame_0038.jpg
I20261008 08:50:22.117470  2876 feature_extraction.cc:271]   Dimensions:      1600 x 900
I20261008 08:50:22.118415  2876 feature_extraction.cc:274]   Camera:          #1 - OPENCV
I20261008 08:50:22.118892  2876 feature_extraction.cc:277]   Focal Length:    1920.00px
I20261008 08:50:22.119429  2876 feature_extraction.cc:281]   Features:        2615
I20261008 08:50:22.183765  2876 feature_extraction.cc:259] Processed file [40/220]
I20261008 08:50:22.185954  2876 feature_extraction.cc:262]   Name:            train/frame_0039.jpg
I20261008 08:50:22.189803  2876 feature_extraction.cc:271]   Dimensions:      1600 x 900
I20261008 08:50:22.190840  2876 feature_extraction.cc:274]   Camera:          #1 - OPENCV
I20261008 08:50:22.191308  2876 feature_extraction.cc:277]   Focal Length:    1920.00px
I20261008 08:50:22.194056  2876 feature_extraction.cc:281]   Features:        3182
I20261008 08:50:22.423421  2876 feature_extraction.cc:259] Processed file [41/220]
I20261008 08:50:22.425164  2876 feature_extraction.cc:262]   Name:            train/frame_0040.jpg
I20261008 08:50:22.426025  2876 feature_extraction.cc:271]   Dimensions:      1600 x 900
I20261008 08:50:22.426784  2876 feature_extraction.cc:274]   Camera:          #1 - OPENCV
I20261008 08:50:22.427179  2876 feature_extraction.cc:277]   Focal Length:    1920.00px
I20261008 08:50:22.427842  2876 feature_extraction.cc:281]   Features:        3115
I20261008 08:50:22.584946  2876 feature_extraction.cc:259] Processed file [42/220]
I20261008 08:50:22.586509  2876 feature_extraction.cc:262]   Name:            train/frame_0041.jpg
I20261008 08:50:22.587133  2876 feature_extraction.cc:271]   Dimensions:      1600 x 900
I20261008 08:50:22.587682  2876 feature_extraction.cc:274]   Camera:          #1 - OPENCV
I20261008 08:50:22.588792  2876 feature_extraction.cc:277]   Focal Length:    1920.00px
I20261008 08:50:22.589416  2876 feature_extraction.cc:281]   Features:        3004
I20261008 08:50:22.901872  2876 feature_extraction.cc:259] Processed file [43/220]
I20261008 08:50:22.903664  2876 feature_extraction.cc:262]   Name:            train/frame_0050.jpg
I20261008 08:50:22.905953  2876 feature_extraction.cc:271]   Dimensions:      1600 x 900
I20261008 08:50:22.906564  2876 feature_extraction.cc:274]   Camera:          #1 - OPENCV
I20261008 08:50:22.907007  2876 feature_extraction.cc:277]   Focal Length:    1920.00px
I20261008 08:50:22.907472  2876 feature_extraction.cc:281]   Features:        2497
I20261008 08:50:23.136868  2876 feature_extraction.cc:259] Processed file [44/220]
I20261008 08:50:23.139192  2876 feature_extraction.cc:262]   Name:            train/frame_0048.jpg
I20261008 08:50:23.140101  2876 feature_extraction.cc:271]   Dimensions:      1600 x 900
I20261008 08:50:23.140630  2876 feature_extraction.cc:274]   Camera:          #1 - OPENCV
I20261008 08:50:23.141057  2876 feature_extraction.cc:277]   Focal Length:    1920.00px
I20261008 08:50:23.141615  2876 feature_extraction.cc:281]   Features:        2322
I20261008 08:50:23.194114  2876 feature_extraction.cc:259] Processed file [45/220]
I20261008 08:50:23.196305  2876 feature_extraction.cc:262]   Name:            train/frame_0043.jpg
I20261008 08:50:23.197453  2876 feature_extraction.cc:271]   Dimensions:      1600 x 900
I20261008 08:50:23.198173  2876 feature_extraction.cc:274]   Camera:          #1 - OPENCV
I20261008 08:50:23.198840  2876 feature_extraction.cc:277]   Focal Length:    1920.00px
I20261008 08:50:23.199364  2876 feature_extraction.cc:281]   Features:        3040
I20261008 08:50:23.218693  2876 feature_extraction.cc:259] Processed file [46/220]
I20261008 08:50:23.224471  2876 feature_extraction.cc:262]   Name:            train/frame_0045.jpg
I20261008 08:50:23.225467  2876 feature_extraction.cc:271]   Dimensions:      1600 x 900
I20261008 08:50:23.226059  2876 feature_extraction.cc:274]   Camera:          #1 - OPENCV
I20261008 08:50:23.226783  2876 feature_extraction.cc:277]   Focal Length:    1920.00px
I20261008 08:50:23.227128  2876 feature_extraction.cc:281]   Features:        3156
I20261008 08:50:23.241839  2876 feature_extraction.cc:259] Processed file [47/220]
I20261008 08:50:23.243870  2876 feature_extraction.cc:262]   Name:            train/frame_0042.jpg
I20261008 08:50:23.248349  2876 feature_extraction.cc:271]   Dimensions:      1600 x 900
I20261008 08:50:23.249418  2876 feature_extraction.cc:274]   Camera:          #1 - OPENCV
I20261008 08:50:23.249799  2876 feature_extraction.cc:277]   Focal Length:    1920.00px
I20261008 08:50:23.251202  2876 feature_extraction.cc:281]   Features:        3157
I20261008 08:50:23.272898  2876 feature_extraction.cc:259] Processed file [48/220]
I20261008 08:50:23.274502  2876 feature_extraction.cc:262]   Name:            train/frame_0044.jpg
I20261008 08:50:23.280726  2876 feature_extraction.cc:271]   Dimensions:      1600 x 900
I20261008 08:50:23.281428  2876 feature_extraction.cc:274]   Camera:          #1 - OPENCV
I20261008 08:50:23.281795  2876 feature_extraction.cc:277]   Focal Length:    1920.00px
I20261008 08:50:23.282081  2876 feature_extraction.cc:281]   Features:        3049
I20261008 08:50:23.296830  2876 feature_extraction.cc:259] Processed file [49/220]
I20261008 08:50:23.298151  2876 feature_extraction.cc:262]   Name:            train/frame_0046.jpg
I20261008 08:50:23.298591  2876 feature_extraction.cc:271]   Dimensions:      1600 x 900
I20261008 08:50:23.298878  2876 feature_extraction.cc:274]   Camera:          #1 - OPENCV
I20261008 08:50:23.299357  2876 feature_extraction.cc:277]   Focal Length:    1920.00px
I20261008 08:50:23.299770  2876 feature_extraction.cc:281]   Features:        2716
I20261008 08:50:23.396864  2876 feature_extraction.cc:259] Processed file [50/220]
I20261008 08:50:23.398355  2876 feature_extraction.cc:262]   Name:            train/frame_0047.jpg
I20261008 08:50:23.404560  2876 feature_extraction.cc:271]   Dimensions:      1600 x 900
I20261008 08:50:23.405448  2876 feature_extraction.cc:274]   Camera:          #1 - OPENCV
I20261008 08:50:23.405831  2876 feature_extraction.cc:277]   Focal Length:    1920.00px
I20261008 08:50:23.406122  2876 feature_extraction.cc:281]   Features:        2684
I20261008 08:50:23.534845  2876 feature_extraction.cc:259] Processed file [51/220]
I20261008 08:50:23.537168  2876 feature_extraction.cc:262]   Name:            train/frame_0049.jpg
I20261008 08:50:23.538908  2876 feature_extraction.cc:271]   Dimensions:      1600 x 900
I20261008 08:50:23.540021  2876 feature_extraction.cc:274]   Camera:          #1 - OPENCV
I20261008 08:50:23.540478  2876 feature_extraction.cc:277]   Focal Length:    1920.00px
I20261008 08:50:23.540781  2876 feature_extraction.cc:281]   Features:        2800
I20261008 08:50:23.664656  2876 feature_extraction.cc:259] Processed file [52/220]
I20261008 08:50:23.666002  2876 feature_extraction.cc:262]   Name:            train/frame_0051.jpg
I20261008 08:50:23.668365  2876 feature_extraction.cc:271]   Dimensions:      1600 x 900
I20261008 08:50:23.668915  2876 feature_extraction.cc:274]   Camera:          #1 - OPENCV
I20261008 08:50:23.669286  2876 feature_extraction.cc:277]   Focal Length:    1920.00px
I20261008 08:50:23.669572  2876 feature_extraction.cc:281]   Features:        2550
I20261008 08:50:23.829270  2876 feature_extraction.cc:259] Processed file [53/220]
I20261008 08:50:23.836629  2876 feature_extraction.cc:262]   Name:            train/frame_0052.jpg
I20261008 08:50:23.837399  2876 feature_extraction.cc:271]   Dimensions:      1600 x 900
I20261008 08:50:23.837940  2876 feature_extraction.cc:274]   Camera:          #1 - OPENCV
I20261008 08:50:23.838217  2876 feature_extraction.cc:277]   Focal Length:    1920.00px
I20261008 08:50:23.838482  2876 feature_extraction.cc:281]   Features:        2770
I20261008 08:50:23.867009  2876 feature_extraction.cc:259] Processed file [54/220]
I20261008 08:50:23.868232  2876 feature_extraction.cc:262]   Name:            train/frame_0053.jpg
I20261008 08:50:23.868835  2876 feature_extraction.cc:271]   Dimensions:      1600 x 900
I20261008 08:50:23.869323  2876 feature_extraction.cc:274]   Camera:          #1 - OPENCV
I20261008 08:50:23.869704  2876 feature_extraction.cc:277]   Focal Length:    1920.00px
I20261008 08:50:23.870144  2876 feature_extraction.cc:281]   Features:        2543
I20261008 08:50:23.917662  2876 feature_extraction.cc:259] Processed file [55/220]
I20261008 08:50:23.919351  2876 feature_extraction.cc:262]   Name:            train/frame_0054.jpg
I20261008 08:50:23.920045  2876 feature_extraction.cc:271]   Dimensions:      1600 x 900
I20261008 08:50:23.920629  2876 feature_extraction.cc:274]   Camera:          #1 - OPENCV
I20261008 08:50:23.921066  2876 feature_extraction.cc:277]   Focal Length:    1920.00px
I20261008 08:50:23.921566  2876 feature_extraction.cc:281]   Features:        1850
I20261008 08:50:24.002094  2876 feature_extraction.cc:259] Processed file [56/220]
I20261008 08:50:24.008035  2876 feature_extraction.cc:262]   Name:            train/frame_0055.jpg
I20261008 08:50:24.008936  2876 feature_extraction.cc:271]   Dimensions:      1600 x 900
I20261008 08:50:24.009469  2876 feature_extraction.cc:274]   Camera:          #1 - OPENCV
I20261008 08:50:24.010049  2876 feature_extraction.cc:277]   Focal Length:    1920.00px
I20261008 08:50:24.010494  2876 feature_extraction.cc:281]   Features:        2197
I20261008 08:50:24.252715  2876 feature_extraction.cc:259] Processed file [57/220]
I20261008 08:50:24.255172  2876 feature_extraction.cc:262]   Name:            train/frame_0056.jpg
I20261008 08:50:24.257212  2876 feature_extraction.cc:271]   Dimensions:      1600 x 900
I20261008 08:50:24.257864  2876 feature_extraction.cc:274]   Camera:          #1 - OPENCV
I20261008 08:50:24.264025  2876 feature_extraction.cc:277]   Focal Length:    1920.00px
I20261008 08:50:24.264940  2876 feature_extraction.cc:281]   Features:        2411
I20261008 08:50:24.409471  2876 feature_extraction.cc:259] Processed file [58/220]
I20261008 08:50:24.411824  2876 feature_extraction.cc:262]   Name:            train/frame_0057.jpg
I20261008 08:50:24.412990  2876 feature_extraction.cc:271]   Dimensions:      1600 x 900
I20261008 08:50:24.416438  2876 feature_extraction.cc:274]   Camera:          #1 - OPENCV
I20261008 08:50:24.417160  2876 feature_extraction.cc:277]   Focal Length:    1920.00px
I20261008 08:50:24.417786  2876 feature_extraction.cc:281]   Features:        2617
I20261008 08:50:24.764690  2876 feature_extraction.cc:259] Processed file [59/220]
I20261008 08:50:24.766506  2876 feature_extraction.cc:262]   Name:            train/frame_0058.jpg
I20261008 08:50:24.768366  2876 feature_extraction.cc:271]   Dimensions:      1600 x 900
I20261008 08:50:24.768836  2876 feature_extraction.cc:274]   Camera:          #1 - OPENCV
I20261008 08:50:24.769320  2876 feature_extraction.cc:277]   Focal Length:    1920.00px
I20261008 08:50:24.769692  2876 feature_extraction.cc:281]   Features:        2609
I20261008 08:50:25.039177  2876 feature_extraction.cc:259] Processed file [60/220]
I20261008 08:50:25.044595  2876 feature_extraction.cc:262]   Name:            train/frame_0060.jpg
I20261008 08:50:25.046145  2876 feature_extraction.cc:271]   Dimensions:      1600 x 900
I20261008 08:50:25.047240  2876 feature_extraction.cc:274]   Camera:          #1 - OPENCV
I20261008 08:50:25.047704  2876 feature_extraction.cc:277]   Focal Length:    1920.00px
I20261008 08:50:25.048023  2876 feature_extraction.cc:281]   Features:        2551
I20261008 08:50:25.058247  2876 feature_extraction.cc:259] Processed file [61/220]
I20261008 08:50:25.060264  2876 feature_extraction.cc:262]   Name:            train/frame_0061.jpg
I20261008 08:50:25.064284  2876 feature_extraction.cc:271]   Dimensions:      1600 x 900
I20261008 08:50:25.065022  2876 feature_extraction.cc:274]   Camera:          #1 - OPENCV
I20261008 08:50:25.065582  2876 feature_extraction.cc:277]   Focal Length:    1920.00px
I20261008 08:50:25.066100  2876 feature_extraction.cc:281]   Features:        2551
I20261008 08:50:25.077986  2876 feature_extraction.cc:259] Processed file [62/220]
I20261008 08:50:25.079871  2876 feature_extraction.cc:262]   Name:            train/frame_0063.jpg
I20261008 08:50:25.084496  2876 feature_extraction.cc:271]   Dimensions:      1600 x 900
I20261008 08:50:25.085201  2876 feature_extraction.cc:274]   Camera:          #1 - OPENCV
I20261008 08:50:25.085471  2876 feature_extraction.cc:277]   Focal Length:    1920.00px
I20261008 08:50:25.085700  2876 feature_extraction.cc:281]   Features:        2448
I20261008 08:50:25.093066  2876 feature_extraction.cc:259] Processed file [63/220]
I20261008 08:50:25.094575  2876 feature_extraction.cc:262]   Name:            train/frame_0059.jpg
I20261008 08:50:25.101158  2876 feature_extraction.cc:271]   Dimensions:      1600 x 900
I20261008 08:50:25.102052  2876 feature_extraction.cc:274]   Camera:          #1 - OPENCV
I20261008 08:50:25.102468  2876 feature_extraction.cc:277]   Focal Length:    1920.00px
I20261008 08:50:25.102975  2876 feature_extraction.cc:281]   Features:        2811
I20261008 08:50:25.135465  2876 feature_extraction.cc:259] Processed file [64/220]
I20261008 08:50:25.146126  2876 feature_extraction.cc:262]   Name:            train/frame_0062.jpg
I20261008 08:50:25.148447  2876 feature_extraction.cc:271]   Dimensions:      1600 x 900
I20261008 08:50:25.148957  2876 feature_extraction.cc:274]   Camera:          #1 - OPENCV
I20261008 08:50:25.149389  2876 feature_extraction.cc:277]   Focal Length:    1920.00px
I20261008 08:50:25.149693  2876 feature_extraction.cc:281]   Features:        2334
I20261008 08:50:25.160740  2876 feature_extraction.cc:259] Processed file [65/220]
I20261008 08:50:25.168109  2876 feature_extraction.cc:262]   Name:            train/frame_0064.jpg
I20261008 08:50:25.169551  2876 feature_extraction.cc:271]   Dimensions:      1600 x 900
I20261008 08:50:25.171280  2876 feature_extraction.cc:274]   Camera:          #1 - OPENCV
I20261008 08:50:25.171890  2876 feature_extraction.cc:277]   Focal Length:    1920.00px
I20261008 08:50:25.172210  2876 feature_extraction.cc:281]   Features:        2403
I20261008 08:50:25.262084  2876 feature_extraction.cc:259] Processed file [66/220]
I20261008 08:50:25.263633  2876 feature_extraction.cc:262]   Name:            train/frame_0065.jpg
I20261008 08:50:25.264147  2876 feature_extraction.cc:271]   Dimensions:      1600 x 900
I20261008 08:50:25.264678  2876 feature_extraction.cc:274]   Camera:          #1 - OPENCV
I20261008 08:50:25.268169  2876 feature_extraction.cc:277]   Focal Length:    1920.00px
I20261008 08:50:25.269750  2876 feature_extraction.cc:281]   Features:        2356
I20261008 08:50:25.353468  2876 feature_extraction.cc:259] Processed file [67/220]
I20261008 08:50:25.355198  2876 feature_extraction.cc:262]   Name:            train/frame_0066.jpg
I20261008 08:50:25.364542  2876 feature_extraction.cc:271]   Dimensions:      1600 x 900
I20261008 08:50:25.365514  2876 feature_extraction.cc:274]   Camera:          #1 - OPENCV
I20261008 08:50:25.367553  2876 feature_extraction.cc:277]   Focal Length:    1920.00px
I20261008 08:50:25.368331  2876 feature_extraction.cc:281]   Features:        2438
I20261008 08:50:25.496802  2876 feature_extraction.cc:259] Processed file [68/220]
I20261008 08:50:25.498471  2876 feature_extraction.cc:262]   Name:            train/frame_0067.jpg
I20261008 08:50:25.499017  2876 feature_extraction.cc:271]   Dimensions:      1600 x 900
I20261008 08:50:25.499783  2876 feature_extraction.cc:274]   Camera:          #1 - OPENCV
I20261008 08:50:25.501398  2876 feature_extraction.cc:277]   Focal Length:    1920.00px
I20261008 08:50:25.508119  2876 feature_extraction.cc:281]   Features:        2670
I20261008 08:50:25.633432  2876 feature_extraction.cc:259] Processed file [69/220]
I20261008 08:50:25.635026  2876 feature_extraction.cc:262]   Name:            train/frame_0068.jpg
I20261008 08:50:25.640520  2876 feature_extraction.cc:271]   Dimensions:      1600 x 900
I20261008 08:50:25.641460  2876 feature_extraction.cc:274]   Camera:          #1 - OPENCV
I20261008 08:50:25.642088  2876 feature_extraction.cc:277]   Focal Length:    1920.00px
I20261008 08:50:25.642542  2876 feature_extraction.cc:281]   Features:        2259
I20261008 08:50:25.726951  2876 feature_extraction.cc:259] Processed file [70/220]
I20261008 08:50:25.732687  2876 feature_extraction.cc:262]   Name:            train/frame_0069.jpg
I20261008 08:50:25.733639  2876 feature_extraction.cc:271]   Dimensions:      1600 x 900
I20261008 08:50:25.733922  2876 feature_extraction.cc:274]   Camera:          #1 - OPENCV
I20261008 08:50:25.734275  2876 feature_extraction.cc:277]   Focal Length:    1920.00px
I20261008 08:50:25.734668  2876 feature_extraction.cc:281]   Features:        2398
I20261008 08:50:25.749809  2876 feature_extraction.cc:259] Processed file [71/220]
I20261008 08:50:25.751682  2876 feature_extraction.cc:262]   Name:            train/frame_0070.jpg
I20261008 08:50:25.753957  2876 feature_extraction.cc:271]   Dimensions:      1600 x 900
I20261008 08:50:25.754789  2876 feature_extraction.cc:274]   Camera:          #1 - OPENCV
I20261008 08:50:25.755255  2876 feature_extraction.cc:277]   Focal Length:    1920.00px
I20261008 08:50:25.755651  2876 feature_extraction.cc:281]   Features:        2343
I20261008 08:50:25.868217  2876 feature_extraction.cc:259] Processed file [72/220]
I20261008 08:50:25.869531  2876 feature_extraction.cc:262]   Name:            train/frame_0071.jpg
I20261008 08:50:25.870823  2876 feature_extraction.cc:271]   Dimensions:      1600 x 900
I20261008 08:50:25.871575  2876 feature_extraction.cc:274]   Camera:          #1 - OPENCV
I20261008 08:50:25.871985  2876 feature_extraction.cc:277]   Focal Length:    1920.00px
I20261008 08:50:25.872403  2876 feature_extraction.cc:281]   Features:        2585
I20261008 08:50:26.197288  2876 feature_extraction.cc:259] Processed file [73/220]
I20261008 08:50:26.204264  2876 feature_extraction.cc:262]   Name:            train/frame_0072.jpg
I20261008 08:50:26.205662  2876 feature_extraction.cc:271]   Dimensions:      1600 x 900
I20261008 08:50:26.206146  2876 feature_extraction.cc:274]   Camera:          #1 - OPENCV
I20261008 08:50:26.206614  2876 feature_extraction.cc:277]   Focal Length:    1920.00px
I20261008 08:50:26.206897  2876 feature_extraction.cc:281]   Features:        2708
I20261008 08:50:26.254693  2876 feature_extraction.cc:259] Processed file [74/220]
I20261008 08:50:26.256398  2876 feature_extraction.cc:262]   Name:            train/frame_0073.jpg
I20261008 08:50:26.256950  2876 feature_extraction.cc:271]   Dimensions:      1600 x 900
I20261008 08:50:26.258468  2876 feature_extraction.cc:274]   Camera:          #1 - OPENCV
I20261008 08:50:26.259191  2876 feature_extraction.cc:277]   Focal Length:    1920.00px
I20261008 08:50:26.259729  2876 feature_extraction.cc:281]   Features:        2436
I20261008 08:50:26.736223  2876 feature_extraction.cc:259] Processed file [75/220]
I20261008 08:50:26.738557  2876 feature_extraction.cc:262]   Name:            train/frame_0074.jpg
I20261008 08:50:26.739197  2876 feature_extraction.cc:271]   Dimensions:      1600 x 900
I20261008 08:50:26.739548  2876 feature_extraction.cc:274]   Camera:          #1 - OPENCV
I20261008 08:50:26.739894  2876 feature_extraction.cc:277]   Focal Length:    1920.00px
I20261008 08:50:26.740749  2876 feature_extraction.cc:281]   Features:        2540
I20261008 08:50:27.052030  2876 feature_extraction.cc:259] Processed file [76/220]
I20261008 08:50:27.056850  2876 feature_extraction.cc:262]   Name:            train/frame_0076.jpg
I20261008 08:50:27.057550  2876 feature_extraction.cc:271]   Dimensions:      1600 x 900
I20261008 08:50:27.058001  2876 feature_extraction.cc:274]   Camera:          #1 - OPENCV
I20261008 08:50:27.058357  2876 feature_extraction.cc:277]   Focal Length:    1920.00px
I20261008 08:50:27.058647  2876 feature_extraction.cc:281]   Features:        2144
I20261008 08:50:27.078294  2876 feature_extraction.cc:259] Processed file [77/220]
I20261008 08:50:27.088162  2876 feature_extraction.cc:262]   Name:            train/frame_0075.jpg
I20261008 08:50:27.089504  2876 feature_extraction.cc:271]   Dimensions:      1600 x 900
I20261008 08:50:27.089990  2876 feature_extraction.cc:274]   Camera:          #1 - OPENCV
I20261008 08:50:27.090435  2876 feature_extraction.cc:277]   Focal Length:    1920.00px
I20261008 08:50:27.091076  2876 feature_extraction.cc:281]   Features:        2524
I20261008 08:50:27.098507  2876 feature_extraction.cc:259] Processed file [78/220]
I20261008 08:50:27.101593  2876 feature_extraction.cc:262]   Name:            train/frame_0078.jpg
I20261008 08:50:27.102320  2876 feature_extraction.cc:271]   Dimensions:      1600 x 900
I20261008 08:50:27.102875  2876 feature_extraction.cc:274]   Camera:          #1 - OPENCV
I20261008 08:50:27.103468  2876 feature_extraction.cc:277]   Focal Length:    1920.00px
I20261008 08:50:27.104188  2876 feature_extraction.cc:281]   Features:        2184
I20261008 08:50:27.119550  2876 feature_extraction.cc:259] Processed file [79/220]
I20261008 08:50:27.121074  2876 feature_extraction.cc:262]   Name:            train/frame_0077.jpg
I20261008 08:50:27.121833  2876 feature_extraction.cc:271]   Dimensions:      1600 x 900
I20261008 08:50:27.122256  2876 feature_extraction.cc:274]   Camera:          #1 - OPENCV
I20261008 08:50:27.122593  2876 feature_extraction.cc:277]   Focal Length:    1920.00px
I20261008 08:50:27.122881  2876 feature_extraction.cc:281]   Features:        2379
I20261008 08:50:27.146322  2876 feature_extraction.cc:259] Processed file [80/220]
I20261008 08:50:27.152532  2876 feature_extraction.cc:262]   Name:            train/frame_0080.jpg
I20261008 08:50:27.154832  2876 feature_extraction.cc:271]   Dimensions:      1600 x 900
I20261008 08:50:27.155431  2876 feature_extraction.cc:274]   Camera:          #1 - OPENCV
I20261008 08:50:27.155771  2876 feature_extraction.cc:277]   Focal Length:    1920.00px
I20261008 08:50:27.156286  2876 feature_extraction.cc:281]   Features:        2487
I20261008 08:50:27.161405  2876 feature_extraction.cc:259] Processed file [81/220]
I20261008 08:50:27.163239  2876 feature_extraction.cc:262]   Name:            train/frame_0079.jpg
I20261008 08:50:27.163838  2876 feature_extraction.cc:271]   Dimensions:      1600 x 900
I20261008 08:50:27.164552  2876 feature_extraction.cc:274]   Camera:          #1 - OPENCV
I20261008 08:50:27.164951  2876 feature_extraction.cc:277]   Focal Length:    1920.00px
I20261008 08:50:27.165469  2876 feature_extraction.cc:281]   Features:        2510
I20261008 08:50:27.185514  2876 feature_extraction.cc:259] Processed file [82/220]
I20261008 08:50:27.192705  2876 feature_extraction.cc:262]   Name:            train/frame_0081.jpg
I20261008 08:50:27.193451  2876 feature_extraction.cc:271]   Dimensions:      1600 x 900
I20261008 08:50:27.193805  2876 feature_extraction.cc:274]   Camera:          #1 - OPENCV
I20261008 08:50:27.194096  2876 feature_extraction.cc:277]   Focal Length:    1920.00px
I20261008 08:50:27.194480  2876 feature_extraction.cc:281]   Features:        2540
I20261008 08:50:27.376595  2876 feature_extraction.cc:259] Processed file [83/220]
I20261008 08:50:27.378685  2876 feature_extraction.cc:262]   Name:            train/frame_0082.jpg
I20261008 08:50:27.379446  2876 feature_extraction.cc:271]   Dimensions:      1600 x 900
I20261008 08:50:27.380004  2876 feature_extraction.cc:274]   Camera:          #1 - OPENCV
I20261008 08:50:27.380390  2876 feature_extraction.cc:277]   Focal Length:    1920.00px
I20261008 08:50:27.380797  2876 feature_extraction.cc:281]   Features:        2476
I20261008 08:50:27.430091  2876 feature_extraction.cc:259] Processed file [84/220]
I20261008 08:50:27.431494  2876 feature_extraction.cc:262]   Name:            train/frame_0083.jpg
I20261008 08:50:27.432356  2876 feature_extraction.cc:271]   Dimensions:      1600 x 900
I20261008 08:50:27.432890  2876 feature_extraction.cc:274]   Camera:          #1 - OPENCV
I20261008 08:50:27.433857  2876 feature_extraction.cc:277]   Focal Length:    1920.00px
I20261008 08:50:27.434408  2876 feature_extraction.cc:281]   Features:        2167
I20261008 08:50:27.566855  2876 feature_extraction.cc:259] Processed file [85/220]
I20261008 08:50:27.568706  2876 feature_extraction.cc:262]   Name:            train/frame_0084.jpg
I20261008 08:50:27.569288  2876 feature_extraction.cc:271]   Dimensions:      1600 x 900
I20261008 08:50:27.571386  2876 feature_extraction.cc:274]   Camera:          #1 - OPENCV
I20261008 08:50:27.575240  2876 feature_extraction.cc:277]   Focal Length:    1920.00px
I20261008 08:50:27.579531  2876 feature_extraction.cc:281]   Features:        2503
I20261008 08:50:27.708930  2876 feature_extraction.cc:259] Processed file [86/220]
I20261008 08:50:27.709905  2876 feature_extraction.cc:262]   Name:            train/frame_0085.jpg
I20261008 08:50:27.710318  2876 feature_extraction.cc:271]   Dimensions:      1600 x 900
I20261008 08:50:27.710668  2876 feature_extraction.cc:274]   Camera:          #1 - OPENCV
I20261008 08:50:27.711197  2876 feature_extraction.cc:277]   Focal Length:    1920.00px
I20261008 08:50:27.711707  2876 feature_extraction.cc:281]   Features:        2421
I20261008 08:50:27.735847  2876 feature_extraction.cc:259] Processed file [87/220]
I20261008 08:50:27.737334  2876 feature_extraction.cc:262]   Name:            train/frame_0086.jpg
I20261008 08:50:27.738114  2876 feature_extraction.cc:271]   Dimensions:      1600 x 900
I20261008 08:50:27.738627  2876 feature_extraction.cc:274]   Camera:          #1 - OPENCV
I20261008 08:50:27.739077  2876 feature_extraction.cc:277]   Focal Length:    1920.00px
I20261008 08:50:27.741618  2876 feature_extraction.cc:281]   Features:        2384
I20261008 08:50:27.816671  2876 feature_extraction.cc:259] Processed file [88/220]
I20261008 08:50:27.818038  2876 feature_extraction.cc:262]   Name:            train/frame_0087.jpg
I20261008 08:50:27.818768  2876 feature_extraction.cc:271]   Dimensions:      1600 x 900
I20261008 08:50:27.819171  2876 feature_extraction.cc:274]   Camera:          #1 - OPENCV
I20261008 08:50:27.819649  2876 feature_extraction.cc:277]   Focal Length:    1920.00px
I20261008 08:50:27.820173  2876 feature_extraction.cc:281]   Features:        2455
I20261008 08:50:28.232065  2876 feature_extraction.cc:259] Processed file [89/220]
I20261008 08:50:28.234488  2876 feature_extraction.cc:262]   Name:            train/frame_0089.jpg
I20261008 08:50:28.235486  2876 feature_extraction.cc:271]   Dimensions:      1600 x 900
I20261008 08:50:28.236075  2876 feature_extraction.cc:274]   Camera:          #1 - OPENCV
I20261008 08:50:28.236615  2876 feature_extraction.cc:277]   Focal Length:    1920.00px
I20261008 08:50:28.237634  2876 feature_extraction.cc:281]   Features:        2265
I20261008 08:50:28.262961  2876 feature_extraction.cc:259] Processed file [90/220]
I20261008 08:50:28.264873  2876 feature_extraction.cc:262]   Name:            train/frame_0088.jpg
I20261008 08:50:28.265904  2876 feature_extraction.cc:271]   Dimensions:      1600 x 900
I20261008 08:50:28.268150  2876 feature_extraction.cc:274]   Camera:          #1 - OPENCV
I20261008 08:50:28.268752  2876 feature_extraction.cc:277]   Focal Length:    1920.00px
I20261008 08:50:28.269282  2876 feature_extraction.cc:281]   Features:        2454
I20261008 08:50:28.909933  2876 feature_extraction.cc:259] Processed file [91/220]
I20261008 08:50:28.912425  2876 feature_extraction.cc:262]   Name:            train/frame_0090.jpg
I20261008 08:50:28.913287  2876 feature_extraction.cc:271]   Dimensions:      1600 x 900
I20261008 08:50:28.913724  2876 feature_extraction.cc:274]   Camera:          #1 - OPENCV
I20261008 08:50:28.914083  2876 feature_extraction.cc:277]   Focal Length:    1920.00px
I20261008 08:50:28.914569  2876 feature_extraction.cc:281]   Features:        2385
I20261008 08:50:29.193022  2876 feature_extraction.cc:259] Processed file [92/220]
I20261008 08:50:29.194231  2876 feature_extraction.cc:262]   Name:            train/frame_0096.jpg
I20261008 08:50:29.194994  2876 feature_extraction.cc:271]   Dimensions:      1600 x 900
I20261008 08:50:29.195618  2876 feature_extraction.cc:274]   Camera:          #1 - OPENCV
I20261008 08:50:29.196055  2876 feature_extraction.cc:277]   Focal Length:    1920.00px
I20261008 08:50:29.196777  2876 feature_extraction.cc:281]   Features:        2150
I20261008 08:50:29.230803  2876 feature_extraction.cc:259] Processed file [93/220]
I20261008 08:50:29.232532  2876 feature_extraction.cc:262]   Name:            train/frame_0097.jpg
I20261008 08:50:29.233657  2876 feature_extraction.cc:271]   Dimensions:      1600 x 900
I20261008 08:50:29.234213  2876 feature_extraction.cc:274]   Camera:          #1 - OPENCV
I20261008 08:50:29.234603  2876 feature_extraction.cc:277]   Focal Length:    1920.00px
I20261008 08:50:29.235205  2876 feature_extraction.cc:281]   Features:        2059
I20261008 08:50:29.237404  2876 feature_extraction.cc:259] Processed file [94/220]
I20261008 08:50:29.238466  2876 feature_extraction.cc:262]   Name:            train/frame_0092.jpg
I20261008 08:50:29.239341  2876 feature_extraction.cc:271]   Dimensions:      1600 x 900
I20261008 08:50:29.239696  2876 feature_extraction.cc:274]   Camera:          #1 - OPENCV
I20261008 08:50:29.240200  2876 feature_extraction.cc:277]   Focal Length:    1920.00px
I20261008 08:50:29.241171  2876 feature_extraction.cc:281]   Features:        2573
I20261008 08:50:29.298159  2876 feature_extraction.cc:259] Processed file [95/220]
I20261008 08:50:29.300834  2876 feature_extraction.cc:262]   Name:            train/frame_0091.jpg
I20261008 08:50:29.301815  2876 feature_extraction.cc:271]   Dimensions:      1600 x 900
I20261008 08:50:29.302363  2876 feature_extraction.cc:274]   Camera:          #1 - OPENCV
I20261008 08:50:29.303097  2876 feature_extraction.cc:277]   Focal Length:    1920.00px
I20261008 08:50:29.303617  2876 feature_extraction.cc:281]   Features:        2348
I20261008 08:50:29.321452  2876 feature_extraction.cc:259] Processed file [96/220]
I20261008 08:50:29.322753  2876 feature_extraction.cc:262]   Name:            train/frame_0093.jpg
I20261008 08:50:29.323462  2876 feature_extraction.cc:271]   Dimensions:      1600 x 900
I20261008 08:50:29.324225  2876 feature_extraction.cc:274]   Camera:          #1 - OPENCV
I20261008 08:50:29.325031  2876 feature_extraction.cc:277]   Focal Length:    1920.00px
I20261008 08:50:29.325711  2876 feature_extraction.cc:281]   Features:        2216
I20261008 08:50:29.340675  2876 feature_extraction.cc:259] Processed file [97/220]
I20261008 08:50:29.343029  2876 feature_extraction.cc:262]   Name:            train/frame_0094.jpg
I20261008 08:50:29.343760  2876 feature_extraction.cc:271]   Dimensions:      1600 x 900
I20261008 08:50:29.344971  2876 feature_extraction.cc:274]   Camera:          #1 - OPENCV
I20261008 08:50:29.345969  2876 feature_extraction.cc:277]   Focal Length:    1920.00px
I20261008 08:50:29.346618  2876 feature_extraction.cc:281]   Features:        2295
I20261008 08:50:29.359896  2876 feature_extraction.cc:259] Processed file [98/220]
I20261008 08:50:29.361935  2876 feature_extraction.cc:262]   Name:            train/frame_0095.jpg
I20261008 08:50:29.362828  2876 feature_extraction.cc:271]   Dimensions:      1600 x 900
I20261008 08:50:29.363497  2876 feature_extraction.cc:274]   Camera:          #1 - OPENCV
I20261008 08:50:29.364079  2876 feature_extraction.cc:277]   Focal Length:    1920.00px
I20261008 08:50:29.364593  2876 feature_extraction.cc:281]   Features:        2079
I20261008 08:50:29.502353  2876 feature_extraction.cc:259] Processed file [99/220]
I20261008 08:50:29.504999  2876 feature_extraction.cc:262]   Name:            train/frame_0098.jpg
I20261008 08:50:29.506165  2876 feature_extraction.cc:271]   Dimensions:      1600 x 900
I20261008 08:50:29.507014  2876 feature_extraction.cc:274]   Camera:          #1 - OPENCV
I20261008 08:50:29.507633  2876 feature_extraction.cc:277]   Focal Length:    1920.00px
I20261008 08:50:29.508204  2876 feature_extraction.cc:281]   Features:        1894
I20261008 08:50:29.531085  2876 feature_extraction.cc:259] Processed file [100/220]
I20261008 08:50:29.533015  2876 feature_extraction.cc:262]   Name:            train/frame_0099.jpg
I20261008 08:50:29.533799  2876 feature_extraction.cc:271]   Dimensions:      1600 x 900
I20261008 08:50:29.534483  2876 feature_extraction.cc:274]   Camera:          #1 - OPENCV
I20261008 08:50:29.534950  2876 feature_extraction.cc:277]   Focal Length:    1920.00px
I20261008 08:50:29.535470  2876 feature_extraction.cc:281]   Features:        2051
I20261008 08:50:29.561468  2876 feature_extraction.cc:259] Processed file [101/220]
I20261008 08:50:29.563858  2876 feature_extraction.cc:262]   Name:            train/frame_0100.jpg
I20261008 08:50:29.564781  2876 feature_extraction.cc:271]   Dimensions:      1600 x 900
I20261008 08:50:29.565387  2876 feature_extraction.cc:274]   Camera:          #1 - OPENCV
I20261008 08:50:29.565989  2876 feature_extraction.cc:277]   Focal Length:    1920.00px
I20261008 08:50:29.566977  2876 feature_extraction.cc:281]   Features:        2144
I20261008 08:50:29.784832  2876 feature_extraction.cc:259] Processed file [102/220]
I20261008 08:50:29.786162  2876 feature_extraction.cc:262]   Name:            train/frame_0103.jpg
I20261008 08:50:29.787585  2876 feature_extraction.cc:271]   Dimensions:      1600 x 900
I20261008 08:50:29.788823  2876 feature_extraction.cc:274]   Camera:          #1 - OPENCV
I20261008 08:50:29.789448  2876 feature_extraction.cc:277]   Focal Length:    1920.00px
I20261008 08:50:29.790112  2876 feature_extraction.cc:281]   Features:        1639
I20261008 08:50:29.816367  2876 feature_extraction.cc:259] Processed file [103/220]
I20261008 08:50:29.817754  2876 feature_extraction.cc:262]   Name:            train/frame_0101.jpg
I20261008 08:50:29.818256  2876 feature_extraction.cc:271]   Dimensions:      1600 x 900
I20261008 08:50:29.818970  2876 feature_extraction.cc:274]   Camera:          #1 - OPENCV
I20261008 08:50:29.819581  2876 feature_extraction.cc:277]   Focal Length:    1920.00px
I20261008 08:50:29.820041  2876 feature_extraction.cc:281]   Features:        2357
I20261008 08:50:29.835986  2876 feature_extraction.cc:259] Processed file [104/220]
I20261008 08:50:29.837549  2876 feature_extraction.cc:262]   Name:            train/frame_0102.jpg
I20261008 08:50:29.838296  2876 feature_extraction.cc:271]   Dimensions:      1600 x 900
I20261008 08:50:29.838812  2876 feature_extraction.cc:274]   Camera:          #1 - OPENCV
I20261008 08:50:29.839257  2876 feature_extraction.cc:277]   Focal Length:    1920.00px
I20261008 08:50:29.839754  2876 feature_extraction.cc:281]   Features:        2162
I20261008 08:50:30.265168  2876 feature_extraction.cc:259] Processed file [105/220]
I20261008 08:50:30.267441  2876 feature_extraction.cc:262]   Name:            train/frame_0105.jpg
I20261008 08:50:30.268114  2876 feature_extraction.cc:271]   Dimensions:      1600 x 900
I20261008 08:50:30.268545  2876 feature_extraction.cc:274]   Camera:          #1 - OPENCV
I20261008 08:50:30.269018  2876 feature_extraction.cc:277]   Focal Length:    1920.00px
I20261008 08:50:30.269512  2876 feature_extraction.cc:281]   Features:        2098
I20261008 08:50:30.376355  2876 feature_extraction.cc:259] Processed file [106/220]
I20261008 08:50:30.377564  2876 feature_extraction.cc:262]   Name:            train/frame_0104.jpg
I20261008 08:50:30.378252  2876 feature_extraction.cc:271]   Dimensions:      1600 x 900
I20261008 08:50:30.378974  2876 feature_extraction.cc:274]   Camera:          #1 - OPENCV
I20261008 08:50:30.379565  2876 feature_extraction.cc:277]   Focal Length:    1920.00px
I20261008 08:50:30.380311  2876 feature_extraction.cc:281]   Features:        2178
I20261008 08:50:30.816063  2876 feature_extraction.cc:259] Processed file [107/220]
I20261008 08:50:30.817955  2876 feature_extraction.cc:262]   Name:            train/frame_0106.jpg
I20261008 08:50:30.819136  2876 feature_extraction.cc:271]   Dimensions:      1600 x 900
I20261008 08:50:30.820212  2876 feature_extraction.cc:274]   Camera:          #1 - OPENCV
I20261008 08:50:30.820779  2876 feature_extraction.cc:277]   Focal Length:    1920.00px
I20261008 08:50:30.821525  2876 feature_extraction.cc:281]   Features:        1873
I20261008 08:50:31.008634  2876 feature_extraction.cc:259] Processed file [108/220]
I20261008 08:50:31.012869  2876 feature_extraction.cc:262]   Name:            train/frame_0108.jpg
I20261008 08:50:31.013896  2876 feature_extraction.cc:271]   Dimensions:      1600 x 900
I20261008 08:50:31.014235  2876 feature_extraction.cc:274]   Camera:          #1 - OPENCV
I20261008 08:50:31.014737  2876 feature_extraction.cc:277]   Focal Length:    1920.00px
I20261008 08:50:31.017005  2876 feature_extraction.cc:281]   Features:        1695
I20261008 08:50:31.060334  2876 feature_extraction.cc:259] Processed file [109/220]
I20261008 08:50:31.062822  2876 feature_extraction.cc:262]   Name:            train/frame_0109.jpg
I20261008 08:50:31.063337  2876 feature_extraction.cc:271]   Dimensions:      1600 x 900
I20261008 08:50:31.063758  2876 feature_extraction.cc:274]   Camera:          #1 - OPENCV
I20261008 08:50:31.068022  2876 feature_extraction.cc:277]   Focal Length:    1920.00px
I20261008 08:50:31.068876  2876 feature_extraction.cc:281]   Features:        1399
I20261008 08:50:31.093885  2876 feature_extraction.cc:259] Processed file [110/220]
I20261008 08:50:31.098670  2876 feature_extraction.cc:262]   Name:            train/frame_0107.jpg
I20261008 08:50:31.099337  2876 feature_extraction.cc:271]   Dimensions:      1600 x 900
I20261008 08:50:31.099700  2876 feature_extraction.cc:274]   Camera:          #1 - OPENCV
I20261008 08:50:31.100373  2876 feature_extraction.cc:277]   Focal Length:    1920.00px
I20261008 08:50:31.100906  2876 feature_extraction.cc:281]   Features:        1988
I20261008 08:50:31.120977  2876 feature_extraction.cc:259] Processed file [111/220]
I20261008 08:50:31.122889  2876 feature_extraction.cc:262]   Name:            train/frame_0110.jpg
I20261008 08:50:31.123600  2876 feature_extraction.cc:271]   Dimensions:      1600 x 900
I20261008 08:50:31.124341  2876 feature_extraction.cc:274]   Camera:          #1 - OPENCV
I20261008 08:50:31.129148  2876 feature_extraction.cc:277]   Focal Length:    1920.00px
I20261008 08:50:31.130434  2876 feature_extraction.cc:281]   Features:        1723
I20261008 08:50:31.166019  2876 feature_extraction.cc:259] Processed file [112/220]
I20261008 08:50:31.168107  2876 feature_extraction.cc:262]   Name:            train/frame_0113.jpg
I20261008 08:50:31.172058  2876 feature_extraction.cc:271]   Dimensions:      1600 x 900
I20261008 08:50:31.175156  2876 feature_extraction.cc:274]   Camera:          #1 - OPENCV
I20261008 08:50:31.175899  2876 feature_extraction.cc:277]   Focal Length:    1920.00px
I20261008 08:50:31.176417  2876 feature_extraction.cc:281]   Features:        1440
I20261008 08:50:31.185184  2876 feature_extraction.cc:259] Processed file [113/220]
I20261008 08:50:31.187372  2876 feature_extraction.cc:262]   Name:            train/frame_0111.jpg
I20261008 08:50:31.187917  2876 feature_extraction.cc:271]   Dimensions:      1600 x 900
I20261008 08:50:31.188405  2876 feature_extraction.cc:274]   Camera:          #1 - OPENCV
I20261008 08:50:31.188829  2876 feature_extraction.cc:277]   Focal Length:    1920.00px
I20261008 08:50:31.189675  2876 feature_extraction.cc:281]   Features:        1446
I20261008 08:50:31.211409  2876 feature_extraction.cc:259] Processed file [114/220]
I20261008 08:50:31.212954  2876 feature_extraction.cc:262]   Name:            train/frame_0112.jpg
I20261008 08:50:31.213219  2876 feature_extraction.cc:271]   Dimensions:      1600 x 900
I20261008 08:50:31.213558  2876 feature_extraction.cc:274]   Camera:          #1 - OPENCV
I20261008 08:50:31.213984  2876 feature_extraction.cc:277]   Focal Length:    1920.00px
I20261008 08:50:31.214576  2876 feature_extraction.cc:281]   Features:        1488
I20261008 08:50:31.357482  2876 feature_extraction.cc:259] Processed file [115/220]
I20261008 08:50:31.360020  2876 feature_extraction.cc:262]   Name:            train/frame_0115.jpg
I20261008 08:50:31.360901  2876 feature_extraction.cc:271]   Dimensions:      1600 x 900
I20261008 08:50:31.362689  2876 feature_extraction.cc:274]   Camera:          #1 - OPENCV
I20261008 08:50:31.363274  2876 feature_extraction.cc:277]   Focal Length:    1920.00px
I20261008 08:50:31.364248  2876 feature_extraction.cc:281]   Features:        1427
I20261008 08:50:31.393160  2876 feature_extraction.cc:259] Processed file [116/220]
I20261008 08:50:31.396533  2876 feature_extraction.cc:262]   Name:            train/frame_0116.jpg
I20261008 08:50:31.397123  2876 feature_extraction.cc:271]   Dimensions:      1600 x 900
I20261008 08:50:31.397408  2876 feature_extraction.cc:274]   Camera:          #1 - OPENCV
I20261008 08:50:31.397819  2876 feature_extraction.cc:277]   Focal Length:    1920.00px
I20261008 08:50:31.398185  2876 feature_extraction.cc:281]   Features:        1371
I20261008 08:50:31.430186  2876 feature_extraction.cc:259] Processed file [117/220]
I20261008 08:50:31.432166  2876 feature_extraction.cc:262]   Name:            train/frame_0114.jpg
I20261008 08:50:31.433825  2876 feature_extraction.cc:271]   Dimensions:      1600 x 900
I20261008 08:50:31.434520  2876 feature_extraction.cc:274]   Camera:          #1 - OPENCV
I20261008 08:50:31.437269  2876 feature_extraction.cc:277]   Focal Length:    1920.00px
I20261008 08:50:31.437997  2876 feature_extraction.cc:281]   Features:        1580
I20261008 08:50:31.632730  2876 feature_extraction.cc:259] Processed file [118/220]
I20261008 08:50:31.635463  2876 feature_extraction.cc:262]   Name:            train/frame_0119.jpg
I20261008 08:50:31.640622  2876 feature_extraction.cc:271]   Dimensions:      1600 x 900
I20261008 08:50:31.641763  2876 feature_extraction.cc:274]   Camera:          #1 - OPENCV
I20261008 08:50:31.642192  2876 feature_extraction.cc:277]   Focal Length:    1920.00px
I20261008 08:50:31.642584  2876 feature_extraction.cc:281]   Features:        1305
I20261008 08:50:31.655310  2876 feature_extraction.cc:259] Processed file [119/220]
I20261008 08:50:31.660579  2876 feature_extraction.cc:262]   Name:            train/frame_0117.jpg
I20261008 08:50:31.661706  2876 feature_extraction.cc:271]   Dimensions:      1600 x 900
I20261008 08:50:31.662323  2876 feature_extraction.cc:274]   Camera:          #1 - OPENCV
I20261008 08:50:31.662657  2876 feature_extraction.cc:277]   Focal Length:    1920.00px
I20261008 08:50:31.663096  2876 feature_extraction.cc:281]   Features:        1289
I20261008 08:50:31.676406  2876 feature_extraction.cc:259] Processed file [120/220]
I20261008 08:50:31.678472  2876 feature_extraction.cc:262]   Name:            train/frame_0118.jpg
I20261008 08:50:31.679051  2876 feature_extraction.cc:271]   Dimensions:      1600 x 900
I20261008 08:50:31.680459  2876 feature_extraction.cc:274]   Camera:          #1 - OPENCV
I20261008 08:50:31.681082  2876 feature_extraction.cc:277]   Focal Length:    1920.00px
I20261008 08:50:31.681464  2876 feature_extraction.cc:281]   Features:        1432
I20261008 08:50:32.118616  2876 feature_extraction.cc:259] Processed file [121/220]
I20261008 08:50:32.121389  2876 feature_extraction.cc:262]   Name:            train/frame_0120.jpg
I20261008 08:50:32.124608  2876 feature_extraction.cc:271]   Dimensions:      1600 x 900
I20261008 08:50:32.125339  2876 feature_extraction.cc:274]   Camera:          #1 - OPENCV
I20261008 08:50:32.128913  2876 feature_extraction.cc:277]   Focal Length:    1920.00px
I20261008 08:50:32.129740  2876 feature_extraction.cc:281]   Features:        1072
I20261008 08:50:32.276048  2876 feature_extraction.cc:259] Processed file [122/220]
I20261008 08:50:32.277464  2876 feature_extraction.cc:262]   Name:            train/frame_0121.jpg
I20261008 08:50:32.284536  2876 feature_extraction.cc:271]   Dimensions:      1600 x 900
I20261008 08:50:32.285539  2876 feature_extraction.cc:274]   Camera:          #1 - OPENCV
I20261008 08:50:32.286252  2876 feature_extraction.cc:277]   Focal Length:    1920.00px
I20261008 08:50:32.286635  2876 feature_extraction.cc:281]   Features:        1060
I20261008 08:50:32.697661  2876 feature_extraction.cc:259] Processed file [123/220]
I20261008 08:50:32.699712  2876 feature_extraction.cc:262]   Name:            train/frame_0122.jpg
I20261008 08:50:32.708133  2876 feature_extraction.cc:271]   Dimensions:      1600 x 900
I20261008 08:50:32.709746  2876 feature_extraction.cc:274]   Camera:          #1 - OPENCV
I20261008 08:50:32.710561  2876 feature_extraction.cc:277]   Focal Length:    1920.00px
I20261008 08:50:32.711372  2876 feature_extraction.cc:281]   Features:        1011
I20261008 08:50:32.786044  2876 feature_extraction.cc:259] Processed file [124/220]
I20261008 08:50:32.792650  2876 feature_extraction.cc:262]   Name:            train/frame_0123.jpg
I20261008 08:50:32.793530  2876 feature_extraction.cc:271]   Dimensions:      1600 x 900
I20261008 08:50:32.794606  2876 feature_extraction.cc:274]   Camera:          #1 - OPENCV
I20261008 08:50:32.794996  2876 feature_extraction.cc:277]   Focal Length:    1920.00px
I20261008 08:50:32.795503  2876 feature_extraction.cc:281]   Features:        629
I20261008 08:50:32.901296  2876 feature_extraction.cc:259] Processed file [125/220]
I20261008 08:50:32.908192  2876 feature_extraction.cc:262]   Name:            train/frame_0124.jpg
I20261008 08:50:32.909822  2876 feature_extraction.cc:271]   Dimensions:      1600 x 900
I20261008 08:50:32.910557  2876 feature_extraction.cc:274]   Camera:          #1 - OPENCV
I20261008 08:50:32.911114  2876 feature_extraction.cc:277]   Focal Length:    1920.00px
I20261008 08:50:32.911625  2876 feature_extraction.cc:281]   Features:        674
I20261008 08:50:32.922838  2876 feature_extraction.cc:259] Processed file [126/220]
I20261008 08:50:32.928619  2876 feature_extraction.cc:262]   Name:            train/frame_0127.jpg
I20261008 08:50:32.929661  2876 feature_extraction.cc:271]   Dimensions:      1600 x 900
I20261008 08:50:32.930133  2876 feature_extraction.cc:274]   Camera:          #1 - OPENCV
I20261008 08:50:32.930413  2876 feature_extraction.cc:277]   Focal Length:    1920.00px
I20261008 08:50:32.930863  2876 feature_extraction.cc:281]   Features:        298
I20261008 08:50:32.939569  2876 feature_extraction.cc:259] Processed file [127/220]
I20261008 08:50:32.941447  2876 feature_extraction.cc:262]   Name:            train/frame_0129.jpg
I20261008 08:50:32.943878  2876 feature_extraction.cc:271]   Dimensions:      1600 x 900
I20261008 08:50:32.946348  2876 feature_extraction.cc:274]   Camera:          #1 - OPENCV
I20261008 08:50:32.948011  2876 feature_extraction.cc:277]   Focal Length:    1920.00px
I20261008 08:50:32.950656  2876 feature_extraction.cc:281]   Features:        238
I20261008 08:50:32.979841  2876 feature_extraction.cc:259] Processed file [128/220]
I20261008 08:50:32.981551  2876 feature_extraction.cc:262]   Name:            train/frame_0128.jpg
I20261008 08:50:32.982529  2876 feature_extraction.cc:271]   Dimensions:      1600 x 900
I20261008 08:50:32.983222  2876 feature_extraction.cc:274]   Camera:          #1 - OPENCV
I20261008 08:50:32.983917  2876 feature_extraction.cc:277]   Focal Length:    1920.00px
I20261008 08:50:32.984459  2876 feature_extraction.cc:281]   Features:        196
I20261008 08:50:32.995909  2876 feature_extraction.cc:259] Processed file [129/220]
I20261008 08:50:32.998682  2876 feature_extraction.cc:262]   Name:            train/frame_0125.jpg
I20261008 08:50:33.003554  2876 feature_extraction.cc:271]   Dimensions:      1600 x 900
I20261008 08:50:33.009155  2876 feature_extraction.cc:274]   Camera:          #1 - OPENCV
I20261008 08:50:33.012526  2876 feature_extraction.cc:277]   Focal Length:    1920.00px
I20261008 08:50:33.013501  2876 feature_extraction.cc:281]   Features:        605
I20261008 08:50:33.021344  2876 feature_extraction.cc:259] Processed file [130/220]
I20261008 08:50:33.025036  2876 feature_extraction.cc:262]   Name:            train/frame_0126.jpg
I20261008 08:50:33.026034  2876 feature_extraction.cc:271]   Dimensions:      1600 x 900
I20261008 08:50:33.026723  2876 feature_extraction.cc:274]   Camera:          #1 - OPENCV
I20261008 08:50:33.027487  2876 feature_extraction.cc:277]   Focal Length:    1920.00px
I20261008 08:50:33.028170  2876 feature_extraction.cc:281]   Features:        412
I20261008 08:50:33.101657  2876 feature_extraction.cc:259] Processed file [131/220]
I20261008 08:50:33.103613  2876 feature_extraction.cc:262]   Name:            train/frame_0131.jpg
I20261008 08:50:33.104413  2876 feature_extraction.cc:271]   Dimensions:      1600 x 900
I20261008 08:50:33.105014  2876 feature_extraction.cc:274]   Camera:          #1 - OPENCV
I20261008 08:50:33.105674  2876 feature_extraction.cc:277]   Focal Length:    1920.00px
I20261008 08:50:33.106263  2876 feature_extraction.cc:281]   Features:        291
I20261008 08:50:33.135685  2876 feature_extraction.cc:259] Processed file [132/220]
I20261008 08:50:33.137182  2876 feature_extraction.cc:262]   Name:            train/frame_0130.jpg
I20261008 08:50:33.137888  2876 feature_extraction.cc:271]   Dimensions:      1600 x 900
I20261008 08:50:33.138411  2876 feature_extraction.cc:274]   Camera:          #1 - OPENCV
I20261008 08:50:33.140297  2876 feature_extraction.cc:277]   Focal Length:    1920.00px
I20261008 08:50:33.141237  2876 feature_extraction.cc:281]   Features:        251
I20261008 08:50:33.180475  2876 feature_extraction.cc:259] Processed file [133/220]
I20261008 08:50:33.182065  2876 feature_extraction.cc:262]   Name:            train/frame_0132.jpg
I20261008 08:50:33.182684  2876 feature_extraction.cc:271]   Dimensions:      1600 x 900
I20261008 08:50:33.183269  2876 feature_extraction.cc:274]   Camera:          #1 - OPENCV
I20261008 08:50:33.183656  2876 feature_extraction.cc:277]   Focal Length:    1920.00px
I20261008 08:50:33.184034  2876 feature_extraction.cc:281]   Features:        263
I20261008 08:50:33.397722  2876 feature_extraction.cc:259] Processed file [134/220]
I20261008 08:50:33.399513  2876 feature_extraction.cc:262]   Name:            train/frame_0133.jpg
I20261008 08:50:33.400362  2876 feature_extraction.cc:271]   Dimensions:      1600 x 900
I20261008 08:50:33.400907  2876 feature_extraction.cc:274]   Camera:          #1 - OPENCV
I20261008 08:50:33.401696  2876 feature_extraction.cc:277]   Focal Length:    1920.00px
I20261008 08:50:33.404099  2876 feature_extraction.cc:281]   Features:        499
I20261008 08:50:33.423385  2876 feature_extraction.cc:259] Processed file [135/220]
I20261008 08:50:33.428789  2876 feature_extraction.cc:262]   Name:            train/frame_0134.jpg
I20261008 08:50:33.429411  2876 feature_extraction.cc:271]   Dimensions:      1600 x 900
I20261008 08:50:33.429714  2876 feature_extraction.cc:274]   Camera:          #1 - OPENCV
I20261008 08:50:33.430063  2876 feature_extraction.cc:277]   Focal Length:    1920.00px
I20261008 08:50:33.430352  2876 feature_extraction.cc:281]   Features:        530
I20261008 08:50:33.442646  2876 feature_extraction.cc:259] Processed file [136/220]
I20261008 08:50:33.444576  2876 feature_extraction.cc:262]   Name:            train/frame_0135.jpg
I20261008 08:50:33.448974  2876 feature_extraction.cc:271]   Dimensions:      1600 x 900
I20261008 08:50:33.449747  2876 feature_extraction.cc:274]   Camera:          #1 - OPENCV
I20261008 08:50:33.450345  2876 feature_extraction.cc:277]   Focal Length:    1920.00px
I20261008 08:50:33.450814  2876 feature_extraction.cc:281]   Features:        514
I20261008 08:50:33.857933  2876 feature_extraction.cc:259] Processed file [137/220]
I20261008 08:50:33.859129  2876 feature_extraction.cc:262]   Name:            train/frame_0136.jpg
I20261008 08:50:33.860209  2876 feature_extraction.cc:271]   Dimensions:      1600 x 900
I20261008 08:50:33.860560  2876 feature_extraction.cc:274]   Camera:          #1 - OPENCV
I20261008 08:50:33.861088  2876 feature_extraction.cc:277]   Focal Length:    1920.00px
I20261008 08:50:33.861600  2876 feature_extraction.cc:281]   Features:        481
I20261008 08:50:34.173420  2876 feature_extraction.cc:259] Processed file [138/220]
I20261008 08:50:34.174949  2876 feature_extraction.cc:262]   Name:            train/frame_0137.jpg
I20261008 08:50:34.175441  2876 feature_extraction.cc:271]   Dimensions:      1600 x 900
I20261008 08:50:34.175727  2876 feature_extraction.cc:274]   Camera:          #1 - OPENCV
I20261008 08:50:34.176172  2876 feature_extraction.cc:277]   Focal Length:    1920.00px
I20261008 08:50:34.176857  2876 feature_extraction.cc:281]   Features:        460
I20261008 08:50:34.543517  2876 feature_extraction.cc:259] Processed file [139/220]
I20261008 08:50:34.545388  2876 feature_extraction.cc:262]   Name:            train/frame_0138.jpg
I20261008 08:50:34.545842  2876 feature_extraction.cc:271]   Dimensions:      1600 x 900
I20261008 08:50:34.546108  2876 feature_extraction.cc:274]   Camera:          #1 - OPENCV
I20261008 08:50:34.546363  2876 feature_extraction.cc:277]   Focal Length:    1920.00px
I20261008 08:50:34.546799  2876 feature_extraction.cc:281]   Features:        677
I20261008 08:50:34.565852  2876 feature_extraction.cc:259] Processed file [140/220]
I20261008 08:50:34.568053  2876 feature_extraction.cc:262]   Name:            train/frame_0139.jpg
I20261008 08:50:34.568924  2876 feature_extraction.cc:271]   Dimensions:      1600 x 900
I20261008 08:50:34.572305  2876 feature_extraction.cc:274]   Camera:          #1 - OPENCV
I20261008 08:50:34.573036  2876 feature_extraction.cc:277]   Focal Length:    1920.00px
I20261008 08:50:34.573498  2876 feature_extraction.cc:281]   Features:        966
I20261008 08:50:34.834793  2876 feature_extraction.cc:259] Processed file [141/220]
I20261008 08:50:34.836638  2876 feature_extraction.cc:262]   Name:            train/frame_0140.jpg
I20261008 08:50:34.840436  2876 feature_extraction.cc:271]   Dimensions:      1600 x 900
I20261008 08:50:34.844453  2876 feature_extraction.cc:274]   Camera:          #1 - OPENCV
I20261008 08:50:34.845010  2876 feature_extraction.cc:277]   Focal Length:    1920.00px
I20261008 08:50:34.845397  2876 feature_extraction.cc:281]   Features:        1520
I20261008 08:50:34.915122  2876 feature_extraction.cc:259] Processed file [142/220]
I20261008 08:50:34.917305  2876 feature_extraction.cc:262]   Name:            train/frame_0144.jpg
I20261008 08:50:34.918449  2876 feature_extraction.cc:271]   Dimensions:      1600 x 900
I20261008 08:50:34.918994  2876 feature_extraction.cc:274]   Camera:          #1 - OPENCV
I20261008 08:50:34.919839  2876 feature_extraction.cc:277]   Focal Length:    1920.00px
I20261008 08:50:34.920228  2876 feature_extraction.cc:281]   Features:        1770
I20261008 08:50:34.956552  2876 feature_extraction.cc:259] Processed file [143/220]
I20261008 08:50:34.957983  2876 feature_extraction.cc:262]   Name:            train/frame_0142.jpg
I20261008 08:50:34.958588  2876 feature_extraction.cc:271]   Dimensions:      1600 x 900
I20261008 08:50:34.958972  2876 feature_extraction.cc:274]   Camera:          #1 - OPENCV
I20261008 08:50:34.962227  2876 feature_extraction.cc:277]   Focal Length:    1920.00px
I20261008 08:50:34.963114  2876 feature_extraction.cc:281]   Features:        1935
I20261008 08:50:34.982020  2876 feature_extraction.cc:259] Processed file [144/220]
I20261008 08:50:34.988612  2876 feature_extraction.cc:262]   Name:            train/frame_0143.jpg
I20261008 08:50:34.989691  2876 feature_extraction.cc:271]   Dimensions:      1600 x 900
I20261008 08:50:34.990299  2876 feature_extraction.cc:274]   Camera:          #1 - OPENCV
I20261008 08:50:34.990780  2876 feature_extraction.cc:277]   Focal Length:    1920.00px
I20261008 08:50:34.991168  2876 feature_extraction.cc:281]   Features:        1914
I20261008 08:50:35.002803  2876 feature_extraction.cc:259] Processed file [145/220]
I20261008 08:50:35.004199  2876 feature_extraction.cc:262]   Name:            train/frame_0141.jpg
I20261008 08:50:35.004756  2876 feature_extraction.cc:271]   Dimensions:      1600 x 900
I20261008 08:50:35.005352  2876 feature_extraction.cc:274]   Camera:          #1 - OPENCV
I20261008 08:50:35.005975  2876 feature_extraction.cc:277]   Focal Length:    1920.00px
I20261008 08:50:35.006704  2876 feature_extraction.cc:281]   Features:        1885
I20261008 08:50:35.025630  2876 feature_extraction.cc:259] Processed file [146/220]
I20261008 08:50:35.027772  2876 feature_extraction.cc:262]   Name:            train/frame_0146.jpg
I20261008 08:50:35.028535  2876 feature_extraction.cc:271]   Dimensions:      1600 x 900
I20261008 08:50:35.028867  2876 feature_extraction.cc:274]   Camera:          #1 - OPENCV
I20261008 08:50:35.029145  2876 feature_extraction.cc:277]   Focal Length:    1920.00px
I20261008 08:50:35.029421  2876 feature_extraction.cc:281]   Features:        2730
I20261008 08:50:35.054663  2876 feature_extraction.cc:259] Processed file [147/220]
I20261008 08:50:35.055992  2876 feature_extraction.cc:262]   Name:            train/frame_0145.jpg
I20261008 08:50:35.056986  2876 feature_extraction.cc:271]   Dimensions:      1600 x 900
I20261008 08:50:35.057399  2876 feature_extraction.cc:274]   Camera:          #1 - OPENCV
I20261008 08:50:35.057753  2876 feature_extraction.cc:277]   Focal Length:    1920.00px
I20261008 08:50:35.058265  2876 feature_extraction.cc:281]   Features:        2628
I20261008 08:50:35.090524  2876 feature_extraction.cc:259] Processed file [148/220]
I20261008 08:50:35.092191  2876 feature_extraction.cc:262]   Name:            train/frame_0147.jpg
I20261008 08:50:35.093165  2876 feature_extraction.cc:271]   Dimensions:      1600 x 900
I20261008 08:50:35.094470  2876 feature_extraction.cc:274]   Camera:          #1 - OPENCV
I20261008 08:50:35.094976  2876 feature_extraction.cc:277]   Focal Length:    1920.00px
I20261008 08:50:35.095527  2876 feature_extraction.cc:281]   Features:        2287
I20261008 08:50:35.290390  2876 feature_extraction.cc:259] Processed file [149/220]
I20261008 08:50:35.296499  2876 feature_extraction.cc:262]   Name:            train/frame_0148.jpg
I20261008 08:50:35.298103  2876 feature_extraction.cc:271]   Dimensions:      1600 x 900
I20261008 08:50:35.298693  2876 feature_extraction.cc:274]   Camera:          #1 - OPENCV
I20261008 08:50:35.299060  2876 feature_extraction.cc:277]   Focal Length:    1920.00px
I20261008 08:50:35.299350  2876 feature_extraction.cc:281]   Features:        2879
I20261008 08:50:35.364125  2876 feature_extraction.cc:259] Processed file [150/220]
I20261008 08:50:35.365402  2876 feature_extraction.cc:262]   Name:            train/frame_0149.jpg
I20261008 08:50:35.365918  2876 feature_extraction.cc:271]   Dimensions:      1600 x 900
I20261008 08:50:35.372083  2876 feature_extraction.cc:274]   Camera:          #1 - OPENCV
I20261008 08:50:35.377595  2876 feature_extraction.cc:277]   Focal Length:    1920.00px
I20261008 08:50:35.378160  2876 feature_extraction.cc:281]   Features:        2838
I20261008 08:50:35.391937  2876 feature_extraction.cc:259] Processed file [151/220]
I20261008 08:50:35.393373  2876 feature_extraction.cc:262]   Name:            train/frame_0150.jpg
I20261008 08:50:35.394194  2876 feature_extraction.cc:271]   Dimensions:      1600 x 900
I20261008 08:50:35.394783  2876 feature_extraction.cc:274]   Camera:          #1 - OPENCV
I20261008 08:50:35.395153  2876 feature_extraction.cc:277]   Focal Length:    1920.00px
I20261008 08:50:35.395488  2876 feature_extraction.cc:281]   Features:        3112
I20261008 08:50:35.458094  2876 feature_extraction.cc:259] Processed file [152/220]
I20261008 08:50:35.459183  2876 feature_extraction.cc:262]   Name:            train/frame_0151.jpg
I20261008 08:50:35.459542  2876 feature_extraction.cc:271]   Dimensions:      1600 x 900
I20261008 08:50:35.459890  2876 feature_extraction.cc:274]   Camera:          #1 - OPENCV
I20261008 08:50:35.460314  2876 feature_extraction.cc:277]   Focal Length:    1920.00px
I20261008 08:50:35.460668  2876 feature_extraction.cc:281]   Features:        2867
I20261008 08:50:35.863270  2876 feature_extraction.cc:259] Processed file [153/220]
I20261008 08:50:35.869094  2876 feature_extraction.cc:262]   Name:            train/frame_0152.jpg
I20261008 08:50:35.870134  2876 feature_extraction.cc:271]   Dimensions:      1600 x 900
I20261008 08:50:35.870620  2876 feature_extraction.cc:274]   Camera:          #1 - OPENCV
I20261008 08:50:35.870990  2876 feature_extraction.cc:277]   Focal Length:    1920.00px
I20261008 08:50:35.871317  2876 feature_extraction.cc:281]   Features:        2971
I20261008 08:50:36.164062  2876 feature_extraction.cc:259] Processed file [154/220]
I20261008 08:50:36.165661  2876 feature_extraction.cc:262]   Name:            train/frame_0153.jpg
I20261008 08:50:36.172951  2876 feature_extraction.cc:271]   Dimensions:      1600 x 900
I20261008 08:50:36.174883  2876 feature_extraction.cc:274]   Camera:          #1 - OPENCV
I20261008 08:50:36.175383  2876 feature_extraction.cc:277]   Focal Length:    1920.00px
I20261008 08:50:36.175841  2876 feature_extraction.cc:281]   Features:        3099
I20261008 08:50:36.450259  2876 feature_extraction.cc:259] Processed file [155/220]
I20261008 08:50:36.451819  2876 feature_extraction.cc:262]   Name:            train/frame_0155.jpg
I20261008 08:50:36.460753  2876 feature_extraction.cc:271]   Dimensions:      1600 x 900
I20261008 08:50:36.461715  2876 feature_extraction.cc:274]   Camera:          #1 - OPENCV
I20261008 08:50:36.462091  2876 feature_extraction.cc:277]   Focal Length:    1920.00px
I20261008 08:50:36.462354  2876 feature_extraction.cc:281]   Features:        2955
I20261008 08:50:36.532464  2876 feature_extraction.cc:259] Processed file [156/220]
I20261008 08:50:36.535497  2876 feature_extraction.cc:262]   Name:            train/frame_0154.jpg
I20261008 08:50:36.536476  2876 feature_extraction.cc:271]   Dimensions:      1600 x 900
I20261008 08:50:36.540135  2876 feature_extraction.cc:274]   Camera:          #1 - OPENCV
I20261008 08:50:36.541186  2876 feature_extraction.cc:277]   Focal Length:    1920.00px
I20261008 08:50:36.541729  2876 feature_extraction.cc:281]   Features:        3155
I20261008 08:50:36.746968  2876 feature_extraction.cc:259] Processed file [157/220]
I20261008 08:50:36.748420  2876 feature_extraction.cc:262]   Name:            train/frame_0156.jpg
I20261008 08:50:36.749011  2876 feature_extraction.cc:271]   Dimensions:      1600 x 900
I20261008 08:50:36.749398  2876 feature_extraction.cc:274]   Camera:          #1 - OPENCV
I20261008 08:50:36.756523  2876 feature_extraction.cc:277]   Focal Length:    1920.00px
I20261008 08:50:36.757362  2876 feature_extraction.cc:281]   Features:        2816
I20261008 08:50:36.869483  2876 feature_extraction.cc:259] Processed file [158/220]
I20261008 08:50:36.876844  2876 feature_extraction.cc:262]   Name:            train/frame_0174.jpg
I20261008 08:50:36.877871  2876 feature_extraction.cc:271]   Dimensions:      1600 x 900
I20261008 08:50:36.878423  2876 feature_extraction.cc:274]   Camera:          #1 - OPENCV
I20261008 08:50:36.878780  2876 feature_extraction.cc:277]   Focal Length:    1920.00px
I20261008 08:50:36.879197  2876 feature_extraction.cc:281]   Features:        2318
I20261008 08:50:36.896414  2876 feature_extraction.cc:259] Processed file [159/220]
I20261008 08:50:36.898284  2876 feature_extraction.cc:262]   Name:            train/frame_0161.jpg
I20261008 08:50:36.908718  2876 feature_extraction.cc:271]   Dimensions:      1600 x 900
I20261008 08:50:36.909927  2876 feature_extraction.cc:274]   Camera:          #1 - OPENCV
I20261008 08:50:36.910755  2876 feature_extraction.cc:277]   Focal Length:    1920.00px
I20261008 08:50:36.911348  2876 feature_extraction.cc:281]   Features:        3259
I20261008 08:50:36.916023  2876 feature_extraction.cc:259] Processed file [160/220]
I20261008 08:50:36.917958  2876 feature_extraction.cc:262]   Name:            train/frame_0157.jpg
I20261008 08:50:36.924234  2876 feature_extraction.cc:271]   Dimensions:      1600 x 900
I20261008 08:50:36.925892  2876 feature_extraction.cc:274]   Camera:          #1 - OPENCV
I20261008 08:50:36.927191  2876 feature_extraction.cc:277]   Focal Length:    1920.00px
I20261008 08:50:36.927778  2876 feature_extraction.cc:281]   Features:        2845
I20261008 08:50:36.940382  2876 feature_extraction.cc:259] Processed file [161/220]
I20261008 08:50:36.941793  2876 feature_extraction.cc:262]   Name:            train/frame_0158.jpg
I20261008 08:50:36.946794  2876 feature_extraction.cc:271]   Dimensions:      1600 x 900
I20261008 08:50:36.947801  2876 feature_extraction.cc:274]   Camera:          #1 - OPENCV
I20261008 08:50:36.948359  2876 feature_extraction.cc:277]   Focal Length:    1920.00px
I20261008 08:50:36.948668  2876 feature_extraction.cc:281]   Features:        3067
I20261008 08:50:37.003512  2876 feature_extraction.cc:259] Processed file [162/220]
I20261008 08:50:37.008153  2876 feature_extraction.cc:262]   Name:            train/frame_0162.jpg
I20261008 08:50:37.008903  2876 feature_extraction.cc:271]   Dimensions:      1600 x 900
I20261008 08:50:37.009315  2876 feature_extraction.cc:274]   Camera:          #1 - OPENCV
I20261008 08:50:37.009601  2876 feature_extraction.cc:277]   Focal Length:    1920.00px
I20261008 08:50:37.010013  2876 feature_extraction.cc:281]   Features:        2858
I20261008 08:50:37.026574  2876 feature_extraction.cc:259] Processed file [163/220]
I20261008 08:50:37.036134  2876 feature_extraction.cc:262]   Name:            train/frame_0160.jpg
I20261008 08:50:37.037496  2876 feature_extraction.cc:271]   Dimensions:      1600 x 900
I20261008 08:50:37.038115  2876 feature_extraction.cc:274]   Camera:          #1 - OPENCV
I20261008 08:50:37.038637  2876 feature_extraction.cc:277]   Focal Length:    1920.00px
I20261008 08:50:37.039227  2876 feature_extraction.cc:281]   Features:        3426
I20261008 08:50:37.052572  2876 feature_extraction.cc:259] Processed file [164/220]
I20261008 08:50:37.060164  2876 feature_extraction.cc:262]   Name:            train/frame_0163.jpg
I20261008 08:50:37.061403  2876 feature_extraction.cc:271]   Dimensions:      1600 x 900
I20261008 08:50:37.062101  2876 feature_extraction.cc:274]   Camera:          #1 - OPENCV
I20261008 08:50:37.062541  2876 feature_extraction.cc:277]   Focal Length:    1920.00px
I20261008 08:50:37.063069  2876 feature_extraction.cc:281]   Features:        2913
I20261008 08:50:37.229281  2876 feature_extraction.cc:259] Processed file [165/220]
I20261008 08:50:37.231326  2876 feature_extraction.cc:262]   Name:            train/frame_0166.jpg
I20261008 08:50:37.234057  2876 feature_extraction.cc:271]   Dimensions:      1600 x 900
I20261008 08:50:37.234651  2876 feature_extraction.cc:274]   Camera:          #1 - OPENCV
I20261008 08:50:37.235116  2876 feature_extraction.cc:277]   Focal Length:    1920.00px
I20261008 08:50:37.235419  2876 feature_extraction.cc:281]   Features:        2502
I20261008 08:50:37.250092  2876 feature_extraction.cc:259] Processed file [166/220]
I20261008 08:50:37.256100  2876 feature_extraction.cc:262]   Name:            train/frame_0165.jpg
I20261008 08:50:37.257133  2876 feature_extraction.cc:271]   Dimensions:      1600 x 900
I20261008 08:50:37.257572  2876 feature_extraction.cc:274]   Camera:          #1 - OPENCV
I20261008 08:50:37.257890  2876 feature_extraction.cc:277]   Focal Length:    1920.00px
I20261008 08:50:37.258203  2876 feature_extraction.cc:281]   Features:        2808
I20261008 08:50:37.268740  2876 feature_extraction.cc:259] Processed file [167/220]
I20261008 08:50:37.270251  2876 feature_extraction.cc:262]   Name:            train/frame_0164.jpg
I20261008 08:50:37.276692  2876 feature_extraction.cc:271]   Dimensions:      1600 x 900
I20261008 08:50:37.277901  2876 feature_extraction.cc:274]   Camera:          #1 - OPENCV
I20261008 08:50:37.278438  2876 feature_extraction.cc:277]   Focal Length:    1920.00px
I20261008 08:50:37.278791  2876 feature_extraction.cc:281]   Features:        2922
I20261008 08:50:37.291392  2876 feature_extraction.cc:259] Processed file [168/220]
I20261008 08:50:37.292814  2876 feature_extraction.cc:262]   Name:            train/frame_0167.jpg
I20261008 08:50:37.296450  2876 feature_extraction.cc:271]   Dimensions:      1600 x 900
I20261008 08:50:37.300027  2876 feature_extraction.cc:274]   Camera:          #1 - OPENCV
I20261008 08:50:37.300946  2876 feature_extraction.cc:277]   Focal Length:    1920.00px
I20261008 08:50:37.301752  2876 feature_extraction.cc:281]   Features:        2425
I20261008 08:50:37.778050  2876 feature_extraction.cc:259] Processed file [169/220]
I20261008 08:50:37.784185  2876 feature_extraction.cc:262]   Name:            train/frame_0168.jpg
I20261008 08:50:37.786164  2876 feature_extraction.cc:271]   Dimensions:      1600 x 900
I20261008 08:50:37.787649  2876 feature_extraction.cc:274]   Camera:          #1 - OPENCV
I20261008 08:50:37.790273  2876 feature_extraction.cc:277]   Focal Length:    1920.00px
I20261008 08:50:37.791438  2876 feature_extraction.cc:281]   Features:        2470
I20261008 08:50:38.123322  2876 feature_extraction.cc:259] Processed file [170/220]
I20261008 08:50:38.125059  2876 feature_extraction.cc:262]   Name:            train/frame_0169.jpg
I20261008 08:50:38.125725  2876 feature_extraction.cc:271]   Dimensions:      1600 x 900
I20261008 08:50:38.126343  2876 feature_extraction.cc:274]   Camera:          #1 - OPENCV
I20261008 08:50:38.126988  2876 feature_extraction.cc:277]   Focal Length:    1920.00px
I20261008 08:50:38.127460  2876 feature_extraction.cc:281]   Features:        2338
I20261008 08:50:38.349694  2876 feature_extraction.cc:259] Processed file [171/220]
I20261008 08:50:38.356252  2876 feature_extraction.cc:262]   Name:            train/frame_0170.jpg
I20261008 08:50:38.357376  2876 feature_extraction.cc:271]   Dimensions:      1600 x 900
I20261008 08:50:38.357947  2876 feature_extraction.cc:274]   Camera:          #1 - OPENCV
I20261008 08:50:38.358341  2876 feature_extraction.cc:277]   Focal Length:    1920.00px
I20261008 08:50:38.358825  2876 feature_extraction.cc:281]   Features:        2051
I20261008 08:50:38.494192  2876 feature_extraction.cc:259] Processed file [172/220]
I20261008 08:50:38.500094  2876 feature_extraction.cc:262]   Name:            train/frame_0171.jpg
I20261008 08:50:38.502465  2876 feature_extraction.cc:271]   Dimensions:      1600 x 900
I20261008 08:50:38.503115  2876 feature_extraction.cc:274]   Camera:          #1 - OPENCV
I20261008 08:50:38.503501  2876 feature_extraction.cc:277]   Focal Length:    1920.00px
I20261008 08:50:38.503896  2876 feature_extraction.cc:281]   Features:        2408
I20261008 08:50:38.690057  2876 feature_extraction.cc:259] Processed file [173/220]
I20261008 08:50:38.691382  2876 feature_extraction.cc:262]   Name:            train/frame_0172.jpg
I20261008 08:50:38.694463  2876 feature_extraction.cc:271]   Dimensions:      1600 x 900
I20261008 08:50:38.695144  2876 feature_extraction.cc:274]   Camera:          #1 - OPENCV
I20261008 08:50:38.695593  2876 feature_extraction.cc:277]   Focal Length:    1920.00px
I20261008 08:50:38.696238  2876 feature_extraction.cc:281]   Features:        2888
I20261008 08:50:38.712174  2876 feature_extraction.cc:259] Processed file [174/220]
I20261008 08:50:38.720072  2876 feature_extraction.cc:262]   Name:            train/frame_0176.jpg
I20261008 08:50:38.721539  2876 feature_extraction.cc:271]   Dimensions:      1600 x 900
I20261008 08:50:38.722389  2876 feature_extraction.cc:274]   Camera:          #1 - OPENCV
I20261008 08:50:38.722991  2876 feature_extraction.cc:277]   Focal Length:    1920.00px
I20261008 08:50:38.723491  2876 feature_extraction.cc:281]   Features:        1068
I20261008 08:50:38.765682  2876 feature_extraction.cc:259] Processed file [175/220]
I20261008 08:50:38.767009  2876 feature_extraction.cc:262]   Name:            train/frame_0178.jpg
I20261008 08:50:38.770527  2876 feature_extraction.cc:271]   Dimensions:      1600 x 900
I20261008 08:50:38.771554  2876 feature_extraction.cc:274]   Camera:          #1 - OPENCV
I20261008 08:50:38.772185  2876 feature_extraction.cc:277]   Focal Length:    1920.00px
I20261008 08:50:38.772677  2876 feature_extraction.cc:281]   Features:        1134
I20261008 08:50:38.817883  2876 feature_extraction.cc:259] Processed file [176/220]
I20261008 08:50:38.820129  2876 feature_extraction.cc:262]   Name:            train/frame_0175.jpg
I20261008 08:50:38.822456  2876 feature_extraction.cc:271]   Dimensions:      1600 x 900
I20261008 08:50:38.824134  2876 feature_extraction.cc:274]   Camera:          #1 - OPENCV
I20261008 08:50:38.825034  2876 feature_extraction.cc:277]   Focal Length:    1920.00px
I20261008 08:50:38.827185  2876 feature_extraction.cc:281]   Features:        2001
I20261008 08:50:38.842854  2876 feature_extraction.cc:259] Processed file [177/220]
I20261008 08:50:38.845671  2876 feature_extraction.cc:262]   Name:            train/frame_0177.jpg
I20261008 08:50:38.847216  2876 feature_extraction.cc:271]   Dimensions:      1600 x 900
I20261008 08:50:38.847980  2876 feature_extraction.cc:274]   Camera:          #1 - OPENCV
I20261008 08:50:38.848869  2876 feature_extraction.cc:277]   Focal Length:    1920.00px
I20261008 08:50:38.849403  2876 feature_extraction.cc:281]   Features:        1184
I20261008 08:50:38.851411  2876 feature_extraction.cc:259] Processed file [178/220]
I20261008 08:50:38.852680  2876 feature_extraction.cc:262]   Name:            train/frame_0159.jpg
I20261008 08:50:38.853314  2876 feature_extraction.cc:271]   Dimensions:      1600 x 900
I20261008 08:50:38.858656  2876 feature_extraction.cc:274]   Camera:          #1 - OPENCV
I20261008 08:50:38.859860  2876 feature_extraction.cc:277]   Focal Length:    1920.00px
I20261008 08:50:38.860560  2876 feature_extraction.cc:281]   Features:        2982
I20261008 08:50:38.894107  2876 feature_extraction.cc:259] Processed file [179/220]
I20261008 08:50:38.896050  2876 feature_extraction.cc:262]   Name:            train/frame_0179.jpg
I20261008 08:50:38.896981  2876 feature_extraction.cc:271]   Dimensions:      1600 x 900
I20261008 08:50:38.897821  2876 feature_extraction.cc:274]   Camera:          #1 - OPENCV
I20261008 08:50:38.898442  2876 feature_extraction.cc:277]   Focal Length:    1920.00px
I20261008 08:50:38.898872  2876 feature_extraction.cc:281]   Features:        1059
I20261008 08:50:38.937294  2876 feature_extraction.cc:259] Processed file [180/220]
I20261008 08:50:38.938963  2876 feature_extraction.cc:262]   Name:            train/frame_0183.jpg
I20261008 08:50:38.940943  2876 feature_extraction.cc:271]   Dimensions:      1600 x 900
I20261008 08:50:38.941450  2876 feature_extraction.cc:274]   Camera:          #1 - OPENCV
I20261008 08:50:38.941944  2876 feature_extraction.cc:277]   Focal Length:    1920.00px
I20261008 08:50:38.942416  2876 feature_extraction.cc:281]   Features:        379
I20261008 08:50:38.969004  2876 feature_extraction.cc:259] Processed file [181/220]
I20261008 08:50:38.971453  2876 feature_extraction.cc:262]   Name:            train/frame_0173.jpg
I20261008 08:50:38.972916  2876 feature_extraction.cc:271]   Dimensions:      1600 x 900
I20261008 08:50:38.973644  2876 feature_extraction.cc:274]   Camera:          #1 - OPENCV
I20261008 08:50:38.974349  2876 feature_extraction.cc:277]   Focal Length:    1920.00px
I20261008 08:50:38.975152  2876 feature_extraction.cc:281]   Features:        3083
I20261008 08:50:38.977527  2876 feature_extraction.cc:259] Processed file [182/220]
I20261008 08:50:38.978731  2876 feature_extraction.cc:262]   Name:            train/frame_0181.jpg
I20261008 08:50:38.979188  2876 feature_extraction.cc:271]   Dimensions:      1600 x 900
I20261008 08:50:38.982770  2876 feature_extraction.cc:274]   Camera:          #1 - OPENCV
I20261008 08:50:38.983562  2876 feature_extraction.cc:277]   Focal Length:    1920.00px
I20261008 08:50:38.984189  2876 feature_extraction.cc:281]   Features:        898
I20261008 08:50:39.004622  2876 feature_extraction.cc:259] Processed file [183/220]
I20261008 08:50:39.006855  2876 feature_extraction.cc:262]   Name:            train/frame_0182.jpg
I20261008 08:50:39.007577  2876 feature_extraction.cc:271]   Dimensions:      1600 x 900
I20261008 08:50:39.008003  2876 feature_extraction.cc:274]   Camera:          #1 - OPENCV
I20261008 08:50:39.008505  2876 feature_extraction.cc:277]   Focal Length:    1920.00px
I20261008 08:50:39.009505  2876 feature_extraction.cc:281]   Features:        358
I20261008 08:50:39.051205  2876 feature_extraction.cc:259] Processed file [184/220]
I20261008 08:50:39.056463  2876 feature_extraction.cc:262]   Name:            train/frame_0180.jpg
I20261008 08:50:39.057721  2876 feature_extraction.cc:271]   Dimensions:      1600 x 900
I20261008 08:50:39.058359  2876 feature_extraction.cc:274]   Camera:          #1 - OPENCV
I20261008 08:50:39.058843  2876 feature_extraction.cc:277]   Focal Length:    1920.00px
I20261008 08:50:39.059684  2876 feature_extraction.cc:281]   Features:        1855
I20261008 08:50:39.490892  2876 feature_extraction.cc:259] Processed file [185/220]
I20261008 08:50:39.493141  2876 feature_extraction.cc:262]   Name:            train/frame_0184.jpg
I20261008 08:50:39.496531  2876 feature_extraction.cc:271]   Dimensions:      1600 x 900
I20261008 08:50:39.497352  2876 feature_extraction.cc:274]   Camera:          #1 - OPENCV
I20261008 08:50:39.497828  2876 feature_extraction.cc:277]   Focal Length:    1920.00px
I20261008 08:50:39.498172  2876 feature_extraction.cc:281]   Features:        389
I20261008 08:50:39.856058  2876 feature_extraction.cc:259] Processed file [186/220]
I20261008 08:50:39.911360  2876 feature_extraction.cc:262]   Name:            train/frame_0185.jpg
I20261008 08:50:39.913093  2876 feature_extraction.cc:271]   Dimensions:      1600 x 900
I20261008 08:50:39.914402  2876 feature_extraction.cc:274]   Camera:          #1 - OPENCV
I20261008 08:50:39.915398  2876 feature_extraction.cc:277]   Focal Length:    1920.00px
I20261008 08:50:39.916055  2876 feature_extraction.cc:281]   Features:        540
I20261008 08:50:40.037645  2876 feature_extraction.cc:259] Processed file [187/220]
I20261008 08:50:40.040977  2876 feature_extraction.cc:262]   Name:            train/frame_0186.jpg
I20261008 08:50:40.042486  2876 feature_extraction.cc:271]   Dimensions:      1600 x 900
I20261008 08:50:40.043771  2876 feature_extraction.cc:274]   Camera:          #1 - OPENCV
I20261008 08:50:40.044778  2876 feature_extraction.cc:277]   Focal Length:    1920.00px
I20261008 08:50:40.045565  2876 feature_extraction.cc:281]   Features:        963
I20261008 08:50:40.287308  2876 feature_extraction.cc:259] Processed file [188/220]
I20261008 08:50:40.289592  2876 feature_extraction.cc:262]   Name:            train/frame_0187.jpg
I20261008 08:50:40.290657  2876 feature_extraction.cc:271]   Dimensions:      1600 x 900
I20261008 08:50:40.291262  2876 feature_extraction.cc:274]   Camera:          #1 - OPENCV
I20261008 08:50:40.291706  2876 feature_extraction.cc:277]   Focal Length:    1920.00px
I20261008 08:50:40.292402  2876 feature_extraction.cc:281]   Features:        373
I20261008 08:50:40.491137  2876 feature_extraction.cc:259] Processed file [189/220]
I20261008 08:50:40.492758  2876 feature_extraction.cc:262]   Name:            train/frame_0188.jpg
I20261008 08:50:40.493466  2876 feature_extraction.cc:271]   Dimensions:      1600 x 900
I20261008 08:50:40.493953  2876 feature_extraction.cc:274]   Camera:          #1 - OPENCV
I20261008 08:50:40.494459  2876 feature_extraction.cc:277]   Focal Length:    1920.00px
I20261008 08:50:40.494871  2876 feature_extraction.cc:281]   Features:        359
I20261008 08:50:40.559487  2876 feature_extraction.cc:259] Processed file [190/220]
I20261008 08:50:40.563853  2876 feature_extraction.cc:262]   Name:            train/frame_0193.jpg
I20261008 08:50:40.565155  2876 feature_extraction.cc:271]   Dimensions:      1600 x 900
I20261008 08:50:40.566092  2876 feature_extraction.cc:274]   Camera:          #1 - OPENCV
I20261008 08:50:40.566578  2876 feature_extraction.cc:277]   Focal Length:    1920.00px
I20261008 08:50:40.567154  2876 feature_extraction.cc:281]   Features:        542
I20261008 08:50:40.568439  2876 feature_extraction.cc:259] Processed file [191/220]
I20261008 08:50:40.568946  2876 feature_extraction.cc:262]   Name:            train/frame_0189.jpg
I20261008 08:50:40.569427  2876 feature_extraction.cc:271]   Dimensions:      1600 x 900
I20261008 08:50:40.569923  2876 feature_extraction.cc:274]   Camera:          #1 - OPENCV
I20261008 08:50:40.570439  2876 feature_extraction.cc:277]   Focal Length:    1920.00px
I20261008 08:50:40.572352  2876 feature_extraction.cc:281]   Features:        633
I20261008 08:50:40.584067  2876 feature_extraction.cc:259] Processed file [192/220]
I20261008 08:50:40.586488  2876 feature_extraction.cc:262]   Name:            train/frame_0190.jpg
I20261008 08:50:40.587452  2876 feature_extraction.cc:271]   Dimensions:      1600 x 900
I20261008 08:50:40.589597  2876 feature_extraction.cc:274]   Camera:          #1 - OPENCV
I20261008 08:50:40.590529  2876 feature_extraction.cc:277]   Focal Length:    1920.00px
I20261008 08:50:40.591701  2876 feature_extraction.cc:281]   Features:        303
I20261008 08:50:40.624533  2876 feature_extraction.cc:259] Processed file [193/220]
I20261008 08:50:40.626662  2876 feature_extraction.cc:262]   Name:            train/frame_0191.jpg
I20261008 08:50:40.627240  2876 feature_extraction.cc:271]   Dimensions:      1600 x 900
I20261008 08:50:40.627720  2876 feature_extraction.cc:274]   Camera:          #1 - OPENCV
I20261008 08:50:40.628221  2876 feature_extraction.cc:277]   Focal Length:    1920.00px
I20261008 08:50:40.628785  2876 feature_extraction.cc:281]   Features:        297
I20261008 08:50:40.693907  2876 feature_extraction.cc:259] Processed file [194/220]
I20261008 08:50:40.695775  2876 feature_extraction.cc:262]   Name:            train/frame_0192.jpg
I20261008 08:50:40.700608  2876 feature_extraction.cc:271]   Dimensions:      1600 x 900
I20261008 08:50:40.702208  2876 feature_extraction.cc:274]   Camera:          #1 - OPENCV
I20261008 08:50:40.702942  2876 feature_extraction.cc:277]   Focal Length:    1920.00px
I20261008 08:50:40.703490  2876 feature_extraction.cc:281]   Features:        604
I20261008 08:50:40.704849  2876 feature_extraction.cc:259] Processed file [195/220]
I20261008 08:50:40.705695  2876 feature_extraction.cc:262]   Name:            train/frame_0197.jpg
I20261008 08:50:40.706156  2876 feature_extraction.cc:271]   Dimensions:      1600 x 900
I20261008 08:50:40.706524  2876 feature_extraction.cc:274]   Camera:          #1 - OPENCV
I20261008 08:50:40.706851  2876 feature_extraction.cc:277]   Focal Length:    1920.00px
I20261008 08:50:40.707672  2876 feature_extraction.cc:281]   Features:        191
I20261008 08:50:40.723276  2876 feature_extraction.cc:259] Processed file [196/220]
I20261008 08:50:40.725817  2876 feature_extraction.cc:262]   Name:            train/frame_0195.jpg
I20261008 08:50:40.727073  2876 feature_extraction.cc:271]   Dimensions:      1600 x 900
I20261008 08:50:40.728056  2876 feature_extraction.cc:274]   Camera:          #1 - OPENCV
I20261008 08:50:40.728607  2876 feature_extraction.cc:277]   Focal Length:    1920.00px
I20261008 08:50:40.729164  2876 feature_extraction.cc:281]   Features:        363
I20261008 08:50:40.798573  2876 feature_extraction.cc:259] Processed file [197/220]
I20261008 08:50:40.799911  2876 feature_extraction.cc:262]   Name:            train/frame_0194.jpg
I20261008 08:50:40.800994  2876 feature_extraction.cc:271]   Dimensions:      1600 x 900
I20261008 08:50:40.801632  2876 feature_extraction.cc:274]   Camera:          #1 - OPENCV
I20261008 08:50:40.802352  2876 feature_extraction.cc:277]   Focal Length:    1920.00px
I20261008 08:50:40.802865  2876 feature_extraction.cc:281]   Features:        510
I20261008 08:50:40.811661  2876 feature_extraction.cc:259] Processed file [198/220]
I20261008 08:50:40.813136  2876 feature_extraction.cc:262]   Name:            train/frame_0199.jpg
I20261008 08:50:40.813936  2876 feature_extraction.cc:271]   Dimensions:      1600 x 900
I20261008 08:50:40.814429  2876 feature_extraction.cc:274]   Camera:          #1 - OPENCV
I20261008 08:50:40.815040  2876 feature_extraction.cc:277]   Focal Length:    1920.00px
I20261008 08:50:40.815682  2876 feature_extraction.cc:281]   Features:        310
I20261008 08:50:40.889441  2876 feature_extraction.cc:259] Processed file [199/220]
I20261008 08:50:40.890883  2876 feature_extraction.cc:262]   Name:            train/frame_0196.jpg
I20261008 08:50:40.893157  2876 feature_extraction.cc:271]   Dimensions:      1600 x 900
I20261008 08:50:40.893800  2876 feature_extraction.cc:274]   Camera:          #1 - OPENCV
I20261008 08:50:40.894255  2876 feature_extraction.cc:277]   Focal Length:    1920.00px
I20261008 08:50:40.894613  2876 feature_extraction.cc:281]   Features:        389
I20261008 08:50:40.916704  2876 feature_extraction.cc:259] Processed file [200/220]
I20261008 08:50:40.918756  2876 feature_extraction.cc:262]   Name:            train/frame_0198.jpg
I20261008 08:50:40.919425  2876 feature_extraction.cc:271]   Dimensions:      1600 x 900
I20261008 08:50:40.919907  2876 feature_extraction.cc:274]   Camera:          #1 - OPENCV
I20261008 08:50:40.920410  2876 feature_extraction.cc:277]   Focal Length:    1920.00px
I20261008 08:50:40.920975  2876 feature_extraction.cc:281]   Features:        302
I20261008 08:50:41.342244  2876 feature_extraction.cc:259] Processed file [201/220]
I20261008 08:50:41.343904  2876 feature_extraction.cc:262]   Name:            train/frame_0200.jpg
I20261008 08:50:41.344789  2876 feature_extraction.cc:271]   Dimensions:      1600 x 900
I20261008 08:50:41.345861  2876 feature_extraction.cc:274]   Camera:          #1 - OPENCV
I20261008 08:50:41.346520  2876 feature_extraction.cc:277]   Focal Length:    1920.00px
I20261008 08:50:41.347012  2876 feature_extraction.cc:281]   Features:        239
I20261008 08:50:41.836563  2876 feature_extraction.cc:259] Processed file [202/220]
I20261008 08:50:41.839265  2876 feature_extraction.cc:262]   Name:            train/frame_0202.jpg
I20261008 08:50:41.840185  2876 feature_extraction.cc:271]   Dimensions:      1600 x 900
I20261008 08:50:41.840803  2876 feature_extraction.cc:274]   Camera:          #1 - OPENCV
I20261008 08:50:41.841492  2876 feature_extraction.cc:277]   Focal Length:    1920.00px
I20261008 08:50:41.842160  2876 feature_extraction.cc:281]   Features:        277
I20261008 08:50:41.843531  2876 feature_extraction.cc:259] Processed file [203/220]
I20261008 08:50:41.844609  2876 feature_extraction.cc:262]   Name:            train/frame_0201.jpg
I20261008 08:50:41.845110  2876 feature_extraction.cc:271]   Dimensions:      1600 x 900
I20261008 08:50:41.845546  2876 feature_extraction.cc:274]   Camera:          #1 - OPENCV
I20261008 08:50:41.845892  2876 feature_extraction.cc:277]   Focal Length:    1920.00px
I20261008 08:50:41.846398  2876 feature_extraction.cc:281]   Features:        287
I20261008 08:50:42.268926  2876 feature_extraction.cc:259] Processed file [204/220]
I20261008 08:50:42.270438  2876 feature_extraction.cc:262]   Name:            train/frame_0203.jpg
I20261008 08:50:42.271351  2876 feature_extraction.cc:271]   Dimensions:      1600 x 900
I20261008 08:50:42.272126  2876 feature_extraction.cc:274]   Camera:          #1 - OPENCV
I20261008 08:50:42.272588  2876 feature_extraction.cc:277]   Focal Length:    1920.00px
I20261008 08:50:42.272985  2876 feature_extraction.cc:281]   Features:        254
I20261008 08:50:42.345213  2876 feature_extraction.cc:259] Processed file [205/220]
I20261008 08:50:42.347433  2876 feature_extraction.cc:262]   Name:            train/frame_0205.jpg
I20261008 08:50:42.348420  2876 feature_extraction.cc:271]   Dimensions:      1600 x 900
I20261008 08:50:42.349052  2876 feature_extraction.cc:274]   Camera:          #1 - OPENCV
I20261008 08:50:42.349555  2876 feature_extraction.cc:277]   Focal Length:    1920.00px
I20261008 08:50:42.350050  2876 feature_extraction.cc:281]   Features:        421
I20261008 08:50:42.449162  2876 feature_extraction.cc:259] Processed file [206/220]
I20261008 08:50:42.450484  2876 feature_extraction.cc:262]   Name:            train/frame_0204.jpg
I20261008 08:50:42.451319  2876 feature_extraction.cc:271]   Dimensions:      1600 x 900
I20261008 08:50:42.451771  2876 feature_extraction.cc:274]   Camera:          #1 - OPENCV
I20261008 08:50:42.452160  2876 feature_extraction.cc:277]   Focal Length:    1920.00px
I20261008 08:50:42.452625  2876 feature_extraction.cc:281]   Features:        468
I20261008 08:50:42.535660  2876 feature_extraction.cc:259] Processed file [207/220]
I20261008 08:50:42.536700  2876 feature_extraction.cc:262]   Name:            train/frame_0206.jpg
I20261008 08:50:42.537369  2876 feature_extraction.cc:271]   Dimensions:      1600 x 900
I20261008 08:50:42.537997  2876 feature_extraction.cc:274]   Camera:          #1 - OPENCV
I20261008 08:50:42.538453  2876 feature_extraction.cc:277]   Focal Length:    1920.00px
I20261008 08:50:42.538964  2876 feature_extraction.cc:281]   Features:        246
I20261008 08:50:42.539887  2876 feature_extraction.cc:259] Processed file [208/220]
I20261008 08:50:42.540369  2876 feature_extraction.cc:262]   Name:            train/frame_0207.jpg
I20261008 08:50:42.540760  2876 feature_extraction.cc:271]   Dimensions:      1600 x 900
I20261008 08:50:42.541168  2876 feature_extraction.cc:274]   Camera:          #1 - OPENCV
I20261008 08:50:42.541699  2876 feature_extraction.cc:277]   Focal Length:    1920.00px
I20261008 08:50:42.542171  2876 feature_extraction.cc:281]   Features:        695
I20261008 08:50:42.549239  2876 feature_extraction.cc:259] Processed file [209/220]
I20261008 08:50:42.550647  2876 feature_extraction.cc:262]   Name:            train/frame_0210.jpg
I20261008 08:50:42.551071  2876 feature_extraction.cc:271]   Dimensions:      1600 x 900
I20261008 08:50:42.551548  2876 feature_extraction.cc:274]   Camera:          #1 - OPENCV
I20261008 08:50:42.552163  2876 feature_extraction.cc:277]   Focal Length:    1920.00px
I20261008 08:50:42.552584  2876 feature_extraction.cc:281]   Features:        1064
I20261008 08:50:42.599879  2876 feature_extraction.cc:259] Processed file [210/220]
I20261008 08:50:42.601337  2876 feature_extraction.cc:262]   Name:            train/frame_0208.jpg
I20261008 08:50:42.601888  2876 feature_extraction.cc:271]   Dimensions:      1600 x 900
I20261008 08:50:42.602370  2876 feature_extraction.cc:274]   Camera:          #1 - OPENCV
I20261008 08:50:42.602705  2876 feature_extraction.cc:277]   Focal Length:    1920.00px
I20261008 08:50:42.603121  2876 feature_extraction.cc:281]   Features:        986
I20261008 08:50:42.606115  2876 feature_extraction.cc:259] Processed file [211/220]
I20261008 08:50:42.606734  2876 feature_extraction.cc:262]   Name:            train/frame_0211.jpg
I20261008 08:50:42.607081  2876 feature_extraction.cc:271]   Dimensions:      1600 x 900
I20261008 08:50:42.607417  2876 feature_extraction.cc:274]   Camera:          #1 - OPENCV
I20261008 08:50:42.607796  2876 feature_extraction.cc:277]   Focal Length:    1920.00px
I20261008 08:50:42.608637  2876 feature_extraction.cc:281]   Features:        1794
I20261008 08:50:42.624289  2876 feature_extraction.cc:259] Processed file [212/220]
I20261008 08:50:42.625300  2876 feature_extraction.cc:262]   Name:            train/frame_0209.jpg
I20261008 08:50:42.625661  2876 feature_extraction.cc:271]   Dimensions:      1600 x 900
I20261008 08:50:42.626035  2876 feature_extraction.cc:274]   Camera:          #1 - OPENCV
I20261008 08:50:42.626464  2876 feature_extraction.cc:277]   Focal Length:    1920.00px
I20261008 08:50:42.626811  2876 feature_extraction.cc:281]   Features:        936
I20261008 08:50:42.697821  2876 feature_extraction.cc:259] Processed file [213/220]
I20261008 08:50:42.698663  2876 feature_extraction.cc:262]   Name:            train/frame_0213.jpg
I20261008 08:50:42.699173  2876 feature_extraction.cc:271]   Dimensions:      1600 x 900
I20261008 08:50:42.699666  2876 feature_extraction.cc:274]   Camera:          #1 - OPENCV
I20261008 08:50:42.700269  2876 feature_extraction.cc:277]   Focal Length:    1920.00px
I20261008 08:50:42.700650  2876 feature_extraction.cc:281]   Features:        2305
I20261008 08:50:42.746837  2876 feature_extraction.cc:259] Processed file [214/220]
I20261008 08:50:42.748404  2876 feature_extraction.cc:262]   Name:            train/frame_0212.jpg
I20261008 08:50:42.748930  2876 feature_extraction.cc:271]   Dimensions:      1600 x 900
I20261008 08:50:42.749328  2876 feature_extraction.cc:274]   Camera:          #1 - OPENCV
I20261008 08:50:42.749753  2876 feature_extraction.cc:277]   Focal Length:    1920.00px
I20261008 08:50:42.750201  2876 feature_extraction.cc:281]   Features:        1691
I20261008 08:50:42.796873  2876 feature_extraction.cc:259] Processed file [215/220]
I20261008 08:50:42.797832  2876 feature_extraction.cc:262]   Name:            train/frame_0214.jpg
I20261008 08:50:42.798430  2876 feature_extraction.cc:271]   Dimensions:      1600 x 900
I20261008 08:50:42.798971  2876 feature_extraction.cc:274]   Camera:          #1 - OPENCV
I20261008 08:50:42.799464  2876 feature_extraction.cc:277]   Focal Length:    1920.00px
I20261008 08:50:42.800009  2876 feature_extraction.cc:281]   Features:        1791
I20261008 08:50:42.804159  2876 feature_extraction.cc:259] Processed file [216/220]
I20261008 08:50:42.805084  2876 feature_extraction.cc:262]   Name:            train/frame_0215.jpg
I20261008 08:50:42.805465  2876 feature_extraction.cc:271]   Dimensions:      1600 x 900
I20261008 08:50:42.805794  2876 feature_extraction.cc:274]   Camera:          #1 - OPENCV
I20261008 08:50:42.806128  2876 feature_extraction.cc:277]   Focal Length:    1920.00px
I20261008 08:50:42.806347  2876 feature_extraction.cc:281]   Features:        1634
I20261008 08:50:42.928946  2876 feature_extraction.cc:259] Processed file [217/220]
I20261008 08:50:42.929919  2876 feature_extraction.cc:262]   Name:            train/frame_0216.jpg
I20261008 08:50:42.930188  2876 feature_extraction.cc:271]   Dimensions:      1600 x 900
I20261008 08:50:42.930418  2876 feature_extraction.cc:274]   Camera:          #1 - OPENCV
I20261008 08:50:42.930606  2876 feature_extraction.cc:277]   Focal Length:    1920.00px
I20261008 08:50:42.930796  2876 feature_extraction.cc:281]   Features:        1377
I20261008 08:50:43.290930  2876 feature_extraction.cc:259] Processed file [218/220]
I20261008 08:50:43.291644  2876 feature_extraction.cc:262]   Name:            train/frame_0217.jpg
I20261008 08:50:43.292004  2876 feature_extraction.cc:271]   Dimensions:      1600 x 900
I20261008 08:50:43.292238  2876 feature_extraction.cc:274]   Camera:          #1 - OPENCV
I20261008 08:50:43.292433  2876 feature_extraction.cc:277]   Focal Length:    1920.00px
I20261008 08:50:43.292752  2876 feature_extraction.cc:281]   Features:        2921
I20261008 08:50:43.303126  2876 feature_extraction.cc:259] Processed file [219/220]
I20261008 08:50:43.303707  2876 feature_extraction.cc:262]   Name:            train/frame_0218.jpg
I20261008 08:50:43.304247  2876 feature_extraction.cc:271]   Dimensions:      1600 x 900
I20261008 08:50:43.304629  2876 feature_extraction.cc:274]   Camera:          #1 - OPENCV
I20261008 08:50:43.305037  2876 feature_extraction.cc:277]   Focal Length:    1920.00px
I20261008 08:50:43.305333  2876 feature_extraction.cc:281]   Features:        2817
I20261008 08:50:43.437391  2876 feature_extraction.cc:259] Processed file [220/220]
I20261008 08:50:43.438359  2876 feature_extraction.cc:262]   Name:            train/frame_0219.jpg
I20261008 08:50:43.438905  2876 feature_extraction.cc:271]   Dimensions:      1600 x 900
I20261008 08:50:43.439379  2876 feature_extraction.cc:274]   Camera:          #1 - OPENCV
I20261008 08:50:43.439800  2876 feature_extraction.cc:277]   Focal Length:    1920.00px
I20261008 08:50:43.440261  2876 feature_extraction.cc:281]   Features:        2605
I20261008 08:50:43.455047  2843 timer.cc:91] Elapsed time: 0.758 [minutes]
+ colmap exhaustive_matcher --database_path /home/kiranriya0990/hn3d_work/room/colmap/database.db --SiftMatching.num_threads 16 --SiftMatching.use_gpu 0
I20261008 08:50:43.701185  2878 misc.cc:44] 
==============================================================================
Feature matching
==============================================================================
I20261008 08:50:43.715293  2879 sift.cc:1434] Creating SIFT CPU feature matcher
I20261008 08:50:43.715431  2880 sift.cc:1434] Creating SIFT CPU feature matcher
I20261008 08:50:43.715538  2881 sift.cc:1434] Creating SIFT CPU feature matcher
I20261008 08:50:43.716240  2882 sift.cc:1434] Creating SIFT CPU feature matcher
I20261008 08:50:43.716401  2883 sift.cc:1434] Creating SIFT CPU feature matcher
I20261008 08:50:43.716707  2884 sift.cc:1434] Creating SIFT CPU feature matcher
I20261008 08:50:43.716807  2885 sift.cc:1434] Creating SIFT CPU feature matcher
I20261008 08:50:43.717101  2886 sift.cc:1434] Creating SIFT CPU feature matcher
I20261008 08:50:43.717367  2888 sift.cc:1434] Creating SIFT CPU feature matcher
I20261008 08:50:43.717590  2887 sift.cc:1434] Creating SIFT CPU feature matcher
I20261008 08:50:43.717820  2889 sift.cc:1434] Creating SIFT CPU feature matcher
I20261008 08:50:43.717898  2890 sift.cc:1434] Creating SIFT CPU feature matcher
I20261008 08:50:43.718020  2891 sift.cc:1434] Creating SIFT CPU feature matcher
I20261008 08:50:43.718364  2892 sift.cc:1434] Creating SIFT CPU feature matcher
I20261008 08:50:43.718442  2893 sift.cc:1434] Creating SIFT CPU feature matcher
I20261008 08:50:43.718514  2894 sift.cc:1434] Creating SIFT CPU feature matcher
I20261008 08:50:43.725935  2878 pairing.cc:173] Generating exhaustive image pairs...
I20261008 08:50:43.726224  2878 pairing.cc:206] Matching block [1/5, 1/5]
I20261008 08:50:50.060039  2878 feature_matching.cc:47] in 6.334s
I20261008 08:50:50.061283  2878 pairing.cc:206] Matching block [1/5, 2/5]
I20261008 08:51:01.355199  2878 feature_matching.cc:47] in 11.294s
I20261008 08:51:01.356472  2878 pairing.cc:206] Matching block [1/5, 3/5]
I20261008 08:51:11.139782  2878 feature_matching.cc:47] in 9.784s
I20261008 08:51:11.141090  2878 pairing.cc:206] Matching block [1/5, 4/5]
I20261008 08:51:20.795562  2878 feature_matching.cc:47] in 9.655s
I20261008 08:51:20.796443  2878 pairing.cc:206] Matching block [1/5, 5/5]
I20261008 08:51:22.588430  2878 feature_matching.cc:47] in 1.792s
I20261008 08:51:22.589354  2878 pairing.cc:206] Matching block [2/5, 1/5]
I20261008 08:51:35.338855  2878 feature_matching.cc:47] in 12.750s
I20261008 08:51:35.339457  2878 pairing.cc:206] Matching block [2/5, 2/5]
I20261008 08:51:41.751001  2878 feature_matching.cc:47] in 6.412s
I20261008 08:51:41.752054  2878 pairing.cc:206] Matching block [2/5, 3/5]
I20261008 08:51:52.195475  2878 feature_matching.cc:47] in 10.443s
I20261008 08:51:52.196867  2878 pairing.cc:206] Matching block [2/5, 4/5]
I20261008 08:52:03.001667  2878 feature_matching.cc:47] in 10.805s
I20261008 08:52:03.002547  2878 pairing.cc:206] Matching block [2/5, 5/5]
I20261008 08:52:05.360606  2878 feature_matching.cc:47] in 2.358s
I20261008 08:52:05.361901  2878 pairing.cc:206] Matching block [3/5, 1/5]
I20261008 08:52:12.695830  2878 feature_matching.cc:47] in 7.334s
I20261008 08:52:12.696987  2878 pairing.cc:206] Matching block [3/5, 2/5]
I20261008 08:52:20.028100  2878 feature_matching.cc:47] in 7.331s
I20261008 08:52:20.029232  2878 pairing.cc:206] Matching block [3/5, 3/5]
I20261008 08:52:23.199607  2878 feature_matching.cc:47] in 3.170s
I20261008 08:52:23.200565  2878 pairing.cc:206] Matching block [3/5, 4/5]
I20261008 08:52:28.957823  2878 feature_matching.cc:47] in 5.757s
I20261008 08:52:28.958986  2878 pairing.cc:206] Matching block [3/5, 5/5]
I20261008 08:52:30.607339  2878 feature_matching.cc:47] in 1.648s
I20261008 08:52:30.608161  2878 pairing.cc:206] Matching block [4/5, 1/5]
I20261008 08:52:42.809810  2878 feature_matching.cc:47] in 12.202s
I20261008 08:52:42.811038  2878 pairing.cc:206] Matching block [4/5, 2/5]
I20261008 08:52:54.651549  2878 feature_matching.cc:47] in 11.841s
I20261008 08:52:54.652427  2878 pairing.cc:206] Matching block [4/5, 3/5]
I20261008 08:53:04.107205  2878 feature_matching.cc:47] in 9.455s
I20261008 08:53:04.108160  2878 pairing.cc:206] Matching block [4/5, 4/5]
I20261008 08:53:08.845192  2878 feature_matching.cc:47] in 4.737s
I20261008 08:53:08.846168  2878 pairing.cc:206] Matching block [4/5, 5/5]
I20261008 08:53:11.749508  2878 feature_matching.cc:47] in 2.903s
I20261008 08:53:11.750769  2878 pairing.cc:206] Matching block [5/5, 1/5]
I20261008 08:53:16.232650  2878 feature_matching.cc:47] in 4.482s
I20261008 08:53:16.233644  2878 pairing.cc:206] Matching block [5/5, 2/5]
I20261008 08:53:20.847504  2878 feature_matching.cc:47] in 4.614s
I20261008 08:53:20.848575  2878 pairing.cc:206] Matching block [5/5, 3/5]
I20261008 08:53:24.029608  2878 feature_matching.cc:47] in 3.181s
I20261008 08:53:24.030998  2878 pairing.cc:206] Matching block [5/5, 4/5]
I20261008 08:53:27.857151  2878 feature_matching.cc:47] in 3.826s
I20261008 08:53:27.858122  2878 pairing.cc:206] Matching block [5/5, 5/5]
I20261008 08:53:28.596148  2878 feature_matching.cc:47] in 0.738s
I20261008 08:53:28.596997  2878 timer.cc:91] Elapsed time: 2.748 [minutes]
+ colmap mapper --database_path /home/kiranriya0990/hn3d_work/room/colmap/database.db --image_path /home/kiranriya0990/hn3d_work/room/images --output_path /home/kiranriya0990/hn3d_work/room/colmap/sparse --Mapper.num_threads 16 --Mapper.ba_global_function_tolerance 0.000001
I20261008 08:53:28.648707  2934 incremental_pipeline.cc:254] Loading database
I20261008 08:53:28.651742  2934 database_cache.cc:66] Loading rigs...
I20261008 08:53:28.652627  2934 database_cache.cc:76]  1 in 0.001s
I20261008 08:53:28.653625  2934 database_cache.cc:84] Loading cameras...
I20261008 08:53:28.654129  2934 database_cache.cc:102]  1 in 0.001s
I20261008 08:53:28.654649  2934 database_cache.cc:110] Loading frames...
I20261008 08:53:28.655187  2934 database_cache.cc:127]  220 in 0.001s
I20261008 08:53:28.655594  2934 database_cache.cc:135] Loading matches...
I20261008 08:53:28.669299  2934 database_cache.cc:140]  6185 in 0.014s
I20261008 08:53:28.670215  2934 database_cache.cc:156] Loading images...
I20261008 08:53:28.686254  2934 database_cache.cc:241]  220 in 0.016s (connected 220)
I20261008 08:53:28.686940  2934 database_cache.cc:252] Building correspondence graph...
I20261008 08:53:28.743288  2934 database_cache.cc:279]  in 0.056s (ignored 0)
I20261008 08:53:28.745419  2934 timer.cc:91] Elapsed time: 0.002 [minutes]
I20261008 08:53:28.753250  2934 incremental_pipeline.cc:300] Finding good initial image pair
I20261008 08:53:28.807729  2934 incremental_pipeline.cc:324] Registering initial image pair #88 and #80
I20261008 08:53:28.810387  2934 incremental_pipeline.cc:338] Global bundle adjustment
I20261008 08:53:28.872778  2934 incremental_pipeline.cc:428] Registering image #85 (num_reg_frames=2)
I20261008 08:53:28.873399  2934 incremental_pipeline.cc:431] => Image sees 124 / 1689 points
I20261008 08:53:28.998737  2934 incremental_pipeline.cc:43] Retriangulation and Global bundle adjustment
I20261008 08:53:29.475950  2934 incremental_pipeline.cc:428] Registering image #86 (num_reg_frames=3)
I20261008 08:53:29.477231  2934 incremental_pipeline.cc:431] => Image sees 535 / 1714 points
I20261008 08:53:29.700964  2934 incremental_pipeline.cc:43] Retriangulation and Global bundle adjustment
I20261008 08:53:30.206184  2934 incremental_pipeline.cc:428] Registering image #87 (num_reg_frames=4)
I20261008 08:53:30.207528  2934 incremental_pipeline.cc:431] => Image sees 703 / 1795 points
I20261008 08:53:30.623767  2934 incremental_pipeline.cc:43] Retriangulation and Global bundle adjustment
I20261008 08:53:31.436280  2934 incremental_pipeline.cc:428] Registering image #90 (num_reg_frames=5)
I20261008 08:53:31.437808  2934 incremental_pipeline.cc:431] => Image sees 792 / 1863 points
I20261008 08:53:31.953100  2934 incremental_pipeline.cc:43] Retriangulation and Global bundle adjustment
I20261008 08:53:32.964673  2934 incremental_pipeline.cc:428] Registering image #89 (num_reg_frames=6)
I20261008 08:53:32.965956  2934 incremental_pipeline.cc:431] => Image sees 756 / 1666 points
I20261008 08:53:33.243788  2934 incremental_pipeline.cc:43] Retriangulation and Global bundle adjustment
I20261008 08:53:33.442219  2934 incremental_pipeline.cc:428] Registering image #91 (num_reg_frames=7)
I20261008 08:53:33.443842  2934 incremental_pipeline.cc:431] => Image sees 646 / 1542 points
I20261008 08:53:33.626875  2934 incremental_pipeline.cc:43] Retriangulation and Global bundle adjustment
I20261008 08:53:36.426314  2934 incremental_pipeline.cc:428] Registering image #95 (num_reg_frames=8)
I20261008 08:53:36.427559  2934 incremental_pipeline.cc:431] => Image sees 671 / 1632 points
I20261008 08:53:36.574846  2934 incremental_pipeline.cc:43] Retriangulation and Global bundle adjustment
I20261008 08:53:39.655169  2934 incremental_pipeline.cc:428] Registering image #94 (num_reg_frames=9)
I20261008 08:53:39.656301  2934 incremental_pipeline.cc:431] => Image sees 709 / 1691 points
I20261008 08:53:39.879004  2934 incremental_pipeline.cc:43] Retriangulation and Global bundle adjustment
I20261008 08:53:41.748872  2934 incremental_pipeline.cc:428] Registering image #83 (num_reg_frames=10)
I20261008 08:53:41.750095  2934 incremental_pipeline.cc:431] => Image sees 741 / 1716 points
I20261008 08:53:41.966974  2934 incremental_pipeline.cc:43] Retriangulation and Global bundle adjustment
I20261008 08:53:42.121876  2934 incremental_pipeline.cc:428] Registering image #82 (num_reg_frames=11)
I20261008 08:53:42.122967  2934 incremental_pipeline.cc:431] => Image sees 918 / 1794 points
I20261008 08:53:42.381597  2934 incremental_pipeline.cc:428] Registering image #84 (num_reg_frames=12)
I20261008 08:53:42.382543  2934 incremental_pipeline.cc:431] => Image sees 840 / 1385 points
I20261008 08:53:42.548324  2934 incremental_pipeline.cc:43] Retriangulation and Global bundle adjustment
I20261008 08:53:42.736665  2934 incremental_pipeline.cc:428] Registering image #81 (num_reg_frames=13)
I20261008 08:53:42.737581  2934 incremental_pipeline.cc:431] => Image sees 731 / 1615 points
I20261008 08:53:43.017789  2934 incremental_pipeline.cc:43] Retriangulation and Global bundle adjustment
I20261008 08:53:43.246953  2934 incremental_pipeline.cc:428] Registering image #78 (num_reg_frames=14)
I20261008 08:53:43.248234  2934 incremental_pipeline.cc:431] => Image sees 679 / 1483 points
I20261008 08:53:43.441761  2934 incremental_pipeline.cc:428] Registering image #79 (num_reg_frames=15)
I20261008 08:53:43.442919  2934 incremental_pipeline.cc:431] => Image sees 769 / 1524 points
I20261008 08:53:43.654091  2934 incremental_pipeline.cc:43] Retriangulation and Global bundle adjustment
I20261008 08:53:45.422055  2934 incremental_pipeline.cc:428] Registering image #77 (num_reg_frames=16)
I20261008 08:53:45.423343  2934 incremental_pipeline.cc:431] => Image sees 644 / 1658 points
I20261008 08:53:45.623654  2934 incremental_pipeline.cc:428] Registering image #76 (num_reg_frames=17)
I20261008 08:53:45.625061  2934 incremental_pipeline.cc:431] => Image sees 654 / 1416 points
I20261008 08:53:45.849217  2934 incremental_pipeline.cc:43] Retriangulation and Global bundle adjustment
I20261008 08:53:48.747119  2934 incremental_pipeline.cc:428] Registering image #75 (num_reg_frames=18)
I20261008 08:53:48.748402  2934 incremental_pipeline.cc:431] => Image sees 736 / 1698 points
I20261008 08:53:48.933585  2934 incremental_pipeline.cc:428] Registering image #74 (num_reg_frames=19)
I20261008 08:53:48.935021  2934 incremental_pipeline.cc:431] => Image sees 667 / 1535 points
I20261008 08:53:49.130434  2934 incremental_pipeline.cc:43] Retriangulation and Global bundle adjustment
I20261008 08:53:50.079870  2934 incremental_pipeline.cc:428] Registering image #73 (num_reg_frames=20)
I20261008 08:53:50.081231  2934 incremental_pipeline.cc:431] => Image sees 741 / 1654 points
I20261008 08:53:50.413970  2934 incremental_pipeline.cc:428] Registering image #72 (num_reg_frames=21)
I20261008 08:53:50.415575  2934 incremental_pipeline.cc:431] => Image sees 784 / 1782 points
I20261008 08:53:50.739413  2934 incremental_pipeline.cc:43] Retriangulation and Global bundle adjustment
I20261008 08:53:51.315199  2934 incremental_pipeline.cc:428] Registering image #71 (num_reg_frames=22)
I20261008 08:53:51.316417  2934 incremental_pipeline.cc:431] => Image sees 805 / 1579 points
I20261008 08:53:51.629537  2934 incremental_pipeline.cc:428] Registering image #70 (num_reg_frames=23)
I20261008 08:53:51.630910  2934 incremental_pipeline.cc:431] => Image sees 759 / 1735 points
I20261008 08:53:51.843612  2934 incremental_pipeline.cc:428] Registering image #69 (num_reg_frames=24)
I20261008 08:53:51.844941  2934 incremental_pipeline.cc:431] => Image sees 825 / 1678 points
I20261008 08:53:52.085207  2934 incremental_pipeline.cc:43] Retriangulation and Global bundle adjustment
I20261008 08:53:52.437237  2934 incremental_pipeline.cc:428] Registering image #68 (num_reg_frames=25)
I20261008 08:53:52.437922  2934 incremental_pipeline.cc:431] => Image sees 885 / 1846 points
I20261008 08:53:52.725288  2934 incremental_pipeline.cc:428] Registering image #67 (num_reg_frames=26)
I20261008 08:53:52.726718  2934 incremental_pipeline.cc:431] => Image sees 913 / 1723 points
I20261008 08:53:53.069897  2934 incremental_pipeline.cc:428] Registering image #66 (num_reg_frames=27)
I20261008 08:53:53.071273  2934 incremental_pipeline.cc:431] => Image sees 845 / 1659 points
I20261008 08:53:53.260457  2934 incremental_pipeline.cc:43] Retriangulation and Global bundle adjustment
I20261008 08:53:53.514573  2934 incremental_pipeline.cc:428] Registering image #65 (num_reg_frames=28)
I20261008 08:53:53.515594  2934 incremental_pipeline.cc:431] => Image sees 924 / 1775 points
I20261008 08:53:53.812162  2934 incremental_pipeline.cc:428] Registering image #62 (num_reg_frames=29)
I20261008 08:53:53.813501  2934 incremental_pipeline.cc:431] => Image sees 932 / 1722 points
I20261008 08:53:54.160614  2934 incremental_pipeline.cc:428] Registering image #64 (num_reg_frames=30)
I20261008 08:53:54.161846  2934 incremental_pipeline.cc:431] => Image sees 865 / 1682 points
I20261008 08:53:54.461140  2934 incremental_pipeline.cc:43] Retriangulation and Global bundle adjustment
I20261008 08:53:54.925299  2934 incremental_pipeline.cc:428] Registering image #61 (num_reg_frames=31)
I20261008 08:53:54.926556  2934 incremental_pipeline.cc:431] => Image sees 989 / 1742 points
I20261008 08:53:55.173137  2934 incremental_pipeline.cc:428] Registering image #60 (num_reg_frames=32)
I20261008 08:53:55.174332  2934 incremental_pipeline.cc:431] => Image sees 824 / 1681 points
I20261008 08:53:55.553970  2934 incremental_pipeline.cc:428] Registering image #63 (num_reg_frames=33)
I20261008 08:53:55.555402  2934 incremental_pipeline.cc:431] => Image sees 990 / 1900 points
I20261008 08:53:55.879310  2934 incremental_pipeline.cc:43] Retriangulation and Global bundle adjustment
I20261008 08:53:56.205325  2934 incremental_pipeline.cc:428] Registering image #59 (num_reg_frames=34)
I20261008 08:53:56.206910  2934 incremental_pipeline.cc:431] => Image sees 1010 / 1768 points
I20261008 08:53:56.651218  2934 incremental_pipeline.cc:428] Registering image #58 (num_reg_frames=35)
I20261008 08:53:56.652472  2934 incremental_pipeline.cc:431] => Image sees 870 / 1612 points
I20261008 08:53:57.019802  2934 incremental_pipeline.cc:428] Registering image #57 (num_reg_frames=36)
I20261008 08:53:57.020910  2934 incremental_pipeline.cc:431] => Image sees 866 / 1619 points
I20261008 08:53:57.324822  2934 incremental_pipeline.cc:428] Registering image #56 (num_reg_frames=37)
I20261008 08:53:57.326340  2934 incremental_pipeline.cc:431] => Image sees 819 / 1530 points
I20261008 08:53:57.593019  2934 incremental_pipeline.cc:43] Retriangulation and Global bundle adjustment
I20261008 08:53:58.193487  2934 incremental_pipeline.cc:428] Registering image #54 (num_reg_frames=38)
I20261008 08:53:58.194754  2934 incremental_pipeline.cc:431] => Image sees 807 / 1560 points
I20261008 08:53:58.460512  2934 incremental_pipeline.cc:428] Registering image #55 (num_reg_frames=39)
I20261008 08:53:58.461910  2934 incremental_pipeline.cc:431] => Image sees 708 / 1136 points
I20261008 08:53:58.641454  2934 incremental_pipeline.cc:428] Registering image #53 (num_reg_frames=40)
I20261008 08:53:58.642969  2934 incremental_pipeline.cc:431] => Image sees 873 / 1757 points
I20261008 08:53:58.929430  2934 incremental_pipeline.cc:428] Registering image #52 (num_reg_frames=41)
I20261008 08:53:58.930845  2934 incremental_pipeline.cc:431] => Image sees 911 / 1700 points
I20261008 08:53:59.281802  2934 incremental_pipeline.cc:43] Retriangulation and Global bundle adjustment
I20261008 08:53:59.674932  2934 incremental_pipeline.cc:428] Registering image #43 (num_reg_frames=42)
I20261008 08:53:59.676326  2934 incremental_pipeline.cc:431] => Image sees 760 / 1607 points
I20261008 08:53:59.888892  2934 incremental_pipeline.cc:428] Registering image #51 (num_reg_frames=43)
I20261008 08:53:59.890364  2934 incremental_pipeline.cc:431] => Image sees 882 / 1836 points
I20261008 08:54:00.132732  2934 incremental_pipeline.cc:428] Registering image #44 (num_reg_frames=44)
I20261008 08:54:00.134112  2934 incremental_pipeline.cc:431] => Image sees 814 / 1559 points
I20261008 08:54:00.371579  2934 incremental_pipeline.cc:428] Registering image #50 (num_reg_frames=45)
I20261008 08:54:00.372936  2934 incremental_pipeline.cc:431] => Image sees 851 / 1615 points
I20261008 08:54:00.594334  2934 incremental_pipeline.cc:428] Registering image #49 (num_reg_frames=46)
I20261008 08:54:00.595845  2934 incremental_pipeline.cc:431] => Image sees 917 / 1601 points
I20261008 08:54:00.829105  2934 incremental_pipeline.cc:43] Retriangulation and Global bundle adjustment
I20261008 08:54:01.647627  2934 incremental_pipeline.cc:428] Registering image #48 (num_reg_frames=47)
I20261008 08:54:01.648970  2934 incremental_pipeline.cc:431] => Image sees 778 / 1915 points
I20261008 08:54:01.950987  2934 incremental_pipeline.cc:428] Registering image #46 (num_reg_frames=48)
I20261008 08:54:01.952425  2934 incremental_pipeline.cc:431] => Image sees 965 / 1856 points
I20261008 08:54:02.186177  2934 incremental_pipeline.cc:428] Registering image #45 (num_reg_frames=49)
I20261008 08:54:02.187523  2934 incremental_pipeline.cc:431] => Image sees 918 / 2024 points
I20261008 08:54:02.401866  2934 incremental_pipeline.cc:428] Registering image #47 (num_reg_frames=50)
I20261008 08:54:02.403815  2934 incremental_pipeline.cc:431] => Image sees 1036 / 2039 points
I20261008 08:54:02.707041  2934 incremental_pipeline.cc:428] Registering image #42 (num_reg_frames=51)
I20261008 08:54:02.708374  2934 incremental_pipeline.cc:431] => Image sees 1027 / 1933 points
I20261008 08:54:02.988379  2934 incremental_pipeline.cc:43] Retriangulation and Global bundle adjustment
I20261008 08:54:04.106199  2934 incremental_pipeline.cc:428] Registering image #41 (num_reg_frames=52)
I20261008 08:54:04.107662  2934 incremental_pipeline.cc:431] => Image sees 961 / 1851 points
I20261008 08:54:04.395977  2934 incremental_pipeline.cc:428] Registering image #40 (num_reg_frames=53)
I20261008 08:54:04.397282  2934 incremental_pipeline.cc:431] => Image sees 902 / 1760 points
I20261008 08:54:04.732425  2934 incremental_pipeline.cc:428] Registering image #38 (num_reg_frames=54)
I20261008 08:54:04.733783  2934 incremental_pipeline.cc:431] => Image sees 845 / 2119 points
I20261008 08:54:05.084112  2934 incremental_pipeline.cc:428] Registering image #37 (num_reg_frames=55)
I20261008 08:54:05.085678  2934 incremental_pipeline.cc:431] => Image sees 979 / 2006 points
I20261008 08:54:05.358448  2934 incremental_pipeline.cc:428] Registering image #39 (num_reg_frames=56)
I20261008 08:54:05.359740  2934 incremental_pipeline.cc:431] => Image sees 894 / 1597 points
I20261008 08:54:05.739341  2934 incremental_pipeline.cc:428] Registering image #36 (num_reg_frames=57)
I20261008 08:54:05.740965  2934 incremental_pipeline.cc:431] => Image sees 848 / 1846 points
I20261008 08:54:06.085445  2934 incremental_pipeline.cc:43] Retriangulation and Global bundle adjustment
I20261008 08:54:07.790719  2934 incremental_pipeline.cc:428] Registering image #35 (num_reg_frames=58)
I20261008 08:54:07.792091  2934 incremental_pipeline.cc:431] => Image sees 955 / 1801 points
I20261008 08:54:08.058877  2934 incremental_pipeline.cc:428] Registering image #20 (num_reg_frames=59)
I20261008 08:54:08.060324  2934 incremental_pipeline.cc:431] => Image sees 981 / 1946 points
I20261008 08:54:08.357081  2934 incremental_pipeline.cc:428] Registering image #19 (num_reg_frames=60)
I20261008 08:54:08.358392  2934 incremental_pipeline.cc:431] => Image sees 915 / 1772 points
I20261008 08:54:08.737699  2934 incremental_pipeline.cc:428] Registering image #29 (num_reg_frames=61)
I20261008 08:54:08.739039  2934 incremental_pipeline.cc:431] => Image sees 1041 / 1988 points
I20261008 08:54:09.091336  2934 incremental_pipeline.cc:428] Registering image #34 (num_reg_frames=62)
I20261008 08:54:09.092681  2934 incremental_pipeline.cc:431] => Image sees 1187 / 2069 points
I20261008 08:54:09.377732  2934 incremental_pipeline.cc:428] Registering image #31 (num_reg_frames=63)
I20261008 08:54:09.379210  2934 incremental_pipeline.cc:431] => Image sees 1025 / 1841 points
I20261008 08:54:09.718730  2934 incremental_pipeline.cc:43] Retriangulation and Global bundle adjustment
I20261008 08:54:11.230486  2934 incremental_pipeline.cc:428] Registering image #27 (num_reg_frames=64)
I20261008 08:54:11.231916  2934 incremental_pipeline.cc:431] => Image sees 801 / 1427 points
I20261008 08:54:11.614814  2934 incremental_pipeline.cc:428] Registering image #25 (num_reg_frames=65)
I20261008 08:54:11.616214  2934 incremental_pipeline.cc:431] => Image sees 891 / 1587 points
I20261008 08:54:11.875023  2934 incremental_pipeline.cc:428] Registering image #23 (num_reg_frames=66)
I20261008 08:54:11.875855  2934 incremental_pipeline.cc:431] => Image sees 1079 / 1762 points
I20261008 08:54:12.300879  2934 incremental_pipeline.cc:428] Registering image #33 (num_reg_frames=67)
I20261008 08:54:12.302204  2934 incremental_pipeline.cc:431] => Image sees 762 / 1616 points
I20261008 08:54:12.702481  2934 incremental_pipeline.cc:428] Registering image #26 (num_reg_frames=68)
I20261008 08:54:12.703815  2934 incremental_pipeline.cc:431] => Image sees 729 / 1384 points
I20261008 08:54:13.065886  2934 incremental_pipeline.cc:428] Registering image #97 (num_reg_frames=69)
I20261008 08:54:13.067377  2934 incremental_pipeline.cc:431] => Image sees 699 / 1468 points
I20261008 08:54:13.409822  2934 incremental_pipeline.cc:428] Registering image #96 (num_reg_frames=70)
I20261008 08:54:13.411087  2934 incremental_pipeline.cc:431] => Image sees 591 / 1062 points
I20261008 08:54:13.646256  2934 incremental_pipeline.cc:43] Retriangulation and Global bundle adjustment
I20261008 08:54:15.868593  2934 incremental_pipeline.cc:428] Registering image #98 (num_reg_frames=71)
I20261008 08:54:15.869757  2934 incremental_pipeline.cc:431] => Image sees 657 / 1326 points
I20261008 08:54:16.185524  2934 incremental_pipeline.cc:428] Registering image #92 (num_reg_frames=72)
I20261008 08:54:16.186789  2934 incremental_pipeline.cc:431] => Image sees 719 / 1421 points
I20261008 08:54:16.447412  2934 incremental_pipeline.cc:428] Registering image #93 (num_reg_frames=73)
I20261008 08:54:16.448659  2934 incremental_pipeline.cc:431] => Image sees 717 / 1324 points
I20261008 08:54:16.751364  2934 incremental_pipeline.cc:428] Registering image #24 (num_reg_frames=74)
I20261008 08:54:16.752722  2934 incremental_pipeline.cc:431] => Image sees 694 / 1401 points
I20261008 08:54:17.045650  2934 incremental_pipeline.cc:428] Registering image #99 (num_reg_frames=75)
I20261008 08:54:17.047029  2934 incremental_pipeline.cc:431] => Image sees 604 / 1153 points
I20261008 08:54:17.226620  2934 incremental_pipeline.cc:428] Registering image #100 (num_reg_frames=76)
I20261008 08:54:17.227926  2934 incremental_pipeline.cc:431] => Image sees 618 / 1314 points
I20261008 08:54:17.468865  2934 incremental_pipeline.cc:428] Registering image #101 (num_reg_frames=77)
I20261008 08:54:17.470242  2934 incremental_pipeline.cc:431] => Image sees 687 / 1371 points
I20261008 08:54:17.714797  2934 incremental_pipeline.cc:428] Registering image #103 (num_reg_frames=78)
I20261008 08:54:17.715991  2934 incremental_pipeline.cc:431] => Image sees 708 / 1396 points
I20261008 08:54:17.911082  2934 incremental_pipeline.cc:43] Retriangulation and Global bundle adjustment
I20261008 08:54:19.687567  2934 incremental_pipeline.cc:428] Registering image #104 (num_reg_frames=79)
I20261008 08:54:19.688870  2934 incremental_pipeline.cc:431] => Image sees 658 / 1310 points
I20261008 08:54:19.880591  2934 incremental_pipeline.cc:428] Registering image #102 (num_reg_frames=80)
I20261008 08:54:19.881843  2934 incremental_pipeline.cc:431] => Image sees 511 / 879 points
I20261008 08:54:20.084697  2934 incremental_pipeline.cc:428] Registering image #106 (num_reg_frames=81)
I20261008 08:54:20.085664  2934 incremental_pipeline.cc:431] => Image sees 604 / 1319 points
I20261008 08:54:20.257220  2934 incremental_pipeline.cc:428] Registering image #105 (num_reg_frames=82)
I20261008 08:54:20.258486  2934 incremental_pipeline.cc:431] => Image sees 658 / 1359 points
I20261008 08:54:20.441331  2934 incremental_pipeline.cc:428] Registering image #107 (num_reg_frames=83)
I20261008 08:54:20.442567  2934 incremental_pipeline.cc:431] => Image sees 608 / 1199 points
I20261008 08:54:20.646834  2934 incremental_pipeline.cc:428] Registering image #110 (num_reg_frames=84)
I20261008 08:54:20.648232  2934 incremental_pipeline.cc:431] => Image sees 630 / 1152 points
I20261008 08:54:20.838236  2934 incremental_pipeline.cc:428] Registering image #108 (num_reg_frames=85)
I20261008 08:54:20.839499  2934 incremental_pipeline.cc:431] => Image sees 491 / 865 points
I20261008 08:54:21.063619  2934 incremental_pipeline.cc:428] Registering image #109 (num_reg_frames=86)
I20261008 08:54:21.064834  2934 incremental_pipeline.cc:431] => Image sees 432 / 837 points
I20261008 08:54:21.244922  2934 incremental_pipeline.cc:43] Retriangulation and Global bundle adjustment
I20261008 08:54:23.007982  2934 incremental_pipeline.cc:428] Registering image #111 (num_reg_frames=87)
I20261008 08:54:23.009438  2934 incremental_pipeline.cc:431] => Image sees 540 / 1050 points
I20261008 08:54:23.158398  2934 incremental_pipeline.cc:428] Registering image #113 (num_reg_frames=88)
I20261008 08:54:23.159766  2934 incremental_pipeline.cc:431] => Image sees 468 / 932 points
I20261008 08:54:23.307097  2934 incremental_pipeline.cc:428] Registering image #114 (num_reg_frames=89)
I20261008 08:54:23.308549  2934 incremental_pipeline.cc:431] => Image sees 471 / 945 points
I20261008 08:54:23.507259  2934 incremental_pipeline.cc:428] Registering image #112 (num_reg_frames=90)
I20261008 08:54:23.508527  2934 incremental_pipeline.cc:431] => Image sees 489 / 836 points
I20261008 08:54:23.655508  2934 incremental_pipeline.cc:428] Registering image #117 (num_reg_frames=91)
I20261008 08:54:23.656718  2934 incremental_pipeline.cc:431] => Image sees 571 / 994 points
I20261008 08:54:23.822422  2934 incremental_pipeline.cc:428] Registering image #115 (num_reg_frames=92)
I20261008 08:54:23.823676  2934 incremental_pipeline.cc:431] => Image sees 530 / 918 points
I20261008 08:54:23.932616  2934 incremental_pipeline.cc:428] Registering image #116 (num_reg_frames=93)
I20261008 08:54:23.933916  2934 incremental_pipeline.cc:431] => Image sees 482 / 858 points
I20261008 08:54:24.119141  2934 incremental_pipeline.cc:428] Registering image #119 (num_reg_frames=94)
I20261008 08:54:24.120378  2934 incremental_pipeline.cc:431] => Image sees 481 / 827 points
I20261008 08:54:24.275399  2934 incremental_pipeline.cc:428] Registering image #120 (num_reg_frames=95)
I20261008 08:54:24.276751  2934 incremental_pipeline.cc:431] => Image sees 431 / 793 points
I20261008 08:54:24.425539  2934 incremental_pipeline.cc:43] Retriangulation and Global bundle adjustment
I20261008 08:54:26.467262  2934 incremental_pipeline.cc:428] Registering image #118 (num_reg_frames=96)
I20261008 08:54:26.468616  2934 incremental_pipeline.cc:431] => Image sees 437 / 770 points
I20261008 08:54:26.631228  2934 incremental_pipeline.cc:428] Registering image #121 (num_reg_frames=97)
I20261008 08:54:26.632514  2934 incremental_pipeline.cc:431] => Image sees 328 / 535 points
I20261008 08:54:26.791918  2934 incremental_pipeline.cc:428] Registering image #122 (num_reg_frames=98)
I20261008 08:54:26.792922  2934 incremental_pipeline.cc:431] => Image sees 352 / 610 points
I20261008 08:54:26.927529  2934 incremental_pipeline.cc:428] Registering image #123 (num_reg_frames=99)
I20261008 08:54:26.928808  2934 incremental_pipeline.cc:431] => Image sees 343 / 573 points
I20261008 08:54:27.068804  2934 incremental_pipeline.cc:428] Registering image #30 (num_reg_frames=100)
I20261008 08:54:27.070092  2934 incremental_pipeline.cc:431] => Image sees 257 / 812 points
I20261008 08:54:27.369199  2934 incremental_pipeline.cc:428] Registering image #28 (num_reg_frames=101)
I20261008 08:54:27.370452  2934 incremental_pipeline.cc:431] => Image sees 177 / 718 points
I20261008 08:54:27.530638  2934 incremental_pipeline.cc:428] Registering image #124 (num_reg_frames=102)
I20261008 08:54:27.531796  2934 incremental_pipeline.cc:431] => Image sees 214 / 338 points
I20261008 08:54:27.616443  2934 incremental_pipeline.cc:428] Registering image #21 (num_reg_frames=103)
I20261008 08:54:27.617710  2934 incremental_pipeline.cc:431] => Image sees 191 / 748 points
I20261008 08:54:27.859234  2934 incremental_pipeline.cc:428] Registering image #32 (num_reg_frames=104)
I20261008 08:54:27.860631  2934 incremental_pipeline.cc:431] => Image sees 213 / 898 points
I20261008 08:54:28.040791  2934 incremental_pipeline.cc:428] Registering image #17 (num_reg_frames=105)
I20261008 08:54:28.042100  2934 incremental_pipeline.cc:431] => Image sees 284 / 1042 points
I20261008 08:54:28.221940  2934 incremental_pipeline.cc:43] Retriangulation and Global bundle adjustment
I20261008 08:54:31.164740  2934 incremental_pipeline.cc:428] Registering image #18 (num_reg_frames=106)
I20261008 08:54:31.166026  2934 incremental_pipeline.cc:431] => Image sees 284 / 1008 points
I20261008 08:54:31.389456  2934 incremental_pipeline.cc:428] Registering image #22 (num_reg_frames=107)
I20261008 08:54:31.390623  2934 incremental_pipeline.cc:431] => Image sees 269 / 949 points
I20261008 08:54:31.616218  2934 incremental_pipeline.cc:428] Registering image #125 (num_reg_frames=108)
I20261008 08:54:31.617622  2934 incremental_pipeline.cc:431] => Image sees 233 / 393 points
I20261008 08:54:31.720063  2934 incremental_pipeline.cc:428] Registering image #16 (num_reg_frames=109)
I20261008 08:54:31.721278  2934 incremental_pipeline.cc:431] => Image sees 220 / 819 points
I20261008 08:54:31.900429  2934 incremental_pipeline.cc:428] Registering image #15 (num_reg_frames=110)
I20261008 08:54:31.901786  2934 incremental_pipeline.cc:431] => Image sees 258 / 915 points
I20261008 08:54:32.019011  2934 incremental_pipeline.cc:428] Registering image #10 (num_reg_frames=111)
I20261008 08:54:32.020319  2934 incremental_pipeline.cc:431] => Image sees 237 / 926 points
I20261008 08:54:32.168210  2934 incremental_pipeline.cc:428] Registering image #12 (num_reg_frames=112)
I20261008 08:54:32.169090  2934 incremental_pipeline.cc:431] => Image sees 248 / 876 points
I20261008 08:54:32.314280  2934 incremental_pipeline.cc:428] Registering image #13 (num_reg_frames=113)
I20261008 08:54:32.315699  2934 incremental_pipeline.cc:431] => Image sees 236 / 862 points
I20261008 08:54:32.429267  2934 incremental_pipeline.cc:428] Registering image #5 (num_reg_frames=114)
I20261008 08:54:32.430598  2934 incremental_pipeline.cc:431] => Image sees 213 / 736 points
I20261008 08:54:32.499747  2934 incremental_pipeline.cc:428] Registering image #14 (num_reg_frames=115)
I20261008 08:54:32.500893  2934 incremental_pipeline.cc:431] => Image sees 229 / 832 points
I20261008 08:54:32.595481  2934 incremental_pipeline.cc:428] Registering image #11 (num_reg_frames=116)
I20261008 08:54:32.596462  2934 incremental_pipeline.cc:431] => Image sees 273 / 804 points
I20261008 08:54:32.684597  2934 incremental_pipeline.cc:43] Retriangulation and Global bundle adjustment
I20261008 08:54:37.310701  2934 incremental_pipeline.cc:428] Registering image #6 (num_reg_frames=117)
I20261008 08:54:37.312146  2934 incremental_pipeline.cc:431] => Image sees 296 / 742 points
I20261008 08:54:37.421591  2934 incremental_pipeline.cc:428] Registering image #4 (num_reg_frames=118)
I20261008 08:54:37.422729  2934 incremental_pipeline.cc:431] => Image sees 316 / 850 points
I20261008 08:54:37.570617  2934 incremental_pipeline.cc:428] Registering image #3 (num_reg_frames=119)
I20261008 08:54:37.572009  2934 incremental_pipeline.cc:431] => Image sees 329 / 633 points
I20261008 08:54:37.680480  2934 incremental_pipeline.cc:428] Registering image #1 (num_reg_frames=120)
I20261008 08:54:37.682226  2934 incremental_pipeline.cc:431] => Image sees 286 / 790 points
I20261008 08:54:37.776319  2934 incremental_pipeline.cc:428] Registering image #8 (num_reg_frames=121)
I20261008 08:54:37.777658  2934 incremental_pipeline.cc:431] => Image sees 290 / 682 points
I20261008 08:54:37.896008  2934 incremental_pipeline.cc:428] Registering image #2 (num_reg_frames=122)
I20261008 08:54:37.896993  2934 incremental_pipeline.cc:431] => Image sees 241 / 444 points
I20261008 08:54:38.028378  2934 incremental_pipeline.cc:428] Registering image #7 (num_reg_frames=123)
I20261008 08:54:38.029757  2934 incremental_pipeline.cc:431] => Image sees 298 / 728 points
I20261008 08:54:38.118165  2934 incremental_pipeline.cc:428] Registering image #9 (num_reg_frames=124)
I20261008 08:54:38.119518  2934 incremental_pipeline.cc:431] => Image sees 292 / 676 points
I20261008 08:54:38.218585  2934 incremental_pipeline.cc:428] Registering image #129 (num_reg_frames=125)
I20261008 08:54:38.219880  2934 incremental_pipeline.cc:431] => Image sees 194 / 327 points
I20261008 08:54:38.306417  2934 incremental_pipeline.cc:428] Registering image #168 (num_reg_frames=126)
I20261008 08:54:38.308068  2934 incremental_pipeline.cc:431] => Image sees 136 / 913 points
I20261008 08:54:38.316725  2934 incremental_pipeline.cc:442] => Could not register, trying another image.
I20261008 08:54:38.317975  2934 incremental_pipeline.cc:428] Registering image #167 (num_reg_frames=126)
I20261008 08:54:38.319006  2934 incremental_pipeline.cc:431] => Image sees 126 / 1143 points
I20261008 08:54:38.327831  2934 incremental_pipeline.cc:442] => Could not register, trying another image.
I20261008 08:54:38.328890  2934 incremental_pipeline.cc:428] Registering image #162 (num_reg_frames=126)
I20261008 08:54:38.329780  2934 incremental_pipeline.cc:431] => Image sees 118 / 1044 points
I20261008 08:54:38.337123  2934 incremental_pipeline.cc:442] => Could not register, trying another image.
I20261008 08:54:38.338203  2934 incremental_pipeline.cc:428] Registering image #178 (num_reg_frames=126)
I20261008 08:54:38.339382  2934 incremental_pipeline.cc:431] => Image sees 96 / 910 points
I20261008 08:54:38.346487  2934 incremental_pipeline.cc:442] => Could not register, trying another image.
I20261008 08:54:38.347468  2934 incremental_pipeline.cc:428] Registering image #161 (num_reg_frames=126)
I20261008 08:54:38.348338  2934 incremental_pipeline.cc:431] => Image sees 108 / 944 points
I20261008 08:54:38.355875  2934 incremental_pipeline.cc:442] => Could not register, trying another image.
I20261008 08:54:38.356907  2934 incremental_pipeline.cc:428] Registering image #165 (num_reg_frames=126)
I20261008 08:54:38.357854  2934 incremental_pipeline.cc:431] => Image sees 95 / 1056 points
I20261008 08:54:38.363431  2934 incremental_pipeline.cc:442] => Could not register, trying another image.
I20261008 08:54:38.364410  2934 incremental_pipeline.cc:428] Registering image #163 (num_reg_frames=126)
I20261008 08:54:38.365268  2934 incremental_pipeline.cc:431] => Image sees 100 / 1066 points
I20261008 08:54:38.371189  2934 incremental_pipeline.cc:442] => Could not register, trying another image.
I20261008 08:54:38.372290  2934 incremental_pipeline.cc:428] Registering image #130 (num_reg_frames=126)
I20261008 08:54:38.373407  2934 incremental_pipeline.cc:431] => Image sees 122 / 200 points
I20261008 08:54:38.431599  2934 incremental_pipeline.cc:428] Registering image #164 (num_reg_frames=127)
I20261008 08:54:38.432791  2934 incremental_pipeline.cc:431] => Image sees 86 / 1000 points
I20261008 08:54:38.438174  2934 incremental_pipeline.cc:442] => Could not register, trying another image.
I20261008 08:54:38.439195  2934 incremental_pipeline.cc:428] Registering image #150 (num_reg_frames=127)
I20261008 08:54:38.440116  2934 incremental_pipeline.cc:431] => Image sees 86 / 1081 points
I20261008 08:54:38.446451  2934 incremental_pipeline.cc:442] => Could not register, trying another image.
I20261008 08:54:38.447556  2934 incremental_pipeline.cc:428] Registering image #166 (num_reg_frames=127)
I20261008 08:54:38.448698  2934 incremental_pipeline.cc:431] => Image sees 91 / 1157 points
I20261008 08:54:38.454605  2934 incremental_pipeline.cc:442] => Could not register, trying another image.
I20261008 08:54:38.455724  2934 incremental_pipeline.cc:428] Registering image #126 (num_reg_frames=127)
I20261008 08:54:38.456928  2934 incremental_pipeline.cc:431] => Image sees 107 / 164 points
I20261008 08:54:38.507390  2934 incremental_pipeline.cc:428] Registering image #169 (num_reg_frames=128)
I20261008 08:54:38.508517  2934 incremental_pipeline.cc:431] => Image sees 89 / 836 points
I20261008 08:54:38.514767  2934 incremental_pipeline.cc:442] => Could not register, trying another image.
I20261008 08:54:38.516068  2934 incremental_pipeline.cc:428] Registering image #149 (num_reg_frames=128)
I20261008 08:54:38.516783  2934 incremental_pipeline.cc:431] => Image sees 80 / 1059 points
I20261008 08:54:38.520675  2934 incremental_pipeline.cc:442] => Could not register, trying another image.
I20261008 08:54:38.521299  2934 incremental_pipeline.cc:428] Registering image #170 (num_reg_frames=128)
I20261008 08:54:38.521905  2934 incremental_pipeline.cc:431] => Image sees 71 / 906 points
I20261008 08:54:38.526623  2934 incremental_pipeline.cc:442] => Could not register, trying another image.
I20261008 08:54:38.527335  2934 incremental_pipeline.cc:428] Registering image #159 (num_reg_frames=128)
I20261008 08:54:38.528173  2934 incremental_pipeline.cc:431] => Image sees 65 / 970 points
I20261008 08:54:38.531819  2934 incremental_pipeline.cc:442] => Could not register, trying another image.
I20261008 08:54:38.532667  2934 incremental_pipeline.cc:428] Registering image #131 (num_reg_frames=128)
I20261008 08:54:38.533030  2934 incremental_pipeline.cc:431] => Image sees 78 / 134 points
I20261008 08:54:38.575773  2934 incremental_pipeline.cc:43] Retriangulation and Global bundle adjustment
I20261008 08:54:41.805912  2934 incremental_pipeline.cc:428] Registering image #132 (num_reg_frames=129)
I20261008 08:54:41.806923  2934 incremental_pipeline.cc:431] => Image sees 80 / 117 points
I20261008 08:54:41.859141  2934 incremental_pipeline.cc:428] Registering image #128 (num_reg_frames=130)
I20261008 08:54:41.860610  2934 incremental_pipeline.cc:431] => Image sees 83 / 120 points
I20261008 08:54:41.898505  2934 incremental_pipeline.cc:428] Registering image #127 (num_reg_frames=131)
I20261008 08:54:41.899758  2934 incremental_pipeline.cc:431] => Image sees 97 / 136 points
I20261008 08:54:41.946065  2934 incremental_pipeline.cc:428] Registering image #154 (num_reg_frames=132)
I20261008 08:54:41.947315  2934 incremental_pipeline.cc:431] => Image sees 65 / 813 points
I20261008 08:54:41.951516  2934 incremental_pipeline.cc:442] => Could not register, trying another image.
I20261008 08:54:41.952461  2934 incremental_pipeline.cc:428] Registering image #156 (num_reg_frames=132)
I20261008 08:54:41.953522  2934 incremental_pipeline.cc:431] => Image sees 45 / 907 points
I20261008 08:54:41.956825  2934 incremental_pipeline.cc:442] => Could not register, trying another image.
I20261008 08:54:41.957861  2934 incremental_pipeline.cc:428] Registering image #155 (num_reg_frames=132)
I20261008 08:54:41.958921  2934 incremental_pipeline.cc:431] => Image sees 50 / 958 points
I20261008 08:54:41.962589  2934 incremental_pipeline.cc:442] => Could not register, trying another image.
I20261008 08:54:41.963534  2934 incremental_pipeline.cc:428] Registering image #151 (num_reg_frames=132)
I20261008 08:54:41.964612  2934 incremental_pipeline.cc:431] => Image sees 47 / 892 points
I20261008 08:54:41.968794  2934 incremental_pipeline.cc:442] => Could not register, trying another image.
I20261008 08:54:41.969941  2934 incremental_pipeline.cc:428] Registering image #171 (num_reg_frames=132)
I20261008 08:54:41.970963  2934 incremental_pipeline.cc:431] => Image sees 47 / 792 points
I20261008 08:54:41.974565  2934 incremental_pipeline.cc:442] => Could not register, trying another image.
I20261008 08:54:41.975512  2934 incremental_pipeline.cc:428] Registering image #133 (num_reg_frames=132)
I20261008 08:54:41.976362  2934 incremental_pipeline.cc:431] => Image sees 61 / 102 points
I20261008 08:54:42.006109  2934 incremental_pipeline.cc:428] Registering image #134 (num_reg_frames=133)
I20261008 08:54:42.007155  2934 incremental_pipeline.cc:431] => Image sees 66 / 160 points
I20261008 08:54:42.051965  2934 incremental_pipeline.cc:428] Registering image #135 (num_reg_frames=134)
I20261008 08:54:42.053195  2934 incremental_pipeline.cc:431] => Image sees 59 / 140 points
I20261008 08:54:42.094846  2934 incremental_pipeline.cc:428] Registering image #136 (num_reg_frames=135)
I20261008 08:54:42.096024  2934 incremental_pipeline.cc:431] => Image sees 64 / 218 points
I20261008 08:54:42.131425  2934 incremental_pipeline.cc:428] Registering image #137 (num_reg_frames=136)
I20261008 08:54:42.132637  2934 incremental_pipeline.cc:431] => Image sees 67 / 231 points
I20261008 08:54:42.151387  2934 incremental_pipeline.cc:428] Registering image #138 (num_reg_frames=137)
I20261008 08:54:42.152521  2934 incremental_pipeline.cc:431] => Image sees 34 / 165 points
I20261008 08:54:42.172477  2934 incremental_pipeline.cc:428] Registering image #160 (num_reg_frames=138)
I20261008 08:54:42.173794  2934 incremental_pipeline.cc:431] => Image sees 35 / 640 points
I20261008 08:54:42.177026  2934 incremental_pipeline.cc:442] => Could not register, trying another image.
I20261008 08:54:42.177970  2934 incremental_pipeline.cc:428] Registering image #173 (num_reg_frames=138)
I20261008 08:54:42.178845  2934 incremental_pipeline.cc:431] => Image sees 33 / 1015 points
I20261008 08:54:42.182003  2934 incremental_pipeline.cc:442] => Could not register, trying another image.
I20261008 08:54:42.182940  2934 incremental_pipeline.cc:428] Registering image #145 (num_reg_frames=138)
I20261008 08:54:42.183917  2934 incremental_pipeline.cc:431] => Image sees 32 / 822 points
I20261008 08:54:42.187048  2934 incremental_pipeline.cc:442] => Could not register, trying another image.
I20261008 08:54:42.187924  2934 incremental_pipeline.cc:428] Registering image #168 (num_reg_frames=138)
I20261008 08:54:42.188922  2934 incremental_pipeline.cc:431] => Image sees 136 / 913 points
I20261008 08:54:42.196300  2934 incremental_pipeline.cc:442] => Could not register, trying another image.
I20261008 08:54:42.197353  2934 incremental_pipeline.cc:428] Registering image #167 (num_reg_frames=138)
I20261008 08:54:42.198446  2934 incremental_pipeline.cc:431] => Image sees 126 / 1143 points
I20261008 08:54:42.205390  2934 incremental_pipeline.cc:442] => Could not register, trying another image.
I20261008 08:54:42.206154  2934 incremental_pipeline.cc:428] Registering image #162 (num_reg_frames=138)
I20261008 08:54:42.207223  2934 incremental_pipeline.cc:431] => Image sees 118 / 1044 points
I20261008 08:54:42.214114  2934 incremental_pipeline.cc:442] => Could not register, trying another image.
I20261008 08:54:42.215348  2934 incremental_pipeline.cc:428] Registering image #178 (num_reg_frames=138)
I20261008 08:54:42.216427  2934 incremental_pipeline.cc:431] => Image sees 96 / 910 points
I20261008 08:54:42.222170  2934 incremental_pipeline.cc:442] => Could not register, trying another image.
I20261008 08:54:42.223395  2934 incremental_pipeline.cc:428] Registering image #161 (num_reg_frames=138)
I20261008 08:54:42.224349  2934 incremental_pipeline.cc:431] => Image sees 108 / 944 points
I20261008 08:54:42.230664  2934 incremental_pipeline.cc:442] => Could not register, trying another image.
I20261008 08:54:42.231840  2934 incremental_pipeline.cc:428] Registering image #165 (num_reg_frames=138)
I20261008 08:54:42.232862  2934 incremental_pipeline.cc:431] => Image sees 95 / 1056 points
I20261008 08:54:42.237525  2934 incremental_pipeline.cc:442] => Could not register, trying another image.
I20261008 08:54:42.238659  2934 incremental_pipeline.cc:428] Registering image #163 (num_reg_frames=138)
I20261008 08:54:42.239660  2934 incremental_pipeline.cc:431] => Image sees 100 / 1066 points
I20261008 08:54:42.245018  2934 incremental_pipeline.cc:442] => Could not register, trying another image.
I20261008 08:54:42.246058  2934 incremental_pipeline.cc:428] Registering image #164 (num_reg_frames=138)
I20261008 08:54:42.247146  2934 incremental_pipeline.cc:431] => Image sees 86 / 1000 points
I20261008 08:54:42.252417  2934 incremental_pipeline.cc:442] => Could not register, trying another image.
I20261008 08:54:42.253602  2934 incremental_pipeline.cc:428] Registering image #150 (num_reg_frames=138)
I20261008 08:54:42.254508  2934 incremental_pipeline.cc:431] => Image sees 86 / 1081 points
I20261008 08:54:42.259788  2934 incremental_pipeline.cc:442] => Could not register, trying another image.
I20261008 08:54:42.260594  2934 incremental_pipeline.cc:428] Registering image #166 (num_reg_frames=138)
I20261008 08:54:42.261590  2934 incremental_pipeline.cc:431] => Image sees 91 / 1157 points
I20261008 08:54:42.267321  2934 incremental_pipeline.cc:442] => Could not register, trying another image.
I20261008 08:54:42.269270  2934 incremental_pipeline.cc:428] Registering image #169 (num_reg_frames=138)
I20261008 08:54:42.270319  2934 incremental_pipeline.cc:431] => Image sees 89 / 836 points
I20261008 08:54:42.276834  2934 incremental_pipeline.cc:442] => Could not register, trying another image.
I20261008 08:54:42.277778  2934 incremental_pipeline.cc:428] Registering image #149 (num_reg_frames=138)
I20261008 08:54:42.278257  2934 incremental_pipeline.cc:431] => Image sees 80 / 1059 points
I20261008 08:54:42.283270  2934 incremental_pipeline.cc:442] => Could not register, trying another image.
I20261008 08:54:42.283912  2934 incremental_pipeline.cc:428] Registering image #170 (num_reg_frames=138)
I20261008 08:54:42.284557  2934 incremental_pipeline.cc:431] => Image sees 71 / 906 points
I20261008 08:54:42.290093  2934 incremental_pipeline.cc:442] => Could not register, trying another image.
I20261008 08:54:42.291028  2934 incremental_pipeline.cc:428] Registering image #159 (num_reg_frames=138)
I20261008 08:54:42.291463  2934 incremental_pipeline.cc:431] => Image sees 65 / 970 points
I20261008 08:54:42.295693  2934 incremental_pipeline.cc:442] => Could not register, trying another image.
I20261008 08:54:42.296208  2934 incremental_pipeline.cc:428] Registering image #154 (num_reg_frames=138)
I20261008 08:54:42.296728  2934 incremental_pipeline.cc:431] => Image sees 65 / 813 points
I20261008 08:54:42.301016  2934 incremental_pipeline.cc:442] => Could not register, trying another image.
I20261008 08:54:42.301806  2934 incremental_pipeline.cc:428] Registering image #156 (num_reg_frames=138)
I20261008 08:54:42.302326  2934 incremental_pipeline.cc:431] => Image sees 45 / 907 points
I20261008 08:54:42.306025  2934 incremental_pipeline.cc:442] => Could not register, trying another image.
I20261008 08:54:42.306605  2934 incremental_pipeline.cc:428] Registering image #155 (num_reg_frames=138)
I20261008 08:54:42.307327  2934 incremental_pipeline.cc:431] => Image sees 50 / 958 points
I20261008 08:54:42.311090  2934 incremental_pipeline.cc:442] => Could not register, trying another image.
I20261008 08:54:42.312227  2934 incremental_pipeline.cc:428] Registering image #151 (num_reg_frames=138)
I20261008 08:54:42.312670  2934 incremental_pipeline.cc:431] => Image sees 47 / 892 points
I20261008 08:54:42.316396  2934 incremental_pipeline.cc:442] => Could not register, trying another image.
I20261008 08:54:42.317389  2934 incremental_pipeline.cc:428] Registering image #171 (num_reg_frames=138)
I20261008 08:54:42.318320  2934 incremental_pipeline.cc:431] => Image sees 47 / 792 points
I20261008 08:54:42.322705  2934 incremental_pipeline.cc:442] => Could not register, trying another image.
I20261008 08:54:42.323503  2934 incremental_pipeline.cc:43] Retriangulation and Global bundle adjustment
I20261008 08:54:44.452934  2934 incremental_pipeline.cc:428] Registering image #168 (num_reg_frames=138)
I20261008 08:54:44.454190  2934 incremental_pipeline.cc:431] => Image sees 136 / 913 points
I20261008 08:54:44.461933  2934 incremental_pipeline.cc:442] => Could not register, trying another image.
I20261008 08:54:44.463061  2934 incremental_pipeline.cc:428] Registering image #167 (num_reg_frames=138)
I20261008 08:54:44.463899  2934 incremental_pipeline.cc:431] => Image sees 126 / 1143 points
I20261008 08:54:44.470669  2934 incremental_pipeline.cc:442] => Could not register, trying another image.
I20261008 08:54:44.471558  2934 incremental_pipeline.cc:428] Registering image #162 (num_reg_frames=138)
I20261008 08:54:44.472294  2934 incremental_pipeline.cc:431] => Image sees 118 / 1044 points
I20261008 08:54:44.478538  2934 incremental_pipeline.cc:442] => Could not register, trying another image.
I20261008 08:54:44.479704  2934 incremental_pipeline.cc:428] Registering image #178 (num_reg_frames=138)
I20261008 08:54:44.480692  2934 incremental_pipeline.cc:431] => Image sees 96 / 910 points
I20261008 08:54:44.486049  2934 incremental_pipeline.cc:442] => Could not register, trying another image.
I20261008 08:54:44.486812  2934 incremental_pipeline.cc:428] Registering image #161 (num_reg_frames=138)
I20261008 08:54:44.487347  2934 incremental_pipeline.cc:431] => Image sees 108 / 944 points
I20261008 08:54:44.493698  2934 incremental_pipeline.cc:442] => Could not register, trying another image.
I20261008 08:54:44.494567  2934 incremental_pipeline.cc:428] Registering image #165 (num_reg_frames=138)
I20261008 08:54:44.495182  2934 incremental_pipeline.cc:431] => Image sees 95 / 1056 points
I20261008 08:54:44.499799  2934 incremental_pipeline.cc:442] => Could not register, trying another image.
I20261008 08:54:44.500473  2934 incremental_pipeline.cc:428] Registering image #163 (num_reg_frames=138)
I20261008 08:54:44.500931  2934 incremental_pipeline.cc:431] => Image sees 100 / 1066 points
I20261008 08:54:44.506217  2934 incremental_pipeline.cc:442] => Could not register, trying another image.
I20261008 08:54:44.507030  2934 incremental_pipeline.cc:428] Registering image #164 (num_reg_frames=138)
I20261008 08:54:44.507725  2934 incremental_pipeline.cc:431] => Image sees 86 / 1000 points
I20261008 08:54:44.511981  2934 incremental_pipeline.cc:442] => Could not register, trying another image.
I20261008 08:54:44.512787  2934 incremental_pipeline.cc:428] Registering image #150 (num_reg_frames=138)
I20261008 08:54:44.513129  2934 incremental_pipeline.cc:431] => Image sees 86 / 1081 points
I20261008 08:54:44.518210  2934 incremental_pipeline.cc:442] => Could not register, trying another image.
I20261008 08:54:44.518739  2934 incremental_pipeline.cc:428] Registering image #166 (num_reg_frames=138)
I20261008 08:54:44.519490  2934 incremental_pipeline.cc:431] => Image sees 91 / 1157 points
I20261008 08:54:44.524060  2934 incremental_pipeline.cc:442] => Could not register, trying another image.
I20261008 08:54:44.524680  2934 incremental_pipeline.cc:428] Registering image #169 (num_reg_frames=138)
I20261008 08:54:44.525085  2934 incremental_pipeline.cc:431] => Image sees 89 / 836 points
I20261008 08:54:44.529995  2934 incremental_pipeline.cc:442] => Could not register, trying another image.
I20261008 08:54:44.530490  2934 incremental_pipeline.cc:428] Registering image #149 (num_reg_frames=138)
I20261008 08:54:44.530893  2934 incremental_pipeline.cc:431] => Image sees 80 / 1059 points
I20261008 08:54:44.535107  2934 incremental_pipeline.cc:442] => Could not register, trying another image.
I20261008 08:54:44.535526  2934 incremental_pipeline.cc:428] Registering image #170 (num_reg_frames=138)
I20261008 08:54:44.535858  2934 incremental_pipeline.cc:431] => Image sees 71 / 906 points
I20261008 08:54:44.540087  2934 incremental_pipeline.cc:442] => Could not register, trying another image.
I20261008 08:54:44.540602  2934 incremental_pipeline.cc:428] Registering image #159 (num_reg_frames=138)
I20261008 08:54:44.540977  2934 incremental_pipeline.cc:431] => Image sees 65 / 970 points
I20261008 08:54:44.544380  2934 incremental_pipeline.cc:442] => Could not register, trying another image.
I20261008 08:54:44.544759  2934 incremental_pipeline.cc:428] Registering image #154 (num_reg_frames=138)
I20261008 08:54:44.545078  2934 incremental_pipeline.cc:431] => Image sees 65 / 813 points
I20261008 08:54:44.548489  2934 incremental_pipeline.cc:442] => Could not register, trying another image.
I20261008 08:54:44.548902  2934 incremental_pipeline.cc:428] Registering image #156 (num_reg_frames=138)
I20261008 08:54:44.549232  2934 incremental_pipeline.cc:431] => Image sees 45 / 907 points
I20261008 08:54:44.551925  2934 incremental_pipeline.cc:442] => Could not register, trying another image.
I20261008 08:54:44.552380  2934 incremental_pipeline.cc:428] Registering image #155 (num_reg_frames=138)
I20261008 08:54:44.552752  2934 incremental_pipeline.cc:431] => Image sees 50 / 958 points
I20261008 08:54:44.557278  2934 incremental_pipeline.cc:442] => Could not register, trying another image.
I20261008 08:54:44.557770  2934 incremental_pipeline.cc:428] Registering image #151 (num_reg_frames=138)
I20261008 08:54:44.558086  2934 incremental_pipeline.cc:431] => Image sees 47 / 892 points
I20261008 08:54:44.561415  2934 incremental_pipeline.cc:442] => Could not register, trying another image.
I20261008 08:54:44.561985  2934 incremental_pipeline.cc:428] Registering image #171 (num_reg_frames=138)
I20261008 08:54:44.562422  2934 incremental_pipeline.cc:431] => Image sees 47 / 792 points
I20261008 08:54:44.566267  2934 incremental_pipeline.cc:442] => Could not register, trying another image.
I20261008 08:54:44.566704  2934 incremental_pipeline.cc:428] Registering image #160 (num_reg_frames=138)
I20261008 08:54:44.567045  2934 incremental_pipeline.cc:431] => Image sees 35 / 640 points
I20261008 08:54:44.570070  2934 incremental_pipeline.cc:442] => Could not register, trying another image.
I20261008 08:54:44.570699  2934 incremental_pipeline.cc:428] Registering image #173 (num_reg_frames=138)
I20261008 08:54:44.571132  2934 incremental_pipeline.cc:431] => Image sees 33 / 1015 points
I20261008 08:54:44.574904  2934 incremental_pipeline.cc:442] => Could not register, trying another image.
I20261008 08:54:44.575407  2934 incremental_pipeline.cc:428] Registering image #145 (num_reg_frames=138)
I20261008 08:54:44.575939  2934 incremental_pipeline.cc:431] => Image sees 32 / 822 points
I20261008 08:54:44.578761  2934 incremental_pipeline.cc:442] => Could not register, trying another image.
I20261008 08:54:44.579258  2934 incremental_pipeline.cc:43] Retriangulation and Global bundle adjustment
I20261008 08:54:45.540027  2934 incremental_pipeline.cc:584] Keeping successful reconstruction
I20261008 08:54:45.567749  2934 incremental_pipeline.cc:300] Finding good initial image pair
I20261008 08:54:45.573899  2934 incremental_pipeline.cc:324] Registering initial image pair #213 and #211
I20261008 08:54:45.576155  2934 incremental_pipeline.cc:338] Global bundle adjustment
I20261008 08:54:45.656697  2934 incremental_pipeline.cc:428] Registering image #214 (num_reg_frames=2)
I20261008 08:54:45.658085  2934 incremental_pipeline.cc:431] => Image sees 173 / 718 points
I20261008 08:54:45.754451  2934 incremental_pipeline.cc:43] Retriangulation and Global bundle adjustment
I20261008 08:54:46.025463  2934 incremental_pipeline.cc:428] Registering image #215 (num_reg_frames=3)
I20261008 08:54:46.026715  2934 incremental_pipeline.cc:431] => Image sees 269 / 801 points
I20261008 08:54:46.163702  2934 incremental_pipeline.cc:43] Retriangulation and Global bundle adjustment
I20261008 08:54:46.428279  2934 incremental_pipeline.cc:428] Registering image #216 (num_reg_frames=4)
I20261008 08:54:46.429943  2934 incremental_pipeline.cc:431] => Image sees 326 / 708 points
I20261008 08:54:46.593681  2934 incremental_pipeline.cc:43] Retriangulation and Global bundle adjustment
I20261008 08:54:47.178189  2934 incremental_pipeline.cc:428] Registering image #218 (num_reg_frames=5)
I20261008 08:54:47.179584  2934 incremental_pipeline.cc:431] => Image sees 352 / 1091 points
I20261008 08:54:47.180963  2934 incremental_pipeline.cc:442] => Could not register, trying another image.
I20261008 08:54:47.181926  2934 incremental_pipeline.cc:428] Registering image #219 (num_reg_frames=5)
I20261008 08:54:47.182861  2934 incremental_pipeline.cc:431] => Image sees 295 / 1113 points
I20261008 08:54:47.184227  2934 incremental_pipeline.cc:442] => Could not register, trying another image.
I20261008 08:54:47.185288  2934 incremental_pipeline.cc:428] Registering image #217 (num_reg_frames=5)
I20261008 08:54:47.186120  2934 incremental_pipeline.cc:431] => Image sees 232 / 451 points
I20261008 08:54:47.186996  2934 incremental_pipeline.cc:442] => Could not register, trying another image.
I20261008 08:54:47.187904  2934 incremental_pipeline.cc:428] Registering image #209 (num_reg_frames=5)
I20261008 08:54:47.189002  2934 incremental_pipeline.cc:431] => Image sees 227 / 462 points
I20261008 08:54:47.189633  2934 incremental_pipeline.cc:442] => Could not register, trying another image.
I20261008 08:54:47.190073  2934 incremental_pipeline.cc:428] Registering image #220 (num_reg_frames=5)
I20261008 08:54:47.190600  2934 incremental_pipeline.cc:431] => Image sees 251 / 1039 points
I20261008 08:54:47.191382  2934 incremental_pipeline.cc:442] => Could not register, trying another image.
I20261008 08:54:47.191911  2934 incremental_pipeline.cc:428] Registering image #212 (num_reg_frames=5)
I20261008 08:54:47.192428  2934 incremental_pipeline.cc:431] => Image sees 187 / 408 points
I20261008 08:54:47.192998  2934 incremental_pipeline.cc:442] => Could not register, trying another image.
I20261008 08:54:47.193406  2934 incremental_pipeline.cc:428] Registering image #210 (num_reg_frames=5)
I20261008 08:54:47.193805  2934 incremental_pipeline.cc:431] => Image sees 213 / 518 points
I20261008 08:54:47.194166  2934 incremental_pipeline.cc:442] => Could not register, trying another image.
I20261008 08:54:47.194548  2934 incremental_pipeline.cc:428] Registering image #208 (num_reg_frames=5)
I20261008 08:54:47.194862  2934 incremental_pipeline.cc:431] => Image sees 161 / 464 points
I20261008 08:54:47.195361  2934 incremental_pipeline.cc:442] => Could not register, trying another image.
I20261008 08:54:47.195763  2934 incremental_pipeline.cc:428] Registering image #205 (num_reg_frames=5)
I20261008 08:54:47.196204  2934 incremental_pipeline.cc:431] => Image sees 80 / 261 points
I20261008 08:54:47.196688  2934 incremental_pipeline.cc:442] => Could not register, trying another image.
I20261008 08:54:47.197196  2934 incremental_pipeline.cc:428] Registering image #206 (num_reg_frames=5)
I20261008 08:54:47.197466  2934 incremental_pipeline.cc:431] => Image sees 81 / 289 points
I20261008 08:54:47.197759  2934 incremental_pipeline.cc:442] => Could not register, trying another image.
I20261008 08:54:47.198007  2934 incremental_pipeline.cc:428] Registering image #207 (num_reg_frames=5)
I20261008 08:54:47.198231  2934 incremental_pipeline.cc:431] => Image sees 50 / 143 points
I20261008 08:54:47.198441  2934 incremental_pipeline.cc:442] => Could not register, trying another image.
I20261008 08:54:47.198654  2934 incremental_pipeline.cc:428] Registering image #204 (num_reg_frames=5)
I20261008 08:54:47.198890  2934 incremental_pipeline.cc:431] => Image sees 43 / 190 points
I20261008 08:54:47.199115  2934 incremental_pipeline.cc:442] => Could not register, trying another image.
I20261008 08:54:47.199333  2934 incremental_pipeline.cc:428] Registering image #202 (num_reg_frames=5)
I20261008 08:54:47.199550  2934 incremental_pipeline.cc:431] => Image sees 53 / 200 points
I20261008 08:54:47.199764  2934 incremental_pipeline.cc:442] => Could not register, trying another image.
I20261008 08:54:47.199986  2934 incremental_pipeline.cc:428] Registering image #198 (num_reg_frames=5)
I20261008 08:54:47.200228  2934 incremental_pipeline.cc:431] => Image sees 35 / 199 points
I20261008 08:54:47.200500  2934 incremental_pipeline.cc:442] => Could not register, trying another image.
I20261008 08:54:47.200816  2934 incremental_pipeline.cc:43] Retriangulation and Global bundle adjustment
I20261008 08:54:47.209553  2934 incremental_pipeline.cc:428] Registering image #218 (num_reg_frames=5)
I20261008 08:54:47.210165  2934 incremental_pipeline.cc:431] => Image sees 352 / 1091 points
I20261008 08:54:47.210527  2934 incremental_pipeline.cc:442] => Could not register, trying another image.
I20261008 08:54:47.210736  2934 incremental_pipeline.cc:428] Registering image #219 (num_reg_frames=5)
I20261008 08:54:47.211009  2934 incremental_pipeline.cc:431] => Image sees 295 / 1113 points
I20261008 08:54:47.211328  2934 incremental_pipeline.cc:442] => Could not register, trying another image.
I20261008 08:54:47.211522  2934 incremental_pipeline.cc:428] Registering image #217 (num_reg_frames=5)
I20261008 08:54:47.211716  2934 incremental_pipeline.cc:431] => Image sees 232 / 451 points
I20261008 08:54:47.211931  2934 incremental_pipeline.cc:442] => Could not register, trying another image.
I20261008 08:54:47.212224  2934 incremental_pipeline.cc:428] Registering image #209 (num_reg_frames=5)
I20261008 08:54:47.212414  2934 incremental_pipeline.cc:431] => Image sees 227 / 462 points
I20261008 08:54:47.212692  2934 incremental_pipeline.cc:442] => Could not register, trying another image.
I20261008 08:54:47.212924  2934 incremental_pipeline.cc:428] Registering image #220 (num_reg_frames=5)
I20261008 08:54:47.213171  2934 incremental_pipeline.cc:431] => Image sees 251 / 1039 points
I20261008 08:54:47.213543  2934 incremental_pipeline.cc:442] => Could not register, trying another image.
I20261008 08:54:47.213843  2934 incremental_pipeline.cc:428] Registering image #212 (num_reg_frames=5)
I20261008 08:54:47.214068  2934 incremental_pipeline.cc:431] => Image sees 187 / 408 points
I20261008 08:54:47.214344  2934 incremental_pipeline.cc:442] => Could not register, trying another image.
I20261008 08:54:47.214594  2934 incremental_pipeline.cc:428] Registering image #210 (num_reg_frames=5)
I20261008 08:54:47.214848  2934 incremental_pipeline.cc:431] => Image sees 213 / 518 points
I20261008 08:54:47.215183  2934 incremental_pipeline.cc:442] => Could not register, trying another image.
I20261008 08:54:47.215416  2934 incremental_pipeline.cc:428] Registering image #208 (num_reg_frames=5)
I20261008 08:54:47.215620  2934 incremental_pipeline.cc:431] => Image sees 161 / 464 points
I20261008 08:54:47.215910  2934 incremental_pipeline.cc:442] => Could not register, trying another image.
I20261008 08:54:47.216182  2934 incremental_pipeline.cc:428] Registering image #205 (num_reg_frames=5)
I20261008 08:54:47.216372  2934 incremental_pipeline.cc:431] => Image sees 80 / 261 points
I20261008 08:54:47.216598  2934 incremental_pipeline.cc:442] => Could not register, trying another image.
I20261008 08:54:47.216838  2934 incremental_pipeline.cc:428] Registering image #206 (num_reg_frames=5)
I20261008 08:54:47.217160  2934 incremental_pipeline.cc:431] => Image sees 81 / 289 points
I20261008 08:54:47.217443  2934 incremental_pipeline.cc:442] => Could not register, trying another image.
I20261008 08:54:47.217824  2934 incremental_pipeline.cc:428] Registering image #207 (num_reg_frames=5)
I20261008 08:54:47.218185  2934 incremental_pipeline.cc:431] => Image sees 50 / 143 points
I20261008 08:54:47.218442  2934 incremental_pipeline.cc:442] => Could not register, trying another image.
I20261008 08:54:47.218636  2934 incremental_pipeline.cc:428] Registering image #204 (num_reg_frames=5)
I20261008 08:54:47.218917  2934 incremental_pipeline.cc:431] => Image sees 43 / 190 points
I20261008 08:54:47.219161  2934 incremental_pipeline.cc:442] => Could not register, trying another image.
I20261008 08:54:47.219399  2934 incremental_pipeline.cc:428] Registering image #202 (num_reg_frames=5)
I20261008 08:54:47.219609  2934 incremental_pipeline.cc:431] => Image sees 53 / 200 points
I20261008 08:54:47.219828  2934 incremental_pipeline.cc:442] => Could not register, trying another image.
I20261008 08:54:47.220072  2934 incremental_pipeline.cc:428] Registering image #198 (num_reg_frames=5)
I20261008 08:54:47.220275  2934 incremental_pipeline.cc:431] => Image sees 35 / 199 points
I20261008 08:54:47.220501  2934 incremental_pipeline.cc:442] => Could not register, trying another image.
I20261008 08:54:47.220701  2934 incremental_pipeline.cc:580] Discarding reconstruction due to insufficient size
I20261008 08:54:47.227360  2934 incremental_pipeline.cc:300] Finding good initial image pair
I20261008 08:54:47.239531  2934 incremental_pipeline.cc:324] Registering initial image pair #213 and #210
I20261008 08:54:47.240804  2934 incremental_pipeline.cc:338] Global bundle adjustment
I20261008 08:54:47.293646  2934 incremental_pipeline.cc:428] Registering image #211 (num_reg_frames=2)
I20261008 08:54:47.295095  2934 incremental_pipeline.cc:431] => Image sees 111 / 772 points
I20261008 08:54:47.368201  2934 incremental_pipeline.cc:43] Retriangulation and Global bundle adjustment
I20261008 08:54:47.574295  2934 incremental_pipeline.cc:428] Registering image #214 (num_reg_frames=3)
I20261008 08:54:47.575681  2934 incremental_pipeline.cc:431] => Image sees 215 / 718 points
I20261008 08:54:47.669876  2934 incremental_pipeline.cc:43] Retriangulation and Global bundle adjustment
I20261008 08:54:47.712513  2934 incremental_pipeline.cc:428] Registering image #215 (num_reg_frames=4)
I20261008 08:54:47.713733  2934 incremental_pipeline.cc:431] => Image sees 284 / 801 points
I20261008 08:54:47.864141  2934 incremental_pipeline.cc:43] Retriangulation and Global bundle adjustment
I20261008 08:54:47.925745  2934 incremental_pipeline.cc:428] Registering image #216 (num_reg_frames=5)
I20261008 08:54:47.926836  2934 incremental_pipeline.cc:431] => Image sees 341 / 708 points
I20261008 08:54:48.139640  2934 incremental_pipeline.cc:43] Retriangulation and Global bundle adjustment
I20261008 08:54:48.240402  2934 incremental_pipeline.cc:428] Registering image #218 (num_reg_frames=6)
I20261008 08:54:48.241812  2934 incremental_pipeline.cc:431] => Image sees 373 / 1091 points
I20261008 08:54:48.344687  2934 incremental_pipeline.cc:43] Retriangulation and Global bundle adjustment
I20261008 08:54:48.778980  2934 incremental_pipeline.cc:428] Registering image #219 (num_reg_frames=7)
I20261008 08:54:48.780298  2934 incremental_pipeline.cc:431] => Image sees 383 / 1113 points
I20261008 08:54:48.929420  2934 incremental_pipeline.cc:43] Retriangulation and Global bundle adjustment
I20261008 08:54:49.228296  2934 incremental_pipeline.cc:428] Registering image #220 (num_reg_frames=8)
I20261008 08:54:49.229708  2934 incremental_pipeline.cc:431] => Image sees 402 / 1039 points
I20261008 08:54:49.397663  2934 incremental_pipeline.cc:43] Retriangulation and Global bundle adjustment
I20261008 08:54:50.076319  2934 incremental_pipeline.cc:428] Registering image #217 (num_reg_frames=9)
I20261008 08:54:50.077720  2934 incremental_pipeline.cc:431] => Image sees 255 / 451 points
I20261008 08:54:50.220381  2934 incremental_pipeline.cc:43] Retriangulation and Global bundle adjustment
I20261008 08:54:50.574105  2934 incremental_pipeline.cc:428] Registering image #209 (num_reg_frames=10)
I20261008 08:54:50.575695  2934 incremental_pipeline.cc:431] => Image sees 269 / 462 points
I20261008 08:54:50.649220  2934 incremental_pipeline.cc:43] Retriangulation and Global bundle adjustment
I20261008 08:54:50.820094  2934 incremental_pipeline.cc:428] Registering image #212 (num_reg_frames=11)
I20261008 08:54:50.821530  2934 incremental_pipeline.cc:431] => Image sees 260 / 408 points
I20261008 08:54:50.894742  2934 incremental_pipeline.cc:428] Registering image #208 (num_reg_frames=12)
I20261008 08:54:50.896479  2934 incremental_pipeline.cc:431] => Image sees 267 / 464 points
I20261008 08:54:50.955147  2934 incremental_pipeline.cc:43] Retriangulation and Global bundle adjustment
I20261008 08:54:51.139519  2934 incremental_pipeline.cc:428] Registering image #206 (num_reg_frames=13)
I20261008 08:54:51.140988  2934 incremental_pipeline.cc:431] => Image sees 129 / 289 points
I20261008 08:54:51.243885  2934 incremental_pipeline.cc:428] Registering image #205 (num_reg_frames=14)
I20261008 08:54:51.245158  2934 incremental_pipeline.cc:431] => Image sees 149 / 261 points
I20261008 08:54:51.307265  2934 incremental_pipeline.cc:43] Retriangulation and Global bundle adjustment
I20261008 08:54:51.559695  2934 incremental_pipeline.cc:428] Registering image #207 (num_reg_frames=15)
I20261008 08:54:51.560679  2934 incremental_pipeline.cc:431] => Image sees 84 / 143 points
I20261008 08:54:51.643699  2934 incremental_pipeline.cc:428] Registering image #204 (num_reg_frames=16)
I20261008 08:54:51.645263  2934 incremental_pipeline.cc:431] => Image sees 92 / 190 points
I20261008 08:54:51.718621  2934 incremental_pipeline.cc:43] Retriangulation and Global bundle adjustment
I20261008 08:54:51.821033  2934 incremental_pipeline.cc:428] Registering image #202 (num_reg_frames=17)
I20261008 08:54:51.822594  2934 incremental_pipeline.cc:431] => Image sees 112 / 200 points
I20261008 08:54:51.883841  2934 incremental_pipeline.cc:428] Registering image #198 (num_reg_frames=18)
I20261008 08:54:51.885500  2934 incremental_pipeline.cc:431] => Image sees 91 / 199 points
I20261008 08:54:51.926252  2934 incremental_pipeline.cc:43] Retriangulation and Global bundle adjustment
I20261008 08:54:52.232321  2934 incremental_pipeline.cc:428] Registering image #203 (num_reg_frames=19)
I20261008 08:54:52.233808  2934 incremental_pipeline.cc:431] => Image sees 86 / 189 points
I20261008 08:54:52.296324  2934 incremental_pipeline.cc:428] Registering image #201 (num_reg_frames=20)
I20261008 08:54:52.297717  2934 incremental_pipeline.cc:431] => Image sees 68 / 150 points
I20261008 08:54:52.355192  2934 incremental_pipeline.cc:43] Retriangulation and Global bundle adjustment
I20261008 08:54:52.856361  2934 incremental_pipeline.cc:428] Registering image #200 (num_reg_frames=21)
I20261008 08:54:52.857818  2934 incremental_pipeline.cc:431] => Image sees 72 / 171 points
I20261008 08:54:52.893505  2934 incremental_pipeline.cc:428] Registering image #199 (num_reg_frames=22)
I20261008 08:54:52.895268  2934 incremental_pipeline.cc:431] => Image sees 58 / 198 points
I20261008 08:54:52.923610  2934 incremental_pipeline.cc:428] Registering image #195 (num_reg_frames=23)
I20261008 08:54:52.924865  2934 incremental_pipeline.cc:431] => Image sees 60 / 122 points
I20261008 08:54:52.946976  2934 incremental_pipeline.cc:43] Retriangulation and Global bundle adjustment
I20261008 08:54:53.155230  2934 incremental_pipeline.cc:428] Registering image #196 (num_reg_frames=24)
I20261008 08:54:53.156659  2934 incremental_pipeline.cc:431] => Image sees 45 / 190 points
I20261008 08:54:53.158495  2934 incremental_pipeline.cc:442] => Could not register, trying another image.
I20261008 08:54:53.159538  2934 incremental_pipeline.cc:428] Registering image #194 (num_reg_frames=24)
I20261008 08:54:53.160542  2934 incremental_pipeline.cc:431] => Image sees 35 / 281 points
I20261008 08:54:53.162173  2934 incremental_pipeline.cc:442] => Could not register, trying another image.
I20261008 08:54:53.163151  2934 incremental_pipeline.cc:428] Registering image #192 (num_reg_frames=24)
I20261008 08:54:53.163475  2934 incremental_pipeline.cc:431] => Image sees 37 / 206 points
I20261008 08:54:53.164693  2934 incremental_pipeline.cc:442] => Could not register, trying another image.
I20261008 08:54:53.165784  2934 incremental_pipeline.cc:428] Registering image #187 (num_reg_frames=24)
I20261008 08:54:53.166946  2934 incremental_pipeline.cc:431] => Image sees 34 / 330 points
I20261008 08:54:53.169186  2934 incremental_pipeline.cc:442] => Could not register, trying another image.
I20261008 08:54:53.170066  2934 incremental_pipeline.cc:428] Registering image #186 (num_reg_frames=24)
I20261008 08:54:53.171144  2934 incremental_pipeline.cc:431] => Image sees 31 / 282 points
I20261008 08:54:53.173148  2934 incremental_pipeline.cc:442] => Could not register, trying another image.
I20261008 08:54:53.174219  2934 incremental_pipeline.cc:428] Registering image #190 (num_reg_frames=24)
I20261008 08:54:53.175092  2934 incremental_pipeline.cc:431] => Image sees 32 / 266 points
I20261008 08:54:53.176307  2934 incremental_pipeline.cc:442] => Could not register, trying another image.
I20261008 08:54:53.176676  2934 incremental_pipeline.cc:43] Retriangulation and Global bundle adjustment
I20261008 08:54:53.214207  2934 incremental_pipeline.cc:428] Registering image #196 (num_reg_frames=24)
I20261008 08:54:53.215569  2934 incremental_pipeline.cc:431] => Image sees 45 / 190 points
I20261008 08:54:53.217056  2934 incremental_pipeline.cc:442] => Could not register, trying another image.
I20261008 08:54:53.218079  2934 incremental_pipeline.cc:428] Registering image #194 (num_reg_frames=24)
I20261008 08:54:53.219163  2934 incremental_pipeline.cc:431] => Image sees 35 / 281 points
I20261008 08:54:53.220801  2934 incremental_pipeline.cc:442] => Could not register, trying another image.
I20261008 08:54:53.221895  2934 incremental_pipeline.cc:428] Registering image #192 (num_reg_frames=24)
I20261008 08:54:53.222697  2934 incremental_pipeline.cc:431] => Image sees 37 / 206 points
I20261008 08:54:53.224802  2934 incremental_pipeline.cc:442] => Could not register, trying another image.
I20261008 08:54:53.225864  2934 incremental_pipeline.cc:428] Registering image #187 (num_reg_frames=24)
I20261008 08:54:53.226939  2934 incremental_pipeline.cc:431] => Image sees 34 / 330 points
I20261008 08:54:53.228838  2934 incremental_pipeline.cc:442] => Could not register, trying another image.
I20261008 08:54:53.229532  2934 incremental_pipeline.cc:428] Registering image #186 (num_reg_frames=24)
I20261008 08:54:53.229878  2934 incremental_pipeline.cc:431] => Image sees 31 / 282 points
I20261008 08:54:53.231375  2934 incremental_pipeline.cc:442] => Could not register, trying another image.
I20261008 08:54:53.231743  2934 incremental_pipeline.cc:428] Registering image #190 (num_reg_frames=24)
I20261008 08:54:53.232172  2934 incremental_pipeline.cc:431] => Image sees 32 / 266 points
I20261008 08:54:53.232940  2934 incremental_pipeline.cc:442] => Could not register, trying another image.
I20261008 08:54:53.233280  2934 incremental_pipeline.cc:584] Keeping successful reconstruction
I20261008 08:54:53.241878  2934 incremental_pipeline.cc:300] Finding good initial image pair
I20261008 08:54:53.260834  2934 incremental_pipeline.cc:324] Registering initial image pair #158 and #181
I20261008 08:54:53.262789  2934 incremental_pipeline.cc:338] Global bundle adjustment
I20261008 08:54:53.339499  2934 incremental_pipeline.cc:428] Registering image #176 (num_reg_frames=2)
I20261008 08:54:53.340878  2934 incremental_pipeline.cc:431] => Image sees 190 / 785 points
I20261008 08:54:53.342242  2934 incremental_pipeline.cc:442] => Could not register, trying another image.
I20261008 08:54:53.343326  2934 incremental_pipeline.cc:428] Registering image #173 (num_reg_frames=2)
I20261008 08:54:53.344161  2934 incremental_pipeline.cc:431] => Image sees 166 / 1015 points
I20261008 08:54:53.345464  2934 incremental_pipeline.cc:442] => Could not register, trying another image.
I20261008 08:54:53.346500  2934 incremental_pipeline.cc:428] Registering image #172 (num_reg_frames=2)
I20261008 08:54:53.347312  2934 incremental_pipeline.cc:431] => Image sees 153 / 850 points
I20261008 08:54:53.348238  2934 incremental_pipeline.cc:442] => Could not register, trying another image.
I20261008 08:54:53.348716  2934 incremental_pipeline.cc:428] Registering image #171 (num_reg_frames=2)
I20261008 08:54:53.349671  2934 incremental_pipeline.cc:431] => Image sees 90 / 792 points
I20261008 08:54:53.350138  2934 incremental_pipeline.cc:442] => Could not register, trying another image.
I20261008 08:54:53.350661  2934 incremental_pipeline.cc:428] Registering image #177 (num_reg_frames=2)
I20261008 08:54:53.350986  2934 incremental_pipeline.cc:431] => Image sees 78 / 488 points
I20261008 08:54:53.351341  2934 incremental_pipeline.cc:442] => Could not register, trying another image.
I20261008 08:54:53.351907  2934 incremental_pipeline.cc:428] Registering image #174 (num_reg_frames=2)
I20261008 08:54:53.352329  2934 incremental_pipeline.cc:431] => Image sees 67 / 390 points
I20261008 08:54:53.352640  2934 incremental_pipeline.cc:442] => Could not register, trying another image.
I20261008 08:54:53.353001  2934 incremental_pipeline.cc:428] Registering image #175 (num_reg_frames=2)
I20261008 08:54:53.353401  2934 incremental_pipeline.cc:431] => Image sees 53 / 404 points
I20261008 08:54:53.353789  2934 incremental_pipeline.cc:442] => Could not register, trying another image.
I20261008 08:54:53.354151  2934 incremental_pipeline.cc:428] Registering image #179 (num_reg_frames=2)
I20261008 08:54:53.354568  2934 incremental_pipeline.cc:431] => Image sees 51 / 412 points
I20261008 08:54:53.354950  2934 incremental_pipeline.cc:442] => Could not register, trying another image.
I20261008 08:54:53.355279  2934 incremental_pipeline.cc:428] Registering image #170 (num_reg_frames=2)
I20261008 08:54:53.355574  2934 incremental_pipeline.cc:431] => Image sees 53 / 906 points
I20261008 08:54:53.355856  2934 incremental_pipeline.cc:442] => Could not register, trying another image.
I20261008 08:54:53.356084  2934 incremental_pipeline.cc:428] Registering image #184 (num_reg_frames=2)
I20261008 08:54:53.356300  2934 incremental_pipeline.cc:431] => Image sees 37 / 387 points
I20261008 08:54:53.356527  2934 incremental_pipeline.cc:442] => Could not register, trying another image.
I20261008 08:54:53.356737  2934 incremental_pipeline.cc:428] Registering image #182 (num_reg_frames=2)
I20261008 08:54:53.357013  2934 incremental_pipeline.cc:431] => Image sees 36 / 330 points
I20261008 08:54:53.357281  2934 incremental_pipeline.cc:442] => Could not register, trying another image.
I20261008 08:54:53.357534  2934 incremental_pipeline.cc:428] Registering image #169 (num_reg_frames=2)
I20261008 08:54:53.357895  2934 incremental_pipeline.cc:431] => Image sees 31 / 836 points
I20261008 08:54:53.358207  2934 incremental_pipeline.cc:442] => Could not register, trying another image.
I20261008 08:54:53.358443  2934 incremental_pipeline.cc:43] Retriangulation and Global bundle adjustment
I20261008 08:54:53.501456  2934 incremental_pipeline.cc:428] Registering image #176 (num_reg_frames=2)
I20261008 08:54:53.502861  2934 incremental_pipeline.cc:431] => Image sees 190 / 785 points
I20261008 08:54:53.503996  2934 incremental_pipeline.cc:442] => Could not register, trying another image.
I20261008 08:54:53.504786  2934 incremental_pipeline.cc:428] Registering image #173 (num_reg_frames=2)
I20261008 08:54:53.505390  2934 incremental_pipeline.cc:431] => Image sees 166 / 1015 points
I20261008 08:54:53.506420  2934 incremental_pipeline.cc:442] => Could not register, trying another image.
I20261008 08:54:53.507372  2934 incremental_pipeline.cc:428] Registering image #172 (num_reg_frames=2)
I20261008 08:54:53.508447  2934 incremental_pipeline.cc:431] => Image sees 153 / 850 points
I20261008 08:54:53.509093  2934 incremental_pipeline.cc:442] => Could not register, trying another image.
I20261008 08:54:53.509485  2934 incremental_pipeline.cc:428] Registering image #171 (num_reg_frames=2)
I20261008 08:54:53.509811  2934 incremental_pipeline.cc:431] => Image sees 90 / 792 points
I20261008 08:54:53.510141  2934 incremental_pipeline.cc:442] => Could not register, trying another image.
I20261008 08:54:53.510553  2934 incremental_pipeline.cc:428] Registering image #177 (num_reg_frames=2)
I20261008 08:54:53.510958  2934 incremental_pipeline.cc:431] => Image sees 78 / 488 points
I20261008 08:54:53.511497  2934 incremental_pipeline.cc:442] => Could not register, trying another image.
I20261008 08:54:53.512121  2934 incremental_pipeline.cc:428] Registering image #174 (num_reg_frames=2)
I20261008 08:54:53.512527  2934 incremental_pipeline.cc:431] => Image sees 67 / 390 points
I20261008 08:54:53.512933  2934 incremental_pipeline.cc:442] => Could not register, trying another image.
I20261008 08:54:53.513288  2934 incremental_pipeline.cc:428] Registering image #175 (num_reg_frames=2)
I20261008 08:54:53.513592  2934 incremental_pipeline.cc:431] => Image sees 53 / 404 points
I20261008 08:54:53.513983  2934 incremental_pipeline.cc:442] => Could not register, trying another image.
I20261008 08:54:53.514350  2934 incremental_pipeline.cc:428] Registering image #179 (num_reg_frames=2)
I20261008 08:54:53.514691  2934 incremental_pipeline.cc:431] => Image sees 51 / 412 points
I20261008 08:54:53.515106  2934 incremental_pipeline.cc:442] => Could not register, trying another image.
I20261008 08:54:53.515544  2934 incremental_pipeline.cc:428] Registering image #170 (num_reg_frames=2)
I20261008 08:54:53.515996  2934 incremental_pipeline.cc:431] => Image sees 52 / 906 points
I20261008 08:54:53.516484  2934 incremental_pipeline.cc:442] => Could not register, trying another image.
I20261008 08:54:53.516881  2934 incremental_pipeline.cc:428] Registering image #184 (num_reg_frames=2)
I20261008 08:54:53.517261  2934 incremental_pipeline.cc:431] => Image sees 37 / 387 points
I20261008 08:54:53.517617  2934 incremental_pipeline.cc:442] => Could not register, trying another image.
I20261008 08:54:53.517982  2934 incremental_pipeline.cc:428] Registering image #182 (num_reg_frames=2)
I20261008 08:54:53.518296  2934 incremental_pipeline.cc:431] => Image sees 36 / 330 points
I20261008 08:54:53.518507  2934 incremental_pipeline.cc:442] => Could not register, trying another image.
I20261008 08:54:53.518795  2934 incremental_pipeline.cc:428] Registering image #169 (num_reg_frames=2)
I20261008 08:54:53.519143  2934 incremental_pipeline.cc:431] => Image sees 31 / 836 points
I20261008 08:54:53.519681  2934 incremental_pipeline.cc:442] => Could not register, trying another image.
I20261008 08:54:53.520124  2934 incremental_pipeline.cc:580] Discarding reconstruction due to insufficient size
I20261008 08:54:53.526053  2934 incremental_pipeline.cc:300] Finding good initial image pair
I20261008 08:54:53.528591  2934 incremental_pipeline.cc:324] Registering initial image pair #158 and #173
I20261008 08:54:53.529692  2934 incremental_pipeline.cc:338] Global bundle adjustment
I20261008 08:54:53.583246  2934 incremental_pipeline.cc:428] Registering image #181 (num_reg_frames=2)
I20261008 08:54:53.584277  2934 incremental_pipeline.cc:431] => Image sees 152 / 931 points
I20261008 08:54:53.654289  2934 incremental_pipeline.cc:43] Retriangulation and Global bundle adjustment
I20261008 08:54:53.748193  2934 incremental_pipeline.cc:428] Registering image #176 (num_reg_frames=3)
I20261008 08:54:53.749518  2934 incremental_pipeline.cc:431] => Image sees 208 / 785 points
I20261008 08:54:53.750694  2934 incremental_pipeline.cc:442] => Could not register, trying another image.
I20261008 08:54:53.751816  2934 incremental_pipeline.cc:428] Registering image #172 (num_reg_frames=3)
I20261008 08:54:53.752633  2934 incremental_pipeline.cc:431] => Image sees 174 / 850 points
I20261008 08:54:53.753835  2934 incremental_pipeline.cc:442] => Could not register, trying another image.
I20261008 08:54:53.754896  2934 incremental_pipeline.cc:428] Registering image #171 (num_reg_frames=3)
I20261008 08:54:53.755849  2934 incremental_pipeline.cc:431] => Image sees 102 / 792 points
I20261008 08:54:53.756700  2934 incremental_pipeline.cc:442] => Could not register, trying another image.
I20261008 08:54:53.757812  2934 incremental_pipeline.cc:428] Registering image #177 (num_reg_frames=3)
I20261008 08:54:53.758642  2934 incremental_pipeline.cc:431] => Image sees 74 / 488 points
I20261008 08:54:53.759536  2934 incremental_pipeline.cc:442] => Could not register, trying another image.
I20261008 08:54:53.760277  2934 incremental_pipeline.cc:428] Registering image #170 (num_reg_frames=3)
I20261008 08:54:53.761101  2934 incremental_pipeline.cc:431] => Image sees 72 / 906 points
I20261008 08:54:53.761718  2934 incremental_pipeline.cc:442] => Could not register, trying another image.
I20261008 08:54:53.762176  2934 incremental_pipeline.cc:428] Registering image #169 (num_reg_frames=3)
I20261008 08:54:53.762727  2934 incremental_pipeline.cc:431] => Image sees 52 / 836 points
I20261008 08:54:53.763192  2934 incremental_pipeline.cc:442] => Could not register, trying another image.
I20261008 08:54:53.763597  2934 incremental_pipeline.cc:428] Registering image #179 (num_reg_frames=3)
I20261008 08:54:53.763907  2934 incremental_pipeline.cc:431] => Image sees 54 / 412 points
I20261008 08:54:53.764283  2934 incremental_pipeline.cc:442] => Could not register, trying another image.
I20261008 08:54:53.764676  2934 incremental_pipeline.cc:428] Registering image #174 (num_reg_frames=3)
I20261008 08:54:53.765067  2934 incremental_pipeline.cc:431] => Image sees 57 / 390 points
I20261008 08:54:53.765513  2934 incremental_pipeline.cc:442] => Could not register, trying another image.
I20261008 08:54:53.766075  2934 incremental_pipeline.cc:428] Registering image #175 (num_reg_frames=3)
I20261008 08:54:53.766502  2934 incremental_pipeline.cc:431] => Image sees 44 / 404 points
I20261008 08:54:53.766955  2934 incremental_pipeline.cc:442] => Could not register, trying another image.
I20261008 08:54:53.767266  2934 incremental_pipeline.cc:428] Registering image #184 (num_reg_frames=3)
I20261008 08:54:53.767580  2934 incremental_pipeline.cc:431] => Image sees 35 / 387 points
I20261008 08:54:53.767874  2934 incremental_pipeline.cc:442] => Could not register, trying another image.
I20261008 08:54:53.768097  2934 incremental_pipeline.cc:43] Retriangulation and Global bundle adjustment
I20261008 08:54:53.867200  2934 incremental_pipeline.cc:428] Registering image #176 (num_reg_frames=3)
I20261008 08:54:53.868573  2934 incremental_pipeline.cc:431] => Image sees 208 / 785 points
I20261008 08:54:53.869469  2934 incremental_pipeline.cc:442] => Could not register, trying another image.
I20261008 08:54:53.870519  2934 incremental_pipeline.cc:428] Registering image #172 (num_reg_frames=3)
I20261008 08:54:53.871696  2934 incremental_pipeline.cc:431] => Image sees 174 / 850 points
I20261008 08:54:53.872768  2934 incremental_pipeline.cc:442] => Could not register, trying another image.
I20261008 08:54:53.873991  2934 incremental_pipeline.cc:428] Registering image #171 (num_reg_frames=3)
I20261008 08:54:53.874971  2934 incremental_pipeline.cc:431] => Image sees 102 / 792 points
I20261008 08:54:53.876102  2934 incremental_pipeline.cc:442] => Could not register, trying another image.
I20261008 08:54:53.877144  2934 incremental_pipeline.cc:428] Registering image #177 (num_reg_frames=3)
I20261008 08:54:53.878199  2934 incremental_pipeline.cc:431] => Image sees 74 / 488 points
I20261008 08:54:53.879293  2934 incremental_pipeline.cc:442] => Could not register, trying another image.
I20261008 08:54:53.880123  2934 incremental_pipeline.cc:428] Registering image #170 (num_reg_frames=3)
I20261008 08:54:53.880735  2934 incremental_pipeline.cc:431] => Image sees 72 / 906 points
I20261008 08:54:53.881220  2934 incremental_pipeline.cc:442] => Could not register, trying another image.
I20261008 08:54:53.881677  2934 incremental_pipeline.cc:428] Registering image #169 (num_reg_frames=3)
I20261008 08:54:53.882201  2934 incremental_pipeline.cc:431] => Image sees 52 / 836 points
I20261008 08:54:53.882731  2934 incremental_pipeline.cc:442] => Could not register, trying another image.
I20261008 08:54:53.883133  2934 incremental_pipeline.cc:428] Registering image #179 (num_reg_frames=3)
I20261008 08:54:53.883538  2934 incremental_pipeline.cc:431] => Image sees 54 / 412 points
I20261008 08:54:53.884028  2934 incremental_pipeline.cc:442] => Could not register, trying another image.
I20261008 08:54:53.884446  2934 incremental_pipeline.cc:428] Registering image #174 (num_reg_frames=3)
I20261008 08:54:53.884814  2934 incremental_pipeline.cc:431] => Image sees 57 / 390 points
I20261008 08:54:53.885300  2934 incremental_pipeline.cc:442] => Could not register, trying another image.
I20261008 08:54:53.885706  2934 incremental_pipeline.cc:428] Registering image #175 (num_reg_frames=3)
I20261008 08:54:53.886158  2934 incremental_pipeline.cc:431] => Image sees 44 / 404 points
I20261008 08:54:53.886678  2934 incremental_pipeline.cc:442] => Could not register, trying another image.
I20261008 08:54:53.887259  2934 incremental_pipeline.cc:428] Registering image #184 (num_reg_frames=3)
I20261008 08:54:53.887655  2934 incremental_pipeline.cc:431] => Image sees 35 / 387 points
I20261008 08:54:53.888145  2934 incremental_pipeline.cc:442] => Could not register, trying another image.
I20261008 08:54:53.888404  2934 incremental_pipeline.cc:580] Discarding reconstruction due to insufficient size
I20261008 08:54:53.894205  2934 incremental_pipeline.cc:300] Finding good initial image pair
I20261008 08:54:53.939643  2934 incremental_pipeline.cc:324] Registering initial image pair #173 and #176
I20261008 08:54:53.941365  2934 incremental_pipeline.cc:338] Global bundle adjustment
I20261008 08:54:53.994069  2934 incremental_pipeline.cc:428] Registering image #158 (num_reg_frames=2)
I20261008 08:54:53.994982  2934 incremental_pipeline.cc:431] => Image sees 139 / 868 points
I20261008 08:54:53.995712  2934 incremental_pipeline.cc:442] => Could not register, trying another image.
I20261008 08:54:53.996114  2934 incremental_pipeline.cc:428] Registering image #181 (num_reg_frames=2)
I20261008 08:54:53.996438  2934 incremental_pipeline.cc:431] => Image sees 111 / 931 points
I20261008 08:54:53.996778  2934 incremental_pipeline.cc:442] => Could not register, trying another image.
I20261008 08:54:53.997057  2934 incremental_pipeline.cc:428] Registering image #172 (num_reg_frames=2)
I20261008 08:54:53.997359  2934 incremental_pipeline.cc:431] => Image sees 96 / 850 points
I20261008 08:54:53.998025  2934 incremental_pipeline.cc:442] => Could not register, trying another image.
I20261008 08:54:53.998337  2934 incremental_pipeline.cc:428] Registering image #177 (num_reg_frames=2)
I20261008 08:54:53.998729  2934 incremental_pipeline.cc:431] => Image sees 60 / 488 points
I20261008 08:54:53.999058  2934 incremental_pipeline.cc:442] => Could not register, trying another image.
I20261008 08:54:53.999444  2934 incremental_pipeline.cc:428] Registering image #171 (num_reg_frames=2)
I20261008 08:54:53.999708  2934 incremental_pipeline.cc:431] => Image sees 53 / 792 points
I20261008 08:54:54.000111  2934 incremental_pipeline.cc:442] => Could not register, trying another image.
I20261008 08:54:54.000382  2934 incremental_pipeline.cc:428] Registering image #174 (num_reg_frames=2)
I20261008 08:54:54.000690  2934 incremental_pipeline.cc:431] => Image sees 47 / 390 points
I20261008 08:54:54.000970  2934 incremental_pipeline.cc:442] => Could not register, trying another image.
I20261008 08:54:54.001305  2934 incremental_pipeline.cc:428] Registering image #179 (num_reg_frames=2)
I20261008 08:54:54.001603  2934 incremental_pipeline.cc:431] => Image sees 42 / 412 points
I20261008 08:54:54.001929  2934 incremental_pipeline.cc:442] => Could not register, trying another image.
I20261008 08:54:54.002202  2934 incremental_pipeline.cc:428] Registering image #170 (num_reg_frames=2)
I20261008 08:54:54.002601  2934 incremental_pipeline.cc:431] => Image sees 44 / 906 points
I20261008 08:54:54.003044  2934 incremental_pipeline.cc:442] => Could not register, trying another image.
I20261008 08:54:54.003439  2934 incremental_pipeline.cc:428] Registering image #169 (num_reg_frames=2)
I20261008 08:54:54.003759  2934 incremental_pipeline.cc:431] => Image sees 40 / 836 points
I20261008 08:54:54.004119  2934 incremental_pipeline.cc:442] => Could not register, trying another image.
I20261008 08:54:54.004458  2934 incremental_pipeline.cc:428] Registering image #175 (num_reg_frames=2)
I20261008 08:54:54.004782  2934 incremental_pipeline.cc:431] => Image sees 33 / 404 points
I20261008 08:54:54.005003  2934 incremental_pipeline.cc:442] => Could not register, trying another image.
I20261008 08:54:54.005203  2934 incremental_pipeline.cc:43] Retriangulation and Global bundle adjustment
I20261008 08:54:54.044590  2934 incremental_pipeline.cc:428] Registering image #158 (num_reg_frames=2)
I20261008 08:54:54.045936  2934 incremental_pipeline.cc:431] => Image sees 139 / 868 points
I20261008 08:54:54.046633  2934 incremental_pipeline.cc:442] => Could not register, trying another image.
I20261008 08:54:54.047561  2934 incremental_pipeline.cc:428] Registering image #181 (num_reg_frames=2)
I20261008 08:54:54.048048  2934 incremental_pipeline.cc:431] => Image sees 111 / 931 points
I20261008 08:54:54.048982  2934 incremental_pipeline.cc:442] => Could not register, trying another image.
I20261008 08:54:54.049469  2934 incremental_pipeline.cc:428] Registering image #172 (num_reg_frames=2)
I20261008 08:54:54.050263  2934 incremental_pipeline.cc:431] => Image sees 96 / 850 points
I20261008 08:54:54.050765  2934 incremental_pipeline.cc:442] => Could not register, trying another image.
I20261008 08:54:54.051779  2934 incremental_pipeline.cc:428] Registering image #177 (num_reg_frames=2)
I20261008 08:54:54.052242  2934 incremental_pipeline.cc:431] => Image sees 60 / 488 points
I20261008 08:54:54.052897  2934 incremental_pipeline.cc:442] => Could not register, trying another image.
I20261008 08:54:54.053489  2934 incremental_pipeline.cc:428] Registering image #171 (num_reg_frames=2)
I20261008 08:54:54.054051  2934 incremental_pipeline.cc:431] => Image sees 53 / 792 points
I20261008 08:54:54.054564  2934 incremental_pipeline.cc:442] => Could not register, trying another image.
I20261008 08:54:54.054864  2934 incremental_pipeline.cc:428] Registering image #174 (num_reg_frames=2)
I20261008 08:54:54.055239  2934 incremental_pipeline.cc:431] => Image sees 47 / 390 points
I20261008 08:54:54.055550  2934 incremental_pipeline.cc:442] => Could not register, trying another image.
I20261008 08:54:54.056020  2934 incremental_pipeline.cc:428] Registering image #179 (num_reg_frames=2)
I20261008 08:54:54.056288  2934 incremental_pipeline.cc:431] => Image sees 42 / 412 points
I20261008 08:54:54.056689  2934 incremental_pipeline.cc:442] => Could not register, trying another image.
I20261008 08:54:54.057128  2934 incremental_pipeline.cc:428] Registering image #170 (num_reg_frames=2)
I20261008 08:54:54.057608  2934 incremental_pipeline.cc:431] => Image sees 44 / 906 points
I20261008 08:54:54.057962  2934 incremental_pipeline.cc:442] => Could not register, trying another image.
I20261008 08:54:54.058374  2934 incremental_pipeline.cc:428] Registering image #169 (num_reg_frames=2)
I20261008 08:54:54.058655  2934 incremental_pipeline.cc:431] => Image sees 40 / 836 points
I20261008 08:54:54.059141  2934 incremental_pipeline.cc:442] => Could not register, trying another image.
I20261008 08:54:54.059423  2934 incremental_pipeline.cc:428] Registering image #175 (num_reg_frames=2)
I20261008 08:54:54.059743  2934 incremental_pipeline.cc:431] => Image sees 33 / 404 points
I20261008 08:54:54.060035  2934 incremental_pipeline.cc:442] => Could not register, trying another image.
I20261008 08:54:54.060708  2934 incremental_pipeline.cc:580] Discarding reconstruction due to insufficient size
I20261008 08:54:54.066916  2934 incremental_pipeline.cc:300] Finding good initial image pair
I20261008 08:54:54.071662  2934 incremental_pipeline.cc:324] Registering initial image pair #181 and #172
I20261008 08:54:54.073091  2934 incremental_pipeline.cc:338] Global bundle adjustment
I20261008 08:54:54.154016  2934 incremental_pipeline.cc:428] Registering image #173 (num_reg_frames=2)
I20261008 08:54:54.155311  2934 incremental_pipeline.cc:431] => Image sees 219 / 1015 points
I20261008 08:54:54.242014  2934 incremental_pipeline.cc:43] Retriangulation and Global bundle adjustment
I20261008 08:54:54.467306  2934 incremental_pipeline.cc:580] Discarding reconstruction due to insufficient size
I20261008 08:54:54.474298  2934 incremental_pipeline.cc:300] Finding good initial image pair
I20261008 08:54:54.484016  2934 incremental_pipeline.cc:324] Registering initial image pair #176 and #181
I20261008 08:54:54.485970  2934 incremental_pipeline.cc:338] Global bundle adjustment
I20261008 08:54:54.539541  2934 incremental_pipeline.cc:428] Registering image #158 (num_reg_frames=2)
I20261008 08:54:54.540481  2934 incremental_pipeline.cc:431] => Image sees 167 / 868 points
I20261008 08:54:54.541684  2934 incremental_pipeline.cc:442] => Could not register, trying another image.
I20261008 08:54:54.542817  2934 incremental_pipeline.cc:428] Registering image #173 (num_reg_frames=2)
I20261008 08:54:54.544057  2934 incremental_pipeline.cc:431] => Image sees 116 / 1015 points
I20261008 08:54:54.545279  2934 incremental_pipeline.cc:442] => Could not register, trying another image.
I20261008 08:54:54.546303  2934 incremental_pipeline.cc:428] Registering image #172 (num_reg_frames=2)
I20261008 08:54:54.547117  2934 incremental_pipeline.cc:431] => Image sees 99 / 850 points
I20261008 08:54:54.547724  2934 incremental_pipeline.cc:442] => Could not register, trying another image.
I20261008 08:54:54.548753  2934 incremental_pipeline.cc:428] Registering image #177 (num_reg_frames=2)
I20261008 08:54:54.549628  2934 incremental_pipeline.cc:431] => Image sees 72 / 488 points
I20261008 08:54:54.550189  2934 incremental_pipeline.cc:442] => Could not register, trying another image.
I20261008 08:54:54.551028  2934 incremental_pipeline.cc:428] Registering image #174 (num_reg_frames=2)
I20261008 08:54:54.551568  2934 incremental_pipeline.cc:431] => Image sees 73 / 390 points
I20261008 08:54:54.552071  2934 incremental_pipeline.cc:442] => Could not register, trying another image.
I20261008 08:54:54.552551  2934 incremental_pipeline.cc:428] Registering image #171 (num_reg_frames=2)
I20261008 08:54:54.552940  2934 incremental_pipeline.cc:431] => Image sees 54 / 792 points
I20261008 08:54:54.553445  2934 incremental_pipeline.cc:442] => Could not register, trying another image.
I20261008 08:54:54.553833  2934 incremental_pipeline.cc:428] Registering image #179 (num_reg_frames=2)
I20261008 08:54:54.554252  2934 incremental_pipeline.cc:431] => Image sees 49 / 412 points
I20261008 08:54:54.554629  2934 incremental_pipeline.cc:442] => Could not register, trying another image.
I20261008 08:54:54.555187  2934 incremental_pipeline.cc:428] Registering image #175 (num_reg_frames=2)
I20261008 08:54:54.555442  2934 incremental_pipeline.cc:431] => Image sees 52 / 404 points
I20261008 08:54:54.555816  2934 incremental_pipeline.cc:442] => Could not register, trying another image.
I20261008 08:54:54.556064  2934 incremental_pipeline.cc:428] Registering image #170 (num_reg_frames=2)
I20261008 08:54:54.556416  2934 incremental_pipeline.cc:431] => Image sees 40 / 906 points
I20261008 08:54:54.556747  2934 incremental_pipeline.cc:442] => Could not register, trying another image.
I20261008 08:54:54.557204  2934 incremental_pipeline.cc:428] Registering image #184 (num_reg_frames=2)
I20261008 08:54:54.557545  2934 incremental_pipeline.cc:431] => Image sees 33 / 387 points
I20261008 08:54:54.558017  2934 incremental_pipeline.cc:442] => Could not register, trying another image.
I20261008 08:54:54.558302  2934 incremental_pipeline.cc:428] Registering image #182 (num_reg_frames=2)
I20261008 08:54:54.558650  2934 incremental_pipeline.cc:431] => Image sees 34 / 330 points
I20261008 08:54:54.558931  2934 incremental_pipeline.cc:442] => Could not register, trying another image.
I20261008 08:54:54.559247  2934 incremental_pipeline.cc:43] Retriangulation and Global bundle adjustment
I20261008 08:54:54.603447  2934 incremental_pipeline.cc:428] Registering image #158 (num_reg_frames=2)
I20261008 08:54:54.605003  2934 incremental_pipeline.cc:431] => Image sees 167 / 868 points
I20261008 08:54:54.606272  2934 incremental_pipeline.cc:442] => Could not register, trying another image.
I20261008 08:54:54.607388  2934 incremental_pipeline.cc:428] Registering image #173 (num_reg_frames=2)
I20261008 08:54:54.608187  2934 incremental_pipeline.cc:431] => Image sees 116 / 1015 points
I20261008 08:54:54.609030  2934 incremental_pipeline.cc:442] => Could not register, trying another image.
I20261008 08:54:54.609508  2934 incremental_pipeline.cc:428] Registering image #172 (num_reg_frames=2)
I20261008 08:54:54.610276  2934 incremental_pipeline.cc:431] => Image sees 99 / 850 points
I20261008 08:54:54.610680  2934 incremental_pipeline.cc:442] => Could not register, trying another image.
I20261008 08:54:54.611333  2934 incremental_pipeline.cc:428] Registering image #177 (num_reg_frames=2)
I20261008 08:54:54.611689  2934 incremental_pipeline.cc:431] => Image sees 72 / 488 points
I20261008 08:54:54.612197  2934 incremental_pipeline.cc:442] => Could not register, trying another image.
I20261008 08:54:54.612534  2934 incremental_pipeline.cc:428] Registering image #174 (num_reg_frames=2)
I20261008 08:54:54.613198  2934 incremental_pipeline.cc:431] => Image sees 73 / 390 points
I20261008 08:54:54.613729  2934 incremental_pipeline.cc:442] => Could not register, trying another image.
I20261008 08:54:54.614099  2934 incremental_pipeline.cc:428] Registering image #171 (num_reg_frames=2)
I20261008 08:54:54.614486  2934 incremental_pipeline.cc:431] => Image sees 54 / 792 points
I20261008 08:54:54.615029  2934 incremental_pipeline.cc:442] => Could not register, trying another image.
I20261008 08:54:54.615469  2934 incremental_pipeline.cc:428] Registering image #179 (num_reg_frames=2)
I20261008 08:54:54.615959  2934 incremental_pipeline.cc:431] => Image sees 49 / 412 points
I20261008 08:54:54.616348  2934 incremental_pipeline.cc:442] => Could not register, trying another image.
I20261008 08:54:54.616789  2934 incremental_pipeline.cc:428] Registering image #175 (num_reg_frames=2)
I20261008 08:54:54.617132  2934 incremental_pipeline.cc:431] => Image sees 52 / 404 points
I20261008 08:54:54.617388  2934 incremental_pipeline.cc:442] => Could not register, trying another image.
I20261008 08:54:54.617611  2934 incremental_pipeline.cc:428] Registering image #170 (num_reg_frames=2)
I20261008 08:54:54.617836  2934 incremental_pipeline.cc:431] => Image sees 40 / 906 points
I20261008 08:54:54.618095  2934 incremental_pipeline.cc:442] => Could not register, trying another image.
I20261008 08:54:54.618305  2934 incremental_pipeline.cc:428] Registering image #184 (num_reg_frames=2)
I20261008 08:54:54.618516  2934 incremental_pipeline.cc:431] => Image sees 33 / 387 points
I20261008 08:54:54.618750  2934 incremental_pipeline.cc:442] => Could not register, trying another image.
I20261008 08:54:54.618963  2934 incremental_pipeline.cc:428] Registering image #182 (num_reg_frames=2)
I20261008 08:54:54.619247  2934 incremental_pipeline.cc:431] => Image sees 34 / 330 points
I20261008 08:54:54.619663  2934 incremental_pipeline.cc:442] => Could not register, trying another image.
I20261008 08:54:54.620023  2934 incremental_pipeline.cc:580] Discarding reconstruction due to insufficient size
I20261008 08:54:54.625384  2934 incremental_pipeline.cc:300] Finding good initial image pair
I20261008 08:54:54.649942  2934 incremental_pipeline.cc:324] Registering initial image pair #170 and #172
I20261008 08:54:54.651587  2934 incremental_pipeline.cc:338] Global bundle adjustment
I20261008 08:54:54.694453  2934 incremental_pipeline.cc:428] Registering image #171 (num_reg_frames=2)
I20261008 08:54:54.696022  2934 incremental_pipeline.cc:431] => Image sees 104 / 792 points
I20261008 08:54:54.762344  2934 incremental_pipeline.cc:43] Retriangulation and Global bundle adjustment
I20261008 08:54:54.880075  2934 incremental_pipeline.cc:428] Registering image #169 (num_reg_frames=3)
I20261008 08:54:54.882050  2934 incremental_pipeline.cc:431] => Image sees 209 / 836 points
I20261008 08:54:54.981951  2934 incremental_pipeline.cc:43] Retriangulation and Global bundle adjustment
I20261008 08:54:55.054251  2934 incremental_pipeline.cc:428] Registering image #173 (num_reg_frames=4)
I20261008 08:54:55.055573  2934 incremental_pipeline.cc:431] => Image sees 195 / 1015 points
I20261008 08:54:55.199725  2934 incremental_pipeline.cc:43] Retriangulation and Global bundle adjustment
I20261008 08:54:55.426704  2934 incremental_pipeline.cc:428] Registering image #181 (num_reg_frames=5)
I20261008 08:54:55.428274  2934 incremental_pipeline.cc:431] => Image sees 300 / 931 points
I20261008 08:54:55.602548  2934 incremental_pipeline.cc:43] Retriangulation and Global bundle adjustment
I20261008 08:54:55.917059  2934 incremental_pipeline.cc:428] Registering image #158 (num_reg_frames=6)
I20261008 08:54:55.918460  2934 incremental_pipeline.cc:431] => Image sees 252 / 868 points
I20261008 08:54:55.969038  2934 incremental_pipeline.cc:43] Retriangulation and Global bundle adjustment
I20261008 08:54:56.293362  2934 incremental_pipeline.cc:428] Registering image #176 (num_reg_frames=7)
I20261008 08:54:56.294530  2934 incremental_pipeline.cc:431] => Image sees 306 / 785 points
I20261008 08:54:56.409611  2934 incremental_pipeline.cc:43] Retriangulation and Global bundle adjustment
I20261008 08:54:56.701617  2934 incremental_pipeline.cc:428] Registering image #177 (num_reg_frames=8)
I20261008 08:54:56.703047  2934 incremental_pipeline.cc:431] => Image sees 147 / 488 points
I20261008 08:54:56.772167  2934 incremental_pipeline.cc:43] Retriangulation and Global bundle adjustment
I20261008 08:54:57.002948  2934 incremental_pipeline.cc:428] Registering image #175 (num_reg_frames=9)
I20261008 08:54:57.004429  2934 incremental_pipeline.cc:431] => Image sees 137 / 404 points
I20261008 08:54:57.044572  2934 incremental_pipeline.cc:43] Retriangulation and Global bundle adjustment
I20261008 08:54:57.131332  2934 incremental_pipeline.cc:428] Registering image #174 (num_reg_frames=10)
I20261008 08:54:57.132771  2934 incremental_pipeline.cc:431] => Image sees 154 / 390 points
I20261008 08:54:57.175853  2934 incremental_pipeline.cc:43] Retriangulation and Global bundle adjustment
I20261008 08:54:57.288055  2934 incremental_pipeline.cc:428] Registering image #179 (num_reg_frames=11)
I20261008 08:54:57.289479  2934 incremental_pipeline.cc:431] => Image sees 167 / 412 points
I20261008 08:54:57.357031  2934 incremental_pipeline.cc:428] Registering image #168 (num_reg_frames=12)
I20261008 08:54:57.358554  2934 incremental_pipeline.cc:431] => Image sees 138 / 913 points
I20261008 08:54:57.411382  2934 incremental_pipeline.cc:43] Retriangulation and Global bundle adjustment
I20261008 08:54:57.574774  2934 incremental_pipeline.cc:428] Registering image #165 (num_reg_frames=13)
I20261008 08:54:57.576292  2934 incremental_pipeline.cc:431] => Image sees 146 / 1056 points
I20261008 08:54:57.633744  2934 incremental_pipeline.cc:428] Registering image #184 (num_reg_frames=14)
I20261008 08:54:57.635100  2934 incremental_pipeline.cc:431] => Image sees 130 / 387 points
I20261008 08:54:57.688519  2934 incremental_pipeline.cc:43] Retriangulation and Global bundle adjustment
I20261008 08:54:58.163776  2934 incremental_pipeline.cc:428] Registering image #166 (num_reg_frames=15)
I20261008 08:54:58.165000  2934 incremental_pipeline.cc:431] => Image sees 132 / 1157 points
I20261008 08:54:58.241923  2934 incremental_pipeline.cc:428] Registering image #167 (num_reg_frames=16)
I20261008 08:54:58.243289  2934 incremental_pipeline.cc:431] => Image sees 154 / 1143 points
I20261008 08:54:58.307757  2934 incremental_pipeline.cc:43] Retriangulation and Global bundle adjustment
I20261008 08:54:58.787256  2934 incremental_pipeline.cc:428] Registering image #182 (num_reg_frames=17)
I20261008 08:54:58.788534  2934 incremental_pipeline.cc:431] => Image sees 119 / 330 points
I20261008 08:54:58.863341  2934 incremental_pipeline.cc:428] Registering image #164 (num_reg_frames=18)
I20261008 08:54:58.864768  2934 incremental_pipeline.cc:431] => Image sees 102 / 1000 points
I20261008 08:54:58.920069  2934 incremental_pipeline.cc:43] Retriangulation and Global bundle adjustment
I20261008 08:54:59.622162  2934 incremental_pipeline.cc:428] Registering image #162 (num_reg_frames=19)
I20261008 08:54:59.623287  2934 incremental_pipeline.cc:431] => Image sees 149 / 1044 points
W20261008 08:54:59.661115  2934 levenberg_marquardt_strategy.cc:123] Linear solver failure. Failed to compute a step: Eigen failure. Unable to perform dense Cholesky factorization.
W20261008 08:54:59.664729  2934 levenberg_marquardt_strategy.cc:123] Linear solver failure. Failed to compute a step: Eigen failure. Unable to perform dense Cholesky factorization.
W20261008 08:54:59.668118  2934 levenberg_marquardt_strategy.cc:123] Linear solver failure. Failed to compute a step: Eigen failure. Unable to perform dense Cholesky factorization.
W20261008 08:54:59.669600  2934 levenberg_marquardt_strategy.cc:123] Linear solver failure. Failed to compute a step: Eigen failure. Unable to perform dense Cholesky factorization.
W20261008 08:54:59.675719  2934 levenberg_marquardt_strategy.cc:123] Linear solver failure. Failed to compute a step: Eigen failure. Unable to perform dense Cholesky factorization.
W20261008 08:54:59.677109  2934 levenberg_marquardt_strategy.cc:123] Linear solver failure. Failed to compute a step: Eigen failure. Unable to perform dense Cholesky factorization.
I20261008 08:54:59.695976  2934 incremental_pipeline.cc:428] Registering image #159 (num_reg_frames=20)
I20261008 08:54:59.697296  2934 incremental_pipeline.cc:431] => Image sees 157 / 970 points
I20261008 08:54:59.777715  2934 incremental_pipeline.cc:43] Retriangulation and Global bundle adjustment
I20261008 08:55:01.296043  2934 incremental_pipeline.cc:428] Registering image #163 (num_reg_frames=21)
I20261008 08:55:01.297334  2934 incremental_pipeline.cc:431] => Image sees 93 / 1066 points
I20261008 08:55:01.372015  2934 incremental_pipeline.cc:428] Registering image #178 (num_reg_frames=22)
I20261008 08:55:01.373481  2934 incremental_pipeline.cc:431] => Image sees 87 / 910 points
I20261008 08:55:01.438045  2934 incremental_pipeline.cc:43] Retriangulation and Global bundle adjustment
I20261008 08:55:02.498831  2934 incremental_pipeline.cc:428] Registering image #161 (num_reg_frames=23)
I20261008 08:55:02.500489  2934 incremental_pipeline.cc:431] => Image sees 98 / 944 points
I20261008 08:55:02.565297  2934 incremental_pipeline.cc:428] Registering image #183 (num_reg_frames=24)
I20261008 08:55:02.566406  2934 incremental_pipeline.cc:431] => Image sees 75 / 176 points
I20261008 08:55:02.624817  2934 incremental_pipeline.cc:428] Registering image #187 (num_reg_frames=25)
I20261008 08:55:02.625906  2934 incremental_pipeline.cc:431] => Image sees 88 / 330 points
I20261008 08:55:02.687781  2934 incremental_pipeline.cc:43] Retriangulation and Global bundle adjustment
I20261008 08:55:04.346354  2934 incremental_pipeline.cc:428] Registering image #186 (num_reg_frames=26)
I20261008 08:55:04.347923  2934 incremental_pipeline.cc:431] => Image sees 98 / 282 points
I20261008 08:55:04.390559  2934 incremental_pipeline.cc:428] Registering image #191 (num_reg_frames=27)
I20261008 08:55:04.391816  2934 incremental_pipeline.cc:431] => Image sees 123 / 309 points
I20261008 08:55:04.453485  2934 incremental_pipeline.cc:428] Registering image #185 (num_reg_frames=28)
I20261008 08:55:04.454885  2934 incremental_pipeline.cc:431] => Image sees 105 / 224 points
I20261008 08:55:04.500258  2934 incremental_pipeline.cc:43] Retriangulation and Global bundle adjustment
I20261008 08:55:06.452104  2934 incremental_pipeline.cc:428] Registering image #188 (num_reg_frames=29)
I20261008 08:55:06.453528  2934 incremental_pipeline.cc:431] => Image sees 143 / 240 points
I20261008 08:55:06.518760  2934 incremental_pipeline.cc:428] Registering image #194 (num_reg_frames=30)
I20261008 08:55:06.519953  2934 incremental_pipeline.cc:431] => Image sees 153 / 281 points
I20261008 08:55:06.571091  2934 incremental_pipeline.cc:428] Registering image #189 (num_reg_frames=31)
I20261008 08:55:06.572559  2934 incremental_pipeline.cc:431] => Image sees 123 / 210 points
I20261008 08:55:06.611848  2934 incremental_pipeline.cc:43] Retriangulation and Global bundle adjustment
I20261008 08:55:08.183280  2934 incremental_pipeline.cc:428] Registering image #180 (num_reg_frames=32)
I20261008 08:55:08.184768  2934 incremental_pipeline.cc:431] => Image sees 121 / 199 points
I20261008 08:55:08.238025  2934 incremental_pipeline.cc:428] Registering image #192 (num_reg_frames=33)
I20261008 08:55:08.239508  2934 incremental_pipeline.cc:431] => Image sees 139 / 206 points
I20261008 08:55:08.293206  2934 incremental_pipeline.cc:428] Registering image #193 (num_reg_frames=34)
I20261008 08:55:08.294643  2934 incremental_pipeline.cc:431] => Image sees 93 / 160 points
I20261008 08:55:08.338905  2934 incremental_pipeline.cc:428] Registering image #190 (num_reg_frames=35)
I20261008 08:55:08.340384  2934 incremental_pipeline.cc:431] => Image sees 145 / 266 points
I20261008 08:55:08.392091  2934 incremental_pipeline.cc:43] Retriangulation and Global bundle adjustment
I20261008 08:55:09.748980  2934 incremental_pipeline.cc:428] Registering image #197 (num_reg_frames=36)
I20261008 08:55:09.750560  2934 incremental_pipeline.cc:431] => Image sees 153 / 259 points
I20261008 08:55:09.812747  2934 incremental_pipeline.cc:428] Registering image #196 (num_reg_frames=37)
I20261008 08:55:09.814141  2934 incremental_pipeline.cc:431] => Image sees 102 / 190 points
I20261008 08:55:09.858951  2934 incremental_pipeline.cc:428] Registering image #199 (num_reg_frames=38)
I20261008 08:55:09.860476  2934 incremental_pipeline.cc:431] => Image sees 87 / 198 points
I20261008 08:55:09.922240  2934 incremental_pipeline.cc:428] Registering image #149 (num_reg_frames=39)
I20261008 08:55:09.923831  2934 incremental_pipeline.cc:431] => Image sees 51 / 1059 points
I20261008 08:55:09.928581  2934 incremental_pipeline.cc:442] => Could not register, trying another image.
I20261008 08:55:09.929559  2934 incremental_pipeline.cc:428] Registering image #150 (num_reg_frames=39)
I20261008 08:55:09.930343  2934 incremental_pipeline.cc:431] => Image sees 56 / 1081 points
I20261008 08:55:09.932752  2934 incremental_pipeline.cc:442] => Could not register, trying another image.
I20261008 08:55:09.933843  2934 incremental_pipeline.cc:428] Registering image #203 (num_reg_frames=39)
I20261008 08:55:09.934676  2934 incremental_pipeline.cc:431] => Image sees 64 / 189 points
I20261008 08:55:09.960871  2934 incremental_pipeline.cc:43] Retriangulation and Global bundle adjustment
I20261008 08:55:10.605612  2934 incremental_pipeline.cc:428] Registering image #200 (num_reg_frames=40)
I20261008 08:55:10.607033  2934 incremental_pipeline.cc:431] => Image sees 67 / 171 points
I20261008 08:55:10.637229  2934 incremental_pipeline.cc:428] Registering image #198 (num_reg_frames=41)
I20261008 08:55:10.638540  2934 incremental_pipeline.cc:431] => Image sees 74 / 199 points
I20261008 08:55:10.672794  2934 incremental_pipeline.cc:428] Registering image #204 (num_reg_frames=42)
I20261008 08:55:10.674399  2934 incremental_pipeline.cc:431] => Image sees 77 / 190 points
I20261008 08:55:10.704329  2934 incremental_pipeline.cc:428] Registering image #206 (num_reg_frames=43)
I20261008 08:55:10.705724  2934 incremental_pipeline.cc:431] => Image sees 92 / 289 points
I20261008 08:55:10.732889  2934 incremental_pipeline.cc:43] Retriangulation and Global bundle adjustment
I20261008 08:55:11.397125  2934 incremental_pipeline.cc:428] Registering image #205 (num_reg_frames=44)
I20261008 08:55:11.398444  2934 incremental_pipeline.cc:431] => Image sees 109 / 261 points
I20261008 08:55:11.429251  2934 incremental_pipeline.cc:428] Registering image #202 (num_reg_frames=45)
I20261008 08:55:11.430671  2934 incremental_pipeline.cc:431] => Image sees 127 / 200 points
I20261008 08:55:11.469655  2934 incremental_pipeline.cc:428] Registering image #208 (num_reg_frames=46)
I20261008 08:55:11.471179  2934 incremental_pipeline.cc:431] => Image sees 115 / 464 points
I20261008 08:55:11.514915  2934 incremental_pipeline.cc:428] Registering image #210 (num_reg_frames=47)
I20261008 08:55:11.516371  2934 incremental_pipeline.cc:431] => Image sees 139 / 518 points
I20261008 08:55:11.559051  2934 incremental_pipeline.cc:428] Registering image #211 (num_reg_frames=48)
I20261008 08:55:11.560593  2934 incremental_pipeline.cc:431] => Image sees 114 / 772 points
I20261008 08:55:11.602665  2934 incremental_pipeline.cc:43] Retriangulation and Global bundle adjustment
I20261008 08:55:12.847679  2934 incremental_pipeline.cc:428] Registering image #212 (num_reg_frames=49)
I20261008 08:55:12.849392  2934 incremental_pipeline.cc:431] => Image sees 107 / 408 points
I20261008 08:55:12.881275  2934 incremental_pipeline.cc:428] Registering image #214 (num_reg_frames=50)
I20261008 08:55:12.882114  2934 incremental_pipeline.cc:431] => Image sees 118 / 718 points
I20261008 08:55:12.947567  2934 incremental_pipeline.cc:428] Registering image #213 (num_reg_frames=51)
I20261008 08:55:12.948092  2934 incremental_pipeline.cc:431] => Image sees 157 / 926 points
I20261008 08:55:13.003609  2934 incremental_pipeline.cc:428] Registering image #215 (num_reg_frames=52)
I20261008 08:55:13.004554  2934 incremental_pipeline.cc:431] => Image sees 143 / 801 points
I20261008 08:55:13.076524  2934 incremental_pipeline.cc:428] Registering image #209 (num_reg_frames=53)
I20261008 08:55:13.078130  2934 incremental_pipeline.cc:431] => Image sees 143 / 462 points
I20261008 08:55:13.127522  2934 incremental_pipeline.cc:43] Retriangulation and Global bundle adjustment
I20261008 08:55:14.453971  2934 incremental_pipeline.cc:428] Registering image #216 (num_reg_frames=54)
I20261008 08:55:14.455403  2934 incremental_pipeline.cc:431] => Image sees 137 / 708 points
I20261008 08:55:14.493155  2934 incremental_pipeline.cc:428] Registering image #207 (num_reg_frames=55)
I20261008 08:55:14.494637  2934 incremental_pipeline.cc:431] => Image sees 115 / 143 points
I20261008 08:55:14.533859  2934 incremental_pipeline.cc:428] Registering image #220 (num_reg_frames=56)
I20261008 08:55:14.535408  2934 incremental_pipeline.cc:431] => Image sees 118 / 1039 points
I20261008 08:55:14.575863  2934 incremental_pipeline.cc:428] Registering image #218 (num_reg_frames=57)
I20261008 08:55:14.577281  2934 incremental_pipeline.cc:431] => Image sees 136 / 1091 points
I20261008 08:55:14.631368  2934 incremental_pipeline.cc:43] Retriangulation and Global bundle adjustment
I20261008 08:55:15.774672  2934 incremental_pipeline.cc:584] Keeping successful reconstruction
I20261008 08:55:15.787387  2934 incremental_pipeline.cc:300] Finding good initial image pair
I20261008 08:55:15.862771  2934 incremental_pipeline.cc:304] => No good initial image pair found.
I20261008 08:55:15.864300  2934 incremental_pipeline.cc:547] Discarding reconstruction due to no initial pair
I20261008 08:55:15.866288  2934 incremental_pipeline.cc:235] => Relaxing the initialization constraints.
I20261008 08:55:15.872036  2934 incremental_pipeline.cc:300] Finding good initial image pair
I20261008 08:55:16.006291  2934 incremental_pipeline.cc:304] => No good initial image pair found.
I20261008 08:55:16.007897  2934 incremental_pipeline.cc:547] Discarding reconstruction due to no initial pair
I20261008 08:55:16.010041  2934 incremental_pipeline.cc:244] => Relaxing the initialization constraints.
I20261008 08:55:16.016690  2934 incremental_pipeline.cc:300] Finding good initial image pair
I20261008 08:55:16.154627  2934 incremental_pipeline.cc:304] => No good initial image pair found.
I20261008 08:55:16.156039  2934 incremental_pipeline.cc:547] Discarding reconstruction due to no initial pair
I20261008 08:55:16.157958  2934 incremental_pipeline.cc:235] => Relaxing the initialization constraints.
I20261008 08:55:16.163573  2934 incremental_pipeline.cc:300] Finding good initial image pair
I20261008 08:55:16.273227  2934 incremental_pipeline.cc:324] Registering initial image pair #152 and #160
I20261008 08:55:16.274967  2934 incremental_pipeline.cc:338] Global bundle adjustment
I20261008 08:55:16.282043  2934 incremental_pipeline.cc:557] Discarding reconstruction due to bad initial pair
I20261008 08:55:16.288398  2934 incremental_pipeline.cc:300] Finding good initial image pair
I20261008 08:55:16.353477  2934 incremental_pipeline.cc:304] => No good initial image pair found.
I20261008 08:55:16.355020  2934 incremental_pipeline.cc:547] Discarding reconstruction due to no initial pair
I20261008 08:55:16.357333  2934 incremental_pipeline.cc:244] => Relaxing the initialization constraints.
I20261008 08:55:16.363903  2934 incremental_pipeline.cc:300] Finding good initial image pair
I20261008 08:55:16.404282  2934 incremental_pipeline.cc:324] Registering initial image pair #146 and #148
I20261008 08:55:16.407717  2934 incremental_pipeline.cc:338] Global bundle adjustment
I20261008 08:55:16.509016  2934 incremental_pipeline.cc:428] Registering image #147 (num_reg_frames=2)
I20261008 08:55:16.510452  2934 incremental_pipeline.cc:431] => Image sees 305 / 982 points
I20261008 08:55:16.511632  2934 incremental_pipeline.cc:442] => Could not register, trying another image.
I20261008 08:55:16.512688  2934 incremental_pipeline.cc:428] Registering image #142 (num_reg_frames=2)
I20261008 08:55:16.513676  2934 incremental_pipeline.cc:431] => Image sees 207 / 823 points
I20261008 08:55:16.515187  2934 incremental_pipeline.cc:442] => Could not register, trying another image.
I20261008 08:55:16.516165  2934 incremental_pipeline.cc:428] Registering image #144 (num_reg_frames=2)
I20261008 08:55:16.517047  2934 incremental_pipeline.cc:431] => Image sees 210 / 918 points
I20261008 08:55:16.517987  2934 incremental_pipeline.cc:442] => Could not register, trying another image.
I20261008 08:55:16.518935  2934 incremental_pipeline.cc:428] Registering image #143 (num_reg_frames=2)
I20261008 08:55:16.519974  2934 incremental_pipeline.cc:431] => Image sees 129 / 781 points
I20261008 08:55:16.520583  2934 incremental_pipeline.cc:442] => Could not register, trying another image.
I20261008 08:55:16.521360  2934 incremental_pipeline.cc:428] Registering image #145 (num_reg_frames=2)
I20261008 08:55:16.521802  2934 incremental_pipeline.cc:431] => Image sees 121 / 822 points
I20261008 08:55:16.522421  2934 incremental_pipeline.cc:442] => Could not register, trying another image.
I20261008 08:55:16.522864  2934 incremental_pipeline.cc:428] Registering image #141 (num_reg_frames=2)
I20261008 08:55:16.523355  2934 incremental_pipeline.cc:431] => Image sees 67 / 616 points
I20261008 08:55:16.523804  2934 incremental_pipeline.cc:442] => Could not register, trying another image.
I20261008 08:55:16.524184  2934 incremental_pipeline.cc:43] Retriangulation and Global bundle adjustment
I20261008 08:55:16.834920  2934 incremental_pipeline.cc:428] Registering image #147 (num_reg_frames=2)
I20261008 08:55:16.835999  2934 incremental_pipeline.cc:431] => Image sees 168 / 982 points
I20261008 08:55:16.909354  2934 incremental_pipeline.cc:43] Retriangulation and Global bundle adjustment
I20261008 08:55:17.057273  2934 incremental_pipeline.cc:428] Registering image #142 (num_reg_frames=3)
I20261008 08:55:17.058683  2934 incremental_pipeline.cc:431] => Image sees 91 / 823 points
I20261008 08:55:17.129703  2934 incremental_pipeline.cc:43] Retriangulation and Global bundle adjustment
I20261008 08:55:17.168195  2934 incremental_pipeline.cc:428] Registering image #144 (num_reg_frames=4)
I20261008 08:55:17.169693  2934 incremental_pipeline.cc:431] => Image sees 106 / 918 points
I20261008 08:55:17.236815  2934 incremental_pipeline.cc:43] Retriangulation and Global bundle adjustment
I20261008 08:55:17.346972  2934 incremental_pipeline.cc:428] Registering image #143 (num_reg_frames=5)
I20261008 08:55:17.348503  2934 incremental_pipeline.cc:431] => Image sees 52 / 781 points
I20261008 08:55:17.418275  2934 incremental_pipeline.cc:43] Retriangulation and Global bundle adjustment
I20261008 08:55:17.460062  2934 incremental_pipeline.cc:428] Registering image #145 (num_reg_frames=6)
I20261008 08:55:17.461511  2934 incremental_pipeline.cc:431] => Image sees 131 / 822 points
I20261008 08:55:17.497922  2934 incremental_pipeline.cc:43] Retriangulation and Global bundle adjustment
I20261008 08:55:17.571590  2934 incremental_pipeline.cc:428] Registering image #140 (num_reg_frames=7)
I20261008 08:55:17.573052  2934 incremental_pipeline.cc:431] => Image sees 46 / 441 points
I20261008 08:55:17.601413  2934 incremental_pipeline.cc:43] Retriangulation and Global bundle adjustment
I20261008 08:55:17.642340  2934 incremental_pipeline.cc:428] Registering image #139 (num_reg_frames=8)
I20261008 08:55:17.643750  2934 incremental_pipeline.cc:431] => Image sees 69 / 274 points
I20261008 08:55:17.663800  2934 incremental_pipeline.cc:43] Retriangulation and Global bundle adjustment
I20261008 08:55:17.697443  2934 incremental_pipeline.cc:428] Registering image #138 (num_reg_frames=9)
I20261008 08:55:17.698266  2934 incremental_pipeline.cc:431] => Image sees 32 / 165 points
I20261008 08:55:17.709604  2934 incremental_pipeline.cc:43] Retriangulation and Global bundle adjustment
I20261008 08:55:17.745673  2934 incremental_pipeline.cc:428] Registering image #137 (num_reg_frames=10)
I20261008 08:55:17.747076  2934 incremental_pipeline.cc:431] => Image sees 40 / 231 points
I20261008 08:55:17.760984  2934 incremental_pipeline.cc:43] Retriangulation and Global bundle adjustment
I20261008 08:55:17.797775  2934 incremental_pipeline.cc:428] Registering image #136 (num_reg_frames=11)
I20261008 08:55:17.799043  2934 incremental_pipeline.cc:431] => Image sees 38 / 218 points
I20261008 08:55:17.816202  2934 incremental_pipeline.cc:428] Registering image #135 (num_reg_frames=12)
I20261008 08:55:17.817634  2934 incremental_pipeline.cc:431] => Image sees 36 / 140 points
I20261008 08:55:17.825598  2934 incremental_pipeline.cc:43] Retriangulation and Global bundle adjustment
I20261008 08:55:17.878806  2934 incremental_pipeline.cc:428] Registering image #134 (num_reg_frames=13)
I20261008 08:55:17.879781  2934 incremental_pipeline.cc:431] => Image sees 50 / 160 points
I20261008 08:55:17.890760  2934 incremental_pipeline.cc:428] Registering image #133 (num_reg_frames=14)
I20261008 08:55:17.891798  2934 incremental_pipeline.cc:431] => Image sees 39 / 102 points
I20261008 08:55:17.900313  2934 incremental_pipeline.cc:43] Retriangulation and Global bundle adjustment
I20261008 08:55:17.977280  2934 incremental_pipeline.cc:428] Registering image #131 (num_reg_frames=15)
I20261008 08:55:17.978547  2934 incremental_pipeline.cc:431] => Image sees 37 / 134 points
I20261008 08:55:17.988994  2934 incremental_pipeline.cc:428] Registering image #128 (num_reg_frames=16)
I20261008 08:55:17.990372  2934 incremental_pipeline.cc:431] => Image sees 41 / 120 points
I20261008 08:55:17.998616  2934 incremental_pipeline.cc:43] Retriangulation and Global bundle adjustment
I20261008 08:55:18.040700  2934 incremental_pipeline.cc:428] Registering image #127 (num_reg_frames=17)
I20261008 08:55:18.041915  2934 incremental_pipeline.cc:431] => Image sees 54 / 136 points
I20261008 08:55:18.057309  2934 incremental_pipeline.cc:428] Registering image #130 (num_reg_frames=18)
I20261008 08:55:18.058739  2934 incremental_pipeline.cc:431] => Image sees 66 / 200 points
I20261008 08:55:18.071569  2934 incremental_pipeline.cc:43] Retriangulation and Global bundle adjustment
I20261008 08:55:18.147450  2934 incremental_pipeline.cc:428] Registering image #126 (num_reg_frames=19)
I20261008 08:55:18.148888  2934 incremental_pipeline.cc:431] => Image sees 61 / 164 points
I20261008 08:55:18.165263  2934 incremental_pipeline.cc:428] Registering image #129 (num_reg_frames=20)
I20261008 08:55:18.166108  2934 incremental_pipeline.cc:431] => Image sees 92 / 327 points
I20261008 08:55:18.182791  2934 incremental_pipeline.cc:43] Retriangulation and Global bundle adjustment
I20261008 08:55:18.258991  2934 incremental_pipeline.cc:428] Registering image #125 (num_reg_frames=21)
I20261008 08:55:18.259909  2934 incremental_pipeline.cc:431] => Image sees 120 / 393 points
I20261008 08:55:18.290982  2934 incremental_pipeline.cc:428] Registering image #123 (num_reg_frames=22)
I20261008 08:55:18.292382  2934 incremental_pipeline.cc:431] => Image sees 111 / 573 points
I20261008 08:55:18.313298  2934 incremental_pipeline.cc:43] Retriangulation and Global bundle adjustment
I20261008 08:55:18.430461  2934 incremental_pipeline.cc:428] Registering image #122 (num_reg_frames=23)
I20261008 08:55:18.431815  2934 incremental_pipeline.cc:431] => Image sees 159 / 610 points
I20261008 08:55:18.457690  2934 incremental_pipeline.cc:428] Registering image #124 (num_reg_frames=24)
I20261008 08:55:18.459169  2934 incremental_pipeline.cc:431] => Image sees 131 / 338 points
I20261008 08:55:18.481632  2934 incremental_pipeline.cc:43] Retriangulation and Global bundle adjustment
I20261008 08:55:18.572881  2934 incremental_pipeline.cc:428] Registering image #118 (num_reg_frames=25)
I20261008 08:55:18.574389  2934 incremental_pipeline.cc:431] => Image sees 171 / 770 points
I20261008 08:55:18.633596  2934 incremental_pipeline.cc:43] Retriangulation and Global bundle adjustment
I20261008 08:55:18.691772  2934 incremental_pipeline.cc:428] Registering image #121 (num_reg_frames=26)
I20261008 08:55:18.692842  2934 incremental_pipeline.cc:431] => Image sees 202 / 535 points
I20261008 08:55:18.735036  2934 incremental_pipeline.cc:428] Registering image #120 (num_reg_frames=27)
I20261008 08:55:18.736334  2934 incremental_pipeline.cc:431] => Image sees 257 / 793 points
I20261008 08:55:18.778656  2934 incremental_pipeline.cc:43] Retriangulation and Global bundle adjustment
I20261008 08:55:18.837030  2934 incremental_pipeline.cc:428] Registering image #119 (num_reg_frames=28)
I20261008 08:55:18.838378  2934 incremental_pipeline.cc:431] => Image sees 251 / 827 points
I20261008 08:55:18.929991  2934 incremental_pipeline.cc:43] Retriangulation and Global bundle adjustment
I20261008 08:55:19.011082  2934 incremental_pipeline.cc:584] Keeping successful reconstruction
I20261008 08:55:19.020638  2934 incremental_pipeline.cc:300] Finding good initial image pair
I20261008 08:55:19.034317  2934 incremental_pipeline.cc:324] Registering initial image pair #150 and #156
I20261008 08:55:19.036126  2934 incremental_pipeline.cc:338] Global bundle adjustment
I20261008 08:55:19.057623  2934 incremental_pipeline.cc:428] Registering image #151 (num_reg_frames=2)
I20261008 08:55:19.059010  2934 incremental_pipeline.cc:431] => Image sees 31 / 892 points
I20261008 08:55:19.085044  2934 incremental_pipeline.cc:43] Retriangulation and Global bundle adjustment
I20261008 08:55:19.130174  2934 incremental_pipeline.cc:428] Registering image #149 (num_reg_frames=3)
I20261008 08:55:19.131716  2934 incremental_pipeline.cc:431] => Image sees 83 / 1059 points
I20261008 08:55:19.179832  2934 incremental_pipeline.cc:43] Retriangulation and Global bundle adjustment
I20261008 08:55:19.245378  2934 incremental_pipeline.cc:428] Registering image #152 (num_reg_frames=4)
I20261008 08:55:19.246596  2934 incremental_pipeline.cc:431] => Image sees 146 / 933 points
I20261008 08:55:19.247216  2934 incremental_pipeline.cc:442] => Could not register, trying another image.
I20261008 08:55:19.247979  2934 incremental_pipeline.cc:428] Registering image #153 (num_reg_frames=4)
I20261008 08:55:19.248453  2934 incremental_pipeline.cc:431] => Image sees 115 / 840 points
I20261008 08:55:19.249536  2934 incremental_pipeline.cc:442] => Could not register, trying another image.
I20261008 08:55:19.250597  2934 incremental_pipeline.cc:428] Registering image #154 (num_reg_frames=4)
I20261008 08:55:19.251277  2934 incremental_pipeline.cc:431] => Image sees 85 / 813 points
I20261008 08:55:19.252377  2934 incremental_pipeline.cc:442] => Could not register, trying another image.
I20261008 08:55:19.252732  2934 incremental_pipeline.cc:428] Registering image #155 (num_reg_frames=4)
I20261008 08:55:19.253221  2934 incremental_pipeline.cc:431] => Image sees 60 / 958 points
I20261008 08:55:19.253641  2934 incremental_pipeline.cc:442] => Could not register, trying another image.
I20261008 08:55:19.254350  2934 incremental_pipeline.cc:428] Registering image #157 (num_reg_frames=4)
I20261008 08:55:19.254686  2934 incremental_pipeline.cc:431] => Image sees 49 / 810 points
I20261008 08:55:19.255759  2934 incremental_pipeline.cc:442] => Could not register, trying another image.
I20261008 08:55:19.256003  2934 incremental_pipeline.cc:428] Registering image #160 (num_reg_frames=4)
I20261008 08:55:19.256436  2934 incremental_pipeline.cc:431] => Image sees 34 / 640 points
I20261008 08:55:19.256721  2934 incremental_pipeline.cc:442] => Could not register, trying another image.
I20261008 08:55:19.257043  2934 incremental_pipeline.cc:43] Retriangulation and Global bundle adjustment
I20261008 08:55:19.260145  2934 incremental_pipeline.cc:428] Registering image #152 (num_reg_frames=4)
I20261008 08:55:19.260782  2934 incremental_pipeline.cc:431] => Image sees 146 / 933 points
I20261008 08:55:19.261057  2934 incremental_pipeline.cc:442] => Could not register, trying another image.
I20261008 08:55:19.261377  2934 incremental_pipeline.cc:428] Registering image #153 (num_reg_frames=4)
I20261008 08:55:19.261663  2934 incremental_pipeline.cc:431] => Image sees 115 / 840 points
I20261008 08:55:19.262465  2934 incremental_pipeline.cc:442] => Could not register, trying another image.
I20261008 08:55:19.262712  2934 incremental_pipeline.cc:428] Registering image #154 (num_reg_frames=4)
I20261008 08:55:19.263106  2934 incremental_pipeline.cc:431] => Image sees 85 / 813 points
I20261008 08:55:19.263413  2934 incremental_pipeline.cc:442] => Could not register, trying another image.
I20261008 08:55:19.263787  2934 incremental_pipeline.cc:428] Registering image #155 (num_reg_frames=4)
I20261008 08:55:19.264127  2934 incremental_pipeline.cc:431] => Image sees 60 / 958 points
I20261008 08:55:19.264554  2934 incremental_pipeline.cc:442] => Could not register, trying another image.
I20261008 08:55:19.264751  2934 incremental_pipeline.cc:428] Registering image #157 (num_reg_frames=4)
I20261008 08:55:19.265020  2934 incremental_pipeline.cc:431] => Image sees 49 / 810 points
I20261008 08:55:19.265260  2934 incremental_pipeline.cc:442] => Could not register, trying another image.
I20261008 08:55:19.265524  2934 incremental_pipeline.cc:428] Registering image #160 (num_reg_frames=4)
I20261008 08:55:19.265786  2934 incremental_pipeline.cc:431] => Image sees 34 / 640 points
I20261008 08:55:19.266106  2934 incremental_pipeline.cc:442] => Could not register, trying another image.
I20261008 08:55:19.266288  2934 incremental_pipeline.cc:580] Discarding reconstruction due to insufficient size
I20261008 08:55:19.272095  2934 incremental_pipeline.cc:300] Finding good initial image pair
I20261008 08:55:19.274276  2934 incremental_pipeline.cc:324] Registering initial image pair #150 and #155
I20261008 08:55:19.275053  2934 incremental_pipeline.cc:338] Global bundle adjustment
I20261008 08:55:19.292248  2934 incremental_pipeline.cc:580] Discarding reconstruction due to insufficient size
I20261008 08:55:19.298832  2934 incremental_pipeline.cc:300] Finding good initial image pair
I20261008 08:55:19.310732  2934 incremental_pipeline.cc:324] Registering initial image pair #152 and #155
I20261008 08:55:19.311725  2934 incremental_pipeline.cc:338] Global bundle adjustment
I20261008 08:55:19.332890  2934 incremental_pipeline.cc:428] Registering image #154 (num_reg_frames=2)
I20261008 08:55:19.333647  2934 incremental_pipeline.cc:431] => Image sees 44 / 813 points
I20261008 08:55:19.372550  2934 incremental_pipeline.cc:43] Retriangulation and Global bundle adjustment
I20261008 08:55:19.433122  2934 incremental_pipeline.cc:428] Registering image #156 (num_reg_frames=3)
I20261008 08:55:19.434614  2934 incremental_pipeline.cc:431] => Image sees 161 / 907 points
I20261008 08:55:19.537016  2934 incremental_pipeline.cc:43] Retriangulation and Global bundle adjustment
I20261008 08:55:19.826848  2934 incremental_pipeline.cc:428] Registering image #157 (num_reg_frames=4)
I20261008 08:55:19.828382  2934 incremental_pipeline.cc:431] => Image sees 234 / 810 points
I20261008 08:55:19.829612  2934 incremental_pipeline.cc:442] => Could not register, trying another image.
I20261008 08:55:19.830912  2934 incremental_pipeline.cc:428] Registering image #153 (num_reg_frames=4)
I20261008 08:55:19.832032  2934 incremental_pipeline.cc:431] => Image sees 164 / 840 points
I20261008 08:55:19.832962  2934 incremental_pipeline.cc:442] => Could not register, trying another image.
I20261008 08:55:19.834157  2934 incremental_pipeline.cc:428] Registering image #151 (num_reg_frames=4)
I20261008 08:55:19.835202  2934 incremental_pipeline.cc:431] => Image sees 115 / 892 points
I20261008 08:55:19.835844  2934 incremental_pipeline.cc:442] => Could not register, trying another image.
I20261008 08:55:19.836845  2934 incremental_pipeline.cc:428] Registering image #160 (num_reg_frames=4)
I20261008 08:55:19.837667  2934 incremental_pipeline.cc:431] => Image sees 101 / 640 points
I20261008 08:55:19.838450  2934 incremental_pipeline.cc:442] => Could not register, trying another image.
I20261008 08:55:19.839489  2934 incremental_pipeline.cc:428] Registering image #149 (num_reg_frames=4)
I20261008 08:55:19.839906  2934 incremental_pipeline.cc:431] => Image sees 79 / 1059 points
I20261008 08:55:19.840469  2934 incremental_pipeline.cc:442] => Could not register, trying another image.
I20261008 08:55:19.840809  2934 incremental_pipeline.cc:428] Registering image #150 (num_reg_frames=4)
I20261008 08:55:19.841225  2934 incremental_pipeline.cc:431] => Image sees 80 / 1081 points
I20261008 08:55:19.841681  2934 incremental_pipeline.cc:442] => Could not register, trying another image.
I20261008 08:55:19.842149  2934 incremental_pipeline.cc:428] Registering image #161 (num_reg_frames=4)
I20261008 08:55:19.842549  2934 incremental_pipeline.cc:431] => Image sees 54 / 944 points
I20261008 08:55:19.843191  2934 incremental_pipeline.cc:442] => Could not register, trying another image.
I20261008 08:55:19.843654  2934 incremental_pipeline.cc:428] Registering image #163 (num_reg_frames=4)
I20261008 08:55:19.844168  2934 incremental_pipeline.cc:431] => Image sees 40 / 1066 points
I20261008 08:55:19.844695  2934 incremental_pipeline.cc:442] => Could not register, trying another image.
I20261008 08:55:19.845016  2934 incremental_pipeline.cc:43] Retriangulation and Global bundle adjustment
I20261008 08:55:19.849423  2934 incremental_pipeline.cc:428] Registering image #157 (num_reg_frames=4)
I20261008 08:55:19.850071  2934 incremental_pipeline.cc:431] => Image sees 234 / 810 points
I20261008 08:55:19.850566  2934 incremental_pipeline.cc:442] => Could not register, trying another image.
I20261008 08:55:19.850947  2934 incremental_pipeline.cc:428] Registering image #153 (num_reg_frames=4)
I20261008 08:55:19.851248  2934 incremental_pipeline.cc:431] => Image sees 164 / 840 points
I20261008 08:55:19.851660  2934 incremental_pipeline.cc:442] => Could not register, trying another image.
I20261008 08:55:19.851879  2934 incremental_pipeline.cc:428] Registering image #151 (num_reg_frames=4)
I20261008 08:55:19.852319  2934 incremental_pipeline.cc:431] => Image sees 115 / 892 points
I20261008 08:55:19.852566  2934 incremental_pipeline.cc:442] => Could not register, trying another image.
I20261008 08:55:19.852830  2934 incremental_pipeline.cc:428] Registering image #160 (num_reg_frames=4)
I20261008 08:55:19.853022  2934 incremental_pipeline.cc:431] => Image sees 101 / 640 points
I20261008 08:55:19.853335  2934 incremental_pipeline.cc:442] => Could not register, trying another image.
I20261008 08:55:19.853531  2934 incremental_pipeline.cc:428] Registering image #149 (num_reg_frames=4)
I20261008 08:55:19.853816  2934 incremental_pipeline.cc:431] => Image sees 79 / 1059 points
I20261008 08:55:19.854283  2934 incremental_pipeline.cc:442] => Could not register, trying another image.
I20261008 08:55:19.854656  2934 incremental_pipeline.cc:428] Registering image #150 (num_reg_frames=4)
I20261008 08:55:19.854984  2934 incremental_pipeline.cc:431] => Image sees 80 / 1081 points
I20261008 08:55:19.855556  2934 incremental_pipeline.cc:442] => Could not register, trying another image.
I20261008 08:55:19.855792  2934 incremental_pipeline.cc:428] Registering image #161 (num_reg_frames=4)
I20261008 08:55:19.856117  2934 incremental_pipeline.cc:431] => Image sees 54 / 944 points
I20261008 08:55:19.856549  2934 incremental_pipeline.cc:442] => Could not register, trying another image.
I20261008 08:55:19.857040  2934 incremental_pipeline.cc:428] Registering image #163 (num_reg_frames=4)
I20261008 08:55:19.857295  2934 incremental_pipeline.cc:431] => Image sees 40 / 1066 points
I20261008 08:55:19.857632  2934 incremental_pipeline.cc:442] => Could not register, trying another image.
I20261008 08:55:19.857839  2934 incremental_pipeline.cc:580] Discarding reconstruction due to insufficient size
I20261008 08:55:19.863737  2934 incremental_pipeline.cc:300] Finding good initial image pair
I20261008 08:55:19.866120  2934 incremental_pipeline.cc:324] Registering initial image pair #152 and #157
I20261008 08:55:19.866820  2934 incremental_pipeline.cc:338] Global bundle adjustment
I20261008 08:55:19.887153  2934 incremental_pipeline.cc:428] Registering image #151 (num_reg_frames=2)
I20261008 08:55:19.887969  2934 incremental_pipeline.cc:431] => Image sees 33 / 892 points
I20261008 08:55:19.889091  2934 incremental_pipeline.cc:442] => Could not register, trying another image.
I20261008 08:55:19.889437  2934 incremental_pipeline.cc:428] Registering image #154 (num_reg_frames=2)
I20261008 08:55:19.889977  2934 incremental_pipeline.cc:431] => Image sees 31 / 813 points
I20261008 08:55:19.890311  2934 incremental_pipeline.cc:442] => Could not register, trying another image.
I20261008 08:55:19.891081  2934 incremental_pipeline.cc:428] Registering image #153 (num_reg_frames=2)
I20261008 08:55:19.891379  2934 incremental_pipeline.cc:431] => Image sees 30 / 840 points
I20261008 08:55:19.891988  2934 incremental_pipeline.cc:442] => Could not register, trying another image.
I20261008 08:55:19.892330  2934 incremental_pipeline.cc:428] Registering image #155 (num_reg_frames=2)
I20261008 08:55:19.892778  2934 incremental_pipeline.cc:431] => Image sees 34 / 958 points
I20261008 08:55:19.893129  2934 incremental_pipeline.cc:442] => Could not register, trying another image.
I20261008 08:55:19.893468  2934 incremental_pipeline.cc:43] Retriangulation and Global bundle adjustment
I20261008 08:55:19.908205  2934 incremental_pipeline.cc:428] Registering image #151 (num_reg_frames=2)
I20261008 08:55:19.908929  2934 incremental_pipeline.cc:431] => Image sees 33 / 892 points
I20261008 08:55:19.909641  2934 incremental_pipeline.cc:442] => Could not register, trying another image.
I20261008 08:55:19.910168  2934 incremental_pipeline.cc:428] Registering image #154 (num_reg_frames=2)
I20261008 08:55:19.910527  2934 incremental_pipeline.cc:431] => Image sees 31 / 813 points
I20261008 08:55:19.911005  2934 incremental_pipeline.cc:442] => Could not register, trying another image.
I20261008 08:55:19.911355  2934 incremental_pipeline.cc:428] Registering image #153 (num_reg_frames=2)
I20261008 08:55:19.911732  2934 incremental_pipeline.cc:431] => Image sees 30 / 840 points
I20261008 08:55:19.912156  2934 incremental_pipeline.cc:442] => Could not register, trying another image.
I20261008 08:55:19.912621  2934 incremental_pipeline.cc:428] Registering image #155 (num_reg_frames=2)
I20261008 08:55:19.913018  2934 incremental_pipeline.cc:431] => Image sees 34 / 958 points
I20261008 08:55:19.913411  2934 incremental_pipeline.cc:442] => Could not register, trying another image.
I20261008 08:55:19.913769  2934 incremental_pipeline.cc:580] Discarding reconstruction due to insufficient size
I20261008 08:55:19.919111  2934 incremental_pipeline.cc:300] Finding good initial image pair
I20261008 08:55:19.926805  2934 incremental_pipeline.cc:324] Registering initial image pair #151 and #155
I20261008 08:55:19.927675  2934 incremental_pipeline.cc:338] Global bundle adjustment
I20261008 08:55:19.943176  2934 incremental_pipeline.cc:428] Registering image #152 (num_reg_frames=2)
I20261008 08:55:19.943988  2934 incremental_pipeline.cc:431] => Image sees 31 / 933 points
I20261008 08:55:19.944772  2934 incremental_pipeline.cc:442] => Could not register, trying another image.
I20261008 08:55:19.945364  2934 incremental_pipeline.cc:428] Registering image #156 (num_reg_frames=2)
I20261008 08:55:19.945873  2934 incremental_pipeline.cc:431] => Image sees 30 / 907 points
I20261008 08:55:19.946465  2934 incremental_pipeline.cc:442] => Could not register, trying another image.
I20261008 08:55:19.946997  2934 incremental_pipeline.cc:43] Retriangulation and Global bundle adjustment
I20261008 08:55:19.948311  2934 incremental_pipeline.cc:428] Registering image #152 (num_reg_frames=2)
I20261008 08:55:19.948810  2934 incremental_pipeline.cc:431] => Image sees 31 / 933 points
I20261008 08:55:19.949270  2934 incremental_pipeline.cc:442] => Could not register, trying another image.
I20261008 08:55:19.949693  2934 incremental_pipeline.cc:428] Registering image #156 (num_reg_frames=2)
I20261008 08:55:19.950120  2934 incremental_pipeline.cc:431] => Image sees 30 / 907 points
I20261008 08:55:19.950687  2934 incremental_pipeline.cc:442] => Could not register, trying another image.
I20261008 08:55:19.951115  2934 incremental_pipeline.cc:580] Discarding reconstruction due to insufficient size
I20261008 08:55:19.956604  2934 incremental_pipeline.cc:300] Finding good initial image pair
I20261008 08:55:19.959199  2934 incremental_pipeline.cc:324] Registering initial image pair #151 and #160
I20261008 08:55:19.959928  2934 incremental_pipeline.cc:338] Global bundle adjustment
I20261008 08:55:19.977320  2934 incremental_pipeline.cc:580] Discarding reconstruction due to insufficient size
I20261008 08:55:19.983572  2934 incremental_pipeline.cc:300] Finding good initial image pair
I20261008 08:55:19.987866  2934 incremental_pipeline.cc:324] Registering initial image pair #149 and #154
I20261008 08:55:19.989338  2934 incremental_pipeline.cc:338] Global bundle adjustment
I20261008 08:55:20.014022  2934 incremental_pipeline.cc:428] Registering image #153 (num_reg_frames=2)
I20261008 08:55:20.015582  2934 incremental_pipeline.cc:431] => Image sees 33 / 840 points
I20261008 08:55:20.033082  2934 incremental_pipeline.cc:43] Retriangulation and Global bundle adjustment
I20261008 08:55:20.045220  2934 incremental_pipeline.cc:580] Discarding reconstruction due to insufficient size
I20261008 08:55:20.052335  2934 incremental_pipeline.cc:300] Finding good initial image pair
I20261008 08:55:20.056950  2934 incremental_pipeline.cc:324] Registering initial image pair #149 and #155
I20261008 08:55:20.057905  2934 incremental_pipeline.cc:338] Global bundle adjustment
I20261008 08:55:20.076385  2934 incremental_pipeline.cc:428] Registering image #156 (num_reg_frames=2)
I20261008 08:55:20.077711  2934 incremental_pipeline.cc:431] => Image sees 30 / 907 points
I20261008 08:55:20.078857  2934 incremental_pipeline.cc:442] => Could not register, trying another image.
I20261008 08:55:20.079867  2934 incremental_pipeline.cc:43] Retriangulation and Global bundle adjustment
I20261008 08:55:20.088999  2934 incremental_pipeline.cc:428] Registering image #156 (num_reg_frames=2)
I20261008 08:55:20.090104  2934 incremental_pipeline.cc:431] => Image sees 30 / 907 points
I20261008 08:55:20.091286  2934 incremental_pipeline.cc:442] => Could not register, trying another image.
I20261008 08:55:20.092456  2934 incremental_pipeline.cc:580] Discarding reconstruction due to insufficient size
I20261008 08:55:20.099242  2934 incremental_pipeline.cc:300] Finding good initial image pair
I20261008 08:55:20.118968  2934 incremental_pipeline.cc:324] Registering initial image pair #154 and #160
I20261008 08:55:20.120775  2934 incremental_pipeline.cc:338] Global bundle adjustment
I20261008 08:55:20.130434  2934 incremental_pipeline.cc:557] Discarding reconstruction due to bad initial pair
I20261008 08:55:20.137252  2934 incremental_pipeline.cc:300] Finding good initial image pair
I20261008 08:55:20.140502  2934 incremental_pipeline.cc:324] Registering initial image pair #153 and #155
I20261008 08:55:20.142036  2934 incremental_pipeline.cc:338] Global bundle adjustment
I20261008 08:55:20.170907  2934 incremental_pipeline.cc:428] Registering image #154 (num_reg_frames=2)
I20261008 08:55:20.172353  2934 incremental_pipeline.cc:431] => Image sees 57 / 813 points
I20261008 08:55:20.240355  2934 incremental_pipeline.cc:43] Retriangulation and Global bundle adjustment
I20261008 08:55:20.353226  2934 incremental_pipeline.cc:428] Registering image #156 (num_reg_frames=3)
I20261008 08:55:20.354944  2934 incremental_pipeline.cc:431] => Image sees 195 / 907 points
I20261008 08:55:20.458238  2934 incremental_pipeline.cc:43] Retriangulation and Global bundle adjustment
I20261008 08:55:20.536629  2934 incremental_pipeline.cc:428] Registering image #157 (num_reg_frames=4)
I20261008 08:55:20.538213  2934 incremental_pipeline.cc:431] => Image sees 267 / 810 points
I20261008 08:55:20.644012  2934 incremental_pipeline.cc:43] Retriangulation and Global bundle adjustment
I20261008 08:55:20.718026  2934 incremental_pipeline.cc:428] Registering image #152 (num_reg_frames=5)
I20261008 08:55:20.719357  2934 incremental_pipeline.cc:431] => Image sees 194 / 933 points
I20261008 08:55:20.900141  2934 incremental_pipeline.cc:43] Retriangulation and Global bundle adjustment
I20261008 08:55:20.982676  2934 incremental_pipeline.cc:428] Registering image #151 (num_reg_frames=6)
I20261008 08:55:20.984208  2934 incremental_pipeline.cc:431] => Image sees 280 / 892 points
I20261008 08:55:21.020108  2934 incremental_pipeline.cc:43] Retriangulation and Global bundle adjustment
I20261008 08:55:21.255170  2934 incremental_pipeline.cc:428] Registering image #149 (num_reg_frames=7)
I20261008 08:55:21.256551  2934 incremental_pipeline.cc:431] => Image sees 230 / 1059 points
I20261008 08:55:21.297456  2934 incremental_pipeline.cc:43] Retriangulation and Global bundle adjustment
I20261008 08:55:21.448920  2934 incremental_pipeline.cc:428] Registering image #150 (num_reg_frames=8)
I20261008 08:55:21.449973  2934 incremental_pipeline.cc:431] => Image sees 309 / 1081 points
I20261008 08:55:21.512318  2934 incremental_pipeline.cc:43] Retriangulation and Global bundle adjustment
I20261008 08:55:21.768219  2934 incremental_pipeline.cc:428] Registering image #160 (num_reg_frames=9)
I20261008 08:55:21.769708  2934 incremental_pipeline.cc:431] => Image sees 199 / 640 points
I20261008 08:55:21.810638  2934 incremental_pipeline.cc:43] Retriangulation and Global bundle adjustment
I20261008 08:55:21.933279  2934 incremental_pipeline.cc:428] Registering image #161 (num_reg_frames=10)
I20261008 08:55:21.934784  2934 incremental_pipeline.cc:431] => Image sees 147 / 944 points
I20261008 08:55:22.009696  2934 incremental_pipeline.cc:43] Retriangulation and Global bundle adjustment
I20261008 08:55:22.230099  2934 incremental_pipeline.cc:428] Registering image #163 (num_reg_frames=11)
I20261008 08:55:22.231619  2934 incremental_pipeline.cc:431] => Image sees 165 / 1066 points
I20261008 08:55:22.280485  2934 incremental_pipeline.cc:428] Registering image #178 (num_reg_frames=12)
I20261008 08:55:22.281859  2934 incremental_pipeline.cc:431] => Image sees 205 / 910 points
I20261008 08:55:22.333735  2934 incremental_pipeline.cc:43] Retriangulation and Global bundle adjustment
I20261008 08:55:22.549245  2934 incremental_pipeline.cc:428] Registering image #159 (num_reg_frames=13)
I20261008 08:55:22.550724  2934 incremental_pipeline.cc:431] => Image sees 157 / 970 points
I20261008 08:55:22.605791  2934 incremental_pipeline.cc:428] Registering image #162 (num_reg_frames=14)
I20261008 08:55:22.607372  2934 incremental_pipeline.cc:431] => Image sees 233 / 1044 points
I20261008 08:55:22.695429  2934 incremental_pipeline.cc:43] Retriangulation and Global bundle adjustment
I20261008 08:55:23.242172  2934 incremental_pipeline.cc:428] Registering image #164 (num_reg_frames=15)
I20261008 08:55:23.243706  2934 incremental_pipeline.cc:431] => Image sees 270 / 1000 points
I20261008 08:55:23.334070  2934 incremental_pipeline.cc:428] Registering image #167 (num_reg_frames=16)
I20261008 08:55:23.335536  2934 incremental_pipeline.cc:431] => Image sees 215 / 1143 points
I20261008 08:55:23.413743  2934 incremental_pipeline.cc:43] Retriangulation and Global bundle adjustment
I20261008 08:55:23.855074  2934 incremental_pipeline.cc:428] Registering image #166 (num_reg_frames=17)
I20261008 08:55:23.856590  2934 incremental_pipeline.cc:431] => Image sees 276 / 1157 points
I20261008 08:55:23.948508  2934 incremental_pipeline.cc:428] Registering image #165 (num_reg_frames=18)
I20261008 08:55:23.949103  2934 incremental_pipeline.cc:431] => Image sees 299 / 1056 points
I20261008 08:55:24.029624  2934 incremental_pipeline.cc:43] Retriangulation and Global bundle adjustment
I20261008 08:55:24.573865  2934 incremental_pipeline.cc:428] Registering image #168 (num_reg_frames=19)
I20261008 08:55:24.575330  2934 incremental_pipeline.cc:431] => Image sees 288 / 913 points
I20261008 08:55:24.684775  2934 incremental_pipeline.cc:428] Registering image #169 (num_reg_frames=20)
I20261008 08:55:24.686300  2934 incremental_pipeline.cc:431] => Image sees 249 / 836 points
I20261008 08:55:24.786691  2934 incremental_pipeline.cc:43] Retriangulation and Global bundle adjustment
I20261008 08:55:25.318725  2934 incremental_pipeline.cc:428] Registering image #170 (num_reg_frames=21)
I20261008 08:55:25.320186  2934 incremental_pipeline.cc:431] => Image sees 300 / 906 points
I20261008 08:55:25.418454  2934 incremental_pipeline.cc:428] Registering image #171 (num_reg_frames=22)
I20261008 08:55:25.419860  2934 incremental_pipeline.cc:431] => Image sees 285 / 792 points
I20261008 08:55:25.522706  2934 incremental_pipeline.cc:428] Registering image #172 (num_reg_frames=23)
I20261008 08:55:25.524108  2934 incremental_pipeline.cc:431] => Image sees 214 / 850 points
I20261008 08:55:25.573627  2934 incremental_pipeline.cc:43] Retriangulation and Global bundle adjustment
I20261008 08:55:26.475235  2934 incremental_pipeline.cc:428] Registering image #173 (num_reg_frames=24)
I20261008 08:55:26.476771  2934 incremental_pipeline.cc:431] => Image sees 261 / 1015 points
I20261008 08:55:26.572984  2934 incremental_pipeline.cc:428] Registering image #181 (num_reg_frames=25)
I20261008 08:55:26.574473  2934 incremental_pipeline.cc:431] => Image sees 210 / 931 points
I20261008 08:55:26.656141  2934 incremental_pipeline.cc:428] Registering image #158 (num_reg_frames=26)
I20261008 08:55:26.657680  2934 incremental_pipeline.cc:431] => Image sees 208 / 868 points
I20261008 08:55:26.711006  2934 incremental_pipeline.cc:43] Retriangulation and Global bundle adjustment
I20261008 08:55:27.431738  2934 incremental_pipeline.cc:428] Registering image #176 (num_reg_frames=27)
I20261008 08:55:27.432336  2934 incremental_pipeline.cc:431] => Image sees 223 / 785 points
I20261008 08:55:27.502182  2934 incremental_pipeline.cc:428] Registering image #177 (num_reg_frames=28)
I20261008 08:55:27.502836  2934 incremental_pipeline.cc:431] => Image sees 91 / 488 points
I20261008 08:55:27.547751  2934 incremental_pipeline.cc:428] Registering image #179 (num_reg_frames=29)
I20261008 08:55:27.548276  2934 incremental_pipeline.cc:431] => Image sees 109 / 412 points
I20261008 08:55:27.635885  2934 incremental_pipeline.cc:43] Retriangulation and Global bundle adjustment
I20261008 08:55:28.227813  2934 incremental_pipeline.cc:584] Keeping successful reconstruction
I20261008 08:55:28.235586  2934 timer.cc:91] Elapsed time: 1.993 [minutes]
models=5 using=0
+ colmap image_undistorter --image_path /home/kiranriya0990/hn3d_work/room/images --input_path /home/kiranriya0990/hn3d_work/room/colmap/sparse/0 --output_path /home/kiranriya0990/hn3d_work/room/dense --output_type COLMAP
I20261008 08:55:28.276270  3543 misc.cc:44] 
==============================================================================
Reading reconstruction
==============================================================================
I20261008 08:55:28.295241  3543 image.cc:361] => Reconstruction with 138 images and 17273 points
I20261008 08:55:28.296535  3543 misc.cc:44] 
==============================================================================
Image undistortion
==============================================================================
I20261008 08:55:28.301601  3543 undistortion.cc:197] Undistorting image [1/138]
I20261008 08:55:28.535629  3543 undistortion.cc:197] Undistorting image [2/138]
I20261008 08:55:28.544009  3543 undistortion.cc:197] Undistorting image [3/138]
I20261008 08:55:28.548249  3543 undistortion.cc:197] Undistorting image [4/138]
I20261008 08:55:28.548702  3543 undistortion.cc:197] Undistorting image [5/138]
I20261008 08:55:28.548981  3543 undistortion.cc:197] Undistorting image [6/138]
I20261008 08:55:28.595343  3543 undistortion.cc:197] Undistorting image [7/138]
I20261008 08:55:28.596385  3543 undistortion.cc:197] Undistorting image [8/138]
I20261008 08:55:28.596688  3543 undistortion.cc:197] Undistorting image [9/138]
I20261008 08:55:28.596935  3543 undistortion.cc:197] Undistorting image [10/138]
I20261008 08:55:28.597275  3543 undistortion.cc:197] Undistorting image [11/138]
I20261008 08:55:28.597559  3543 undistortion.cc:197] Undistorting image [12/138]
I20261008 08:55:28.597831  3543 undistortion.cc:197] Undistorting image [13/138]
I20261008 08:55:28.598737  3543 undistortion.cc:197] Undistorting image [14/138]
I20261008 08:55:28.599125  3543 undistortion.cc:197] Undistorting image [15/138]
I20261008 08:55:28.599576  3543 undistortion.cc:197] Undistorting image [16/138]
I20261008 08:55:28.599936  3543 undistortion.cc:197] Undistorting image [17/138]
I20261008 08:55:28.600320  3543 undistortion.cc:197] Undistorting image [18/138]
I20261008 08:55:28.605937  3543 undistortion.cc:197] Undistorting image [19/138]
I20261008 08:55:28.608532  3543 undistortion.cc:197] Undistorting image [20/138]
I20261008 08:55:28.608789  3543 undistortion.cc:197] Undistorting image [21/138]
I20261008 08:55:28.744963  3543 undistortion.cc:197] Undistorting image [22/138]
I20261008 08:55:28.750586  3543 undistortion.cc:197] Undistorting image [23/138]
I20261008 08:55:28.751514  3543 undistortion.cc:197] Undistorting image [24/138]
I20261008 08:55:28.752372  3543 undistortion.cc:197] Undistorting image [25/138]
I20261008 08:55:28.754076  3543 undistortion.cc:197] Undistorting image [26/138]
I20261008 08:55:28.755342  3543 undistortion.cc:197] Undistorting image [27/138]
I20261008 08:55:28.755621  3543 undistortion.cc:197] Undistorting image [28/138]
I20261008 08:55:28.761837  3543 undistortion.cc:197] Undistorting image [29/138]
I20261008 08:55:28.775820  3543 undistortion.cc:197] Undistorting image [30/138]
I20261008 08:55:28.776676  3543 undistortion.cc:197] Undistorting image [31/138]
I20261008 08:55:28.777016  3543 undistortion.cc:197] Undistorting image [32/138]
I20261008 08:55:28.777280  3543 undistortion.cc:197] Undistorting image [33/138]
I20261008 08:55:28.777509  3543 undistortion.cc:197] Undistorting image [34/138]
I20261008 08:55:28.985050  3543 undistortion.cc:197] Undistorting image [35/138]
I20261008 08:55:28.985877  3543 undistortion.cc:197] Undistorting image [36/138]
I20261008 08:55:28.988197  3543 undistortion.cc:197] Undistorting image [37/138]
I20261008 08:55:28.988530  3543 undistortion.cc:197] Undistorting image [38/138]
I20261008 08:55:28.988758  3543 undistortion.cc:197] Undistorting image [39/138]
I20261008 08:55:28.988996  3543 undistortion.cc:197] Undistorting image [40/138]
I20261008 08:55:28.989204  3543 undistortion.cc:197] Undistorting image [41/138]
I20261008 08:55:28.989727  3543 undistortion.cc:197] Undistorting image [42/138]
I20261008 08:55:28.990067  3543 undistortion.cc:197] Undistorting image [43/138]
I20261008 08:55:28.990329  3543 undistortion.cc:197] Undistorting image [44/138]
I20261008 08:55:28.990808  3543 undistortion.cc:197] Undistorting image [45/138]
I20261008 08:55:28.991318  3543 undistortion.cc:197] Undistorting image [46/138]
I20261008 08:55:28.991676  3543 undistortion.cc:197] Undistorting image [47/138]
I20261008 08:55:28.991984  3543 undistortion.cc:197] Undistorting image [48/138]
I20261008 08:55:28.992213  3543 undistortion.cc:197] Undistorting image [49/138]
I20261008 08:55:28.992416  3543 undistortion.cc:197] Undistorting image [50/138]
I20261008 08:55:28.992625  3543 undistortion.cc:197] Undistorting image [51/138]
I20261008 08:55:28.992849  3543 undistortion.cc:197] Undistorting image [52/138]
I20261008 08:55:28.993065  3543 undistortion.cc:197] Undistorting image [53/138]
I20261008 08:55:28.993372  3543 undistortion.cc:197] Undistorting image [54/138]
I20261008 08:55:28.993726  3543 undistortion.cc:197] Undistorting image [55/138]
I20261008 08:55:28.994100  3543 undistortion.cc:197] Undistorting image [56/138]
I20261008 08:55:28.994349  3543 undistortion.cc:197] Undistorting image [57/138]
I20261008 08:55:29.000087  3543 undistortion.cc:197] Undistorting image [58/138]
I20261008 08:55:29.070355  3543 undistortion.cc:197] Undistorting image [59/138]
I20261008 08:55:29.151252  3543 undistortion.cc:197] Undistorting image [60/138]
I20261008 08:55:29.153734  3543 undistortion.cc:197] Undistorting image [61/138]
I20261008 08:55:29.156167  3543 undistortion.cc:197] Undistorting image [62/138]
I20261008 08:55:29.172878  3543 undistortion.cc:197] Undistorting image [63/138]
I20261008 08:55:29.174124  3543 undistortion.cc:197] Undistorting image [64/138]
I20261008 08:55:29.175084  3543 undistortion.cc:197] Undistorting image [65/138]
I20261008 08:55:29.175578  3543 undistortion.cc:197] Undistorting image [66/138]
I20261008 08:55:29.210000  3543 undistortion.cc:197] Undistorting image [67/138]
I20261008 08:55:29.210779  3543 undistortion.cc:197] Undistorting image [68/138]
I20261008 08:55:29.211171  3543 undistortion.cc:197] Undistorting image [69/138]
I20261008 08:55:29.211475  3543 undistortion.cc:197] Undistorting image [70/138]
I20261008 08:55:29.405741  3543 undistortion.cc:197] Undistorting image [71/138]
I20261008 08:55:29.406944  3543 undistortion.cc:197] Undistorting image [72/138]
I20261008 08:55:29.407366  3543 undistortion.cc:197] Undistorting image [73/138]
I20261008 08:55:29.409142  3543 undistortion.cc:197] Undistorting image [74/138]
I20261008 08:55:29.412365  3543 undistortion.cc:197] Undistorting image [75/138]
I20261008 08:55:29.412858  3543 undistortion.cc:197] Undistorting image [76/138]
I20261008 08:55:29.413228  3543 undistortion.cc:197] Undistorting image [77/138]
I20261008 08:55:29.413468  3543 undistortion.cc:197] Undistorting image [78/138]
I20261008 08:55:29.413705  3543 undistortion.cc:197] Undistorting image [79/138]
I20261008 08:55:29.413960  3543 undistortion.cc:197] Undistorting image [80/138]
I20261008 08:55:29.414187  3543 undistortion.cc:197] Undistorting image [81/138]
I20261008 08:55:29.414386  3543 undistortion.cc:197] Undistorting image [82/138]
I20261008 08:55:29.496229  3543 undistortion.cc:197] Undistorting image [83/138]
I20261008 08:55:29.496959  3543 undistortion.cc:197] Undistorting image [84/138]
I20261008 08:55:29.497303  3543 undistortion.cc:197] Undistorting image [85/138]
I20261008 08:55:29.497521  3543 undistortion.cc:197] Undistorting image [86/138]
I20261008 08:55:29.497840  3543 undistortion.cc:197] Undistorting image [87/138]
I20261008 08:55:29.498116  3543 undistortion.cc:197] Undistorting image [88/138]
I20261008 08:55:29.498345  3543 undistortion.cc:197] Undistorting image [89/138]
I20261008 08:55:29.498569  3543 undistortion.cc:197] Undistorting image [90/138]
I20261008 08:55:29.498806  3543 undistortion.cc:197] Undistorting image [91/138]
I20261008 08:55:29.499081  3543 undistortion.cc:197] Undistorting image [92/138]
I20261008 08:55:29.499331  3543 undistortion.cc:197] Undistorting image [93/138]
I20261008 08:55:29.499531  3543 undistortion.cc:197] Undistorting image [94/138]
I20261008 08:55:29.500142  3543 undistortion.cc:197] Undistorting image [95/138]
I20261008 08:55:29.500852  3543 undistortion.cc:197] Undistorting image [96/138]
I20261008 08:55:29.501183  3543 undistortion.cc:197] Undistorting image [97/138]
I20261008 08:55:29.508132  3543 undistortion.cc:197] Undistorting image [98/138]
I20261008 08:55:29.555614  3543 undistortion.cc:197] Undistorting image [99/138]
I20261008 08:55:29.570513  3543 undistortion.cc:197] Undistorting image [100/138]
I20261008 08:55:29.571197  3543 undistortion.cc:197] Undistorting image [101/138]
I20261008 08:55:29.598618  3543 undistortion.cc:197] Undistorting image [102/138]
I20261008 08:55:29.599917  3543 undistortion.cc:197] Undistorting image [103/138]
I20261008 08:55:29.639014  3543 undistortion.cc:197] Undistorting image [104/138]
I20261008 08:55:29.640089  3543 undistortion.cc:197] Undistorting image [105/138]
I20261008 08:55:29.815769  3543 undistortion.cc:197] Undistorting image [106/138]
I20261008 08:55:29.816676  3543 undistortion.cc:197] Undistorting image [107/138]
I20261008 08:55:29.817454  3543 undistortion.cc:197] Undistorting image [108/138]
I20261008 08:55:29.818027  3543 undistortion.cc:197] Undistorting image [109/138]
I20261008 08:55:29.818449  3543 undistortion.cc:197] Undistorting image [110/138]
I20261008 08:55:29.818938  3543 undistortion.cc:197] Undistorting image [111/138]
I20261008 08:55:29.819387  3543 undistortion.cc:197] Undistorting image [112/138]
I20261008 08:55:29.819666  3543 undistortion.cc:197] Undistorting image [113/138]
I20261008 08:55:29.819890  3543 undistortion.cc:197] Undistorting image [114/138]
I20261008 08:55:29.820312  3543 undistortion.cc:197] Undistorting image [115/138]
I20261008 08:55:29.820858  3543 undistortion.cc:197] Undistorting image [116/138]
I20261008 08:55:29.821228  3543 undistortion.cc:197] Undistorting image [117/138]
I20261008 08:55:29.821513  3543 undistortion.cc:197] Undistorting image [118/138]
I20261008 08:55:29.821712  3543 undistortion.cc:197] Undistorting image [119/138]
I20261008 08:55:29.822100  3543 undistortion.cc:197] Undistorting image [120/138]
I20261008 08:55:29.878413  3543 undistortion.cc:197] Undistorting image [121/138]
I20261008 08:55:29.879168  3543 undistortion.cc:197] Undistorting image [122/138]
I20261008 08:55:29.879575  3543 undistortion.cc:197] Undistorting image [123/138]
I20261008 08:55:29.879799  3543 undistortion.cc:197] Undistorting image [124/138]
I20261008 08:55:29.880118  3543 undistortion.cc:197] Undistorting image [125/138]
I20261008 08:55:29.880393  3543 undistortion.cc:197] Undistorting image [126/138]
I20261008 08:55:29.880604  3543 undistortion.cc:197] Undistorting image [127/138]
I20261008 08:55:29.880811  3543 undistortion.cc:197] Undistorting image [128/138]
I20261008 08:55:29.881002  3543 undistortion.cc:197] Undistorting image [129/138]
I20261008 08:55:29.894728  3543 undistortion.cc:197] Undistorting image [130/138]
I20261008 08:55:29.895599  3543 undistortion.cc:197] Undistorting image [131/138]
I20261008 08:55:29.896030  3543 undistortion.cc:197] Undistorting image [132/138]
I20261008 08:55:29.896651  3543 undistortion.cc:197] Undistorting image [133/138]
I20261008 08:55:29.896934  3543 undistortion.cc:197] Undistorting image [134/138]
I20261008 08:55:29.910687  3543 undistortion.cc:197] Undistorting image [135/138]
I20261008 08:55:29.911782  3543 undistortion.cc:197] Undistorting image [136/138]
I20261008 08:55:29.925239  3543 undistortion.cc:197] Undistorting image [137/138]
I20261008 08:55:29.947201  3543 undistortion.cc:197] Undistorting image [138/138]
I20261008 08:55:29.966958  3543 undistortion.cc:207] Writing reconstruction...
I20261008 08:55:30.025147  3543 undistortion.cc:212] Writing configuration...
I20261008 08:55:30.026557  3543 undistortion.cc:216] Writing scripts...
I20261008 08:55:30.027901  3543 timer.cc:91] Elapsed time: 0.029 [minutes]
+ colmap model_analyzer --path /home/kiranriya0990/hn3d_work/room/dense/sparse
I20261008 08:55:30.070822  3564 model.cc:444] Rigs: 1
I20261008 08:55:30.071902  3564 model.cc:445] Cameras: 1
I20261008 08:55:30.072901  3564 model.cc:446] Frames: 138
I20261008 08:55:30.073740  3564 model.cc:447] Registered frames: 138
I20261008 08:55:30.074584  3564 model.cc:449] Images: 138
I20261008 08:55:30.075035  3564 model.cc:450] Registered images: 138
I20261008 08:55:30.075330  3564 model.cc:452] Points: 17273
I20261008 08:55:30.075614  3564 model.cc:453] Observations: 121574
I20261008 08:55:30.075904  3564 model.cc:455] Mean track length: 7.038384
I20261008 08:55:30.076337  3564 model.cc:457] Mean observations per image: 880.971014
I20261008 08:55:30.076714  3564 model.cc:460] Mean reprojection error: 0.865602px
EXIT=0
